111.44,395.45,1089.9,339.72,100.19,33.678,26.608,24.699,22.942,12.113,13.482,21.03,19.517,15.427,10.352,37.59,73.694,85.343,17.338,20.195,9.9088
81.77,1341.6,543.61,366.83,95.179,34.241,44.309,30.176,36.543,18.802,17.958,39.089,27.322,19.03,17.053,68.337,124.77,180.36,29.211,31.038,18.887
46.336,354.55,79.337,81.385,31.984,30.017,35.918,28.468,18.9,12.014,14.465,27.14,20.987,9.9042,9.6002,42.656,68.146,82.067,20.313,20.456,12.646
36.435,150.11,35.065,24.899,15.526,22.283,24.376,17.569,9.9747,8.7699,12.269,22.969,11.66,6.0703,5.058,25.185,38.203,30.191,11.147,12.053,8.011
23.89,56.75,23.986,14.792,11.984,16.966,21.345,14.711,6.1516,4.5371,10.762,18.142,9.4557,4.891,3.841,14.92,22.677,16.732,8.9266,9.5568,4.55
15.077,29.646,15.234,10.098,9.1842,14.228,19.55,12.805,4.2726,3.6307,10.558,18.799,9.9584,3.1517,2.9699,9.7461,16.911,11.057,5.6082,7.0456,4.0048
8.4183,17.836,9.1896,6.8741,6.0009,10.226,16.451,9.2665,3.1244,2.5874,8.1658,13.691,7.3274,2.4652,2.3689,7.213,12.172,7.0462,3.7173,4.6462,3.3447
6.6005,11.99,7.78,5.0216,4.4669,6.6523,11.046,6.8073,1.8627,1.8619,5.4776,9.4142,6.193,1.7636,1.9078,5.098,8.6327,5.7923,3.1404,3.9914,2.7193
6.2557,8.3625,7.0538,4.1149,3.7426,6.3434,9.0894,5.5219,1.6822,1.553,4.0742,7.2537,4.6748,1.5899,1.5532,4.2724,7.4945,4.5235,3.1821,3.7457,2.3758
7.1005,9.6117,5.7363,4.8217,3.4922,6.7137,7.4319,4.9804,1.947,1.3438,4.0134,7.1784,3.7983,1.5192,1.9694,4.202,7.048,4.6971,2.84,3.8359,3.0419
4.7644,5.6698,5.3265,3.0001,3.0336,4.4413,6.5641,4.4515,1.064,1.194,2.9943,5.5721,3.3313,1.3674,1.0954,3.1935,5.2634,3.1429,2.435,2.8593,1.9726
4.5539,5.2621,4.4582,3.1516,2.788,4.8885,6.8427,4.4783,1.1682,1.1215,3.3198,6.0373,3.2711,1.2992,1.2281,3.4985,5.8766,3.0814,2.4516,2.9855,2.1944
5.5112,6.6241,5.3863,3.7685,3.4836,6.1373,8.8201,5.4317,1.5933,1.54,3.9086,6.5242,4.4541,1.2444,1.8046,4.3604,6.9918,4.1557,2.8209,3.4062,3.0529
4.6303,4.8247,4.6742,3.2166,2.9741,5.6816,9.17,5.3349,1.0035,1.0014,3.5986,6.2049,3.7115,1.0818,1.1176,3.4982,5.3292,3.1979,2.6074,3.0355,2.129
4.8568,5.268,4.502,2.8268,2.8363,5.9641,8.2864,5.2749,0.91484,1.0071,3.5654,5.8493,3.5379,1.066,1.2008,3.2062,5.0405,2.8864,2.2346,2.7248,2.0949
5.2362,5.6087,4.26,3.0017,2.6733,5.9828,6.6561,4.4407,1.0611,1.12,3.4722,5.3677,3.1662,1.1056,1.1189,3.2452,4.9229,2.9263,2.3957,2.818,2.1603
4.6152,4.6949,3.9287,2.9488,2.6281,5.6613,7.177,4.8086,0.91201,0.94585,3.1436,4.6121,3.2471,0.94083,0.91936,2.6382,4.431,2.479,2.0003,2.4211,1.6166
3.9166,4.2065,3.8028,2.4995,2.453,4.5131,6.1531,4.2426,0.87459,0.90679,2.556,4.3786,2.9393,0.9255,0.95347,2.7923,4.2306,2.457,1.7594,2.2215,1.4877
3.8752,4.05,4.2083,2.6382,2.8183,4.4927,6.4642,4.4544,1.0105,1.0132,2.8278,4.5755,3.1537,1.0776,1.2388,3.1295,4.1862,2.8177,2.1868,2.8755,1.9049
3.1988,3.5141,3.0079,2.171,2.3046,3.5299,4.864,3.0494,0.93256,0.87284,2.6341,3.8286,2.4672,1.0103,1.0782,2.9473,4.0979,2.6993,1.9002,2.602,1.8746
2.976,3.3387,3.3691,2.0102,2.6798,3.2309,5.0994,3.5699,0.78395,1.0235,2.4755,3.7609,2.8616,1.1181,1.1699,2.8062,4.4376,2.9088,2.1405,2.6154,2.045
3.4574,3.869,3.7923,2.1461,3.0505,3.627,5.3454,3.8759,0.94384,1.1007,2.823,4.554,3.1159,1.3354,1.2693,3.5559,5.2526,3.0626,2.692,3.5126,2.3452
3.7053,4.2965,3.4623,2.1298,2.3846,3.3304,4.7171,3.2117,1.3461,1.3164,3.3099,4.5938,3.157,2.3435,1.8684,5.894,6.6157,4.2379,4.1089,4.6423,2.7314
5.6989,6.4643,4.5733,2.7287,2.7275,4.9247,5.4266,3.796,1.3744,1.3233,5.3979,6.7277,5.0515,4.7777,4.0793,12.476,14.864,10.63,7.6025,8.5907,6.7023
4.4623,4.7748,4.0207,2.3221,2.1779,3.8364,4.7118,3.1455,1.1669,1.0896,4.8714,5.5541,3.772,4.222,3.2662,11.154,13.101,8.3352,6.9049,8.0015,5.7612
3.6,3.9288,3.3789,2.027,2.1974,3.4847,4.6382,3.1324,0.8335,0.92114,3.1343,4.1969,2.777,2.3976,1.7655,6.4019,7.2731,4.7389,4.2999,5.1351,3.2791
3.169,3.4249,2.7026,1.8474,1.7201,3.0811,3.8208,2.4658,0.66005,0.70033,2.2551,3.2034,1.961,1.4585,1.095,3.9006,4.3189,2.888,2.9746,3.4251,1.9934
2.49,2.7165,2.1547,1.4993,1.568,2.6457,3.1727,2.0452,0.67997,0.68658,2.1444,3.2359,1.6523,1.1011,0.87534,3.2602,3.4861,2.1569,2.4059,2.7438,1.5126
2.6492,2.8997,2.2092,1.53,1.5103,2.7991,3.4365,2.3227,0.56329,0.62196,1.9471,3.2078,1.8162,0.80356,0.78346,2.4827,3.0699,1.8662,1.7572,2.1355,1.3219
2.0331,2.3147,1.928,1.2863,1.4977,2.2975,2.8846,2.0583,0.40754,0.50512,1.5278,2.6685,1.4538,0.717,0.56423,1.9578,2.096,1.371,1.4674,1.8656,0.96985
1.8999,1.8703,1.6926,1.3092,1.3502,2.0215,2.5446,1.8414,0.45115,0.5009,1.4935,2.3453,1.482,0.55673,0.55203,1.5192,1.78,1.2798,1.2053,1.498,0.8732
1.9466,2.0212,1.7402,1.3565,1.2622,1.9109,2.2945,1.6741,0.47142,0.49992,1.4427,2.1295,1.3015,0.51904,0.55059,1.5427,1.8607,1.2006,1.1141,1.375,0.82359
1.3799,1.4588,1.386,1.0295,1.0113,1.5868,2.1807,1.4092,0.36984,0.36611,1.3026,1.9304,1.2002,0.50988,0.49231,1.4506,1.8249,1.191,0.97137,1.1869,0.78957
1.516,1.5938,1.3929,1.1753,1.0503,1.7842,2.3625,1.5685,0.42517,0.43748,1.4597,2.0953,1.3238,0.46307,0.52099,1.3572,1.8444,1.2514,0.891,1.1126,0.80078
1.4403,1.5825,1.1812,1.0944,0.93178,1.7701,2.2212,1.3259,0.39965,0.373,1.3952,2.164,1.1799,0.43635,0.49863,1.2804,1.6143,1.142,0.86082,1.096,0.75644
1.4288,1.49,1.348,1.0583,0.9873,1.6461,2.1136,1.4562,0.38958,0.40459,1.2579,1.8046,1.2845,0.37984,0.53458,1.1241,1.8826,1.2545,0.71947,0.93205,0.76161
1.3027,1.3729,1.192,0.9976,0.95602,1.5132,1.9588,1.3279,0.34877,0.41105,1.2693,1.8631,1.1089,0.35561,0.46924,1.2098,1.5715,1.0249,0.73368,0.98909,0.67107
1.3148,1.2973,1.1892,0.99721,0.86867,1.5142,1.8717,1.3186,0.35719,0.40418,1.1895,1.6369,1.0727,0.345,0.44598,1.0912,1.4476,1.005,0.71659,0.96949,0.64478
1.2512,1.2435,1.0942,1.0111,0.86777,1.4839,1.782,1.2783,0.37565,0.35812,1.1742,1.6196,0.939,0.33706,0.35943,1.0801,1.2445,0.82612,0.65571,0.89554,0.5491
0.98283,1.0536,0.99022,0.86041,0.77396,1.1921,1.5956,1.1744,0.32641,0.34578,0.99901,1.4821,0.97666,0.29634,0.34248,0.9384,1.107,0.77526,0.53703,0.73953,0.47755
1.0182,1.0523,0.95133,0.78626,0.83718,1.1667,1.7459,1.1836,0.31858,0.36572,0.93839,1.462,1.0771,0.27123,0.33476,0.8656,1.1287,0.82034,0.49316,0.72908,0.5058
1.0647,0.968,0.99429,0.87701,0.78414,1.3289,1.9681,1.2927,0.31485,0.33951,0.94864,1.4485,1.0137,0.26738,0.33119,0.76776,1.0162,0.77701,0.50026,0.65433,0.46633
0.95859,0.95917,0.89886,0.85912,0.7166,1.3187,1.7426,1.0662,0.29845,0.33626,0.91956,1.4135,0.93663,0.24758,0.30413,0.75484,1.0632,0.72239,0.43614,0.62819,0.43188
0.93359,0.92642,0.82785,0.76723,0.65731,1.2012,1.511,1.0107,0.26744,0.26778,0.95369,1.6146,0.82446,0.24762,0.28314,0.74679,0.89165,0.65777,0.4438,0.64799,0.38358
0.92428,0.9569,0.88796,0.77826,0.72117,1.1356,1.5597,1.0227,0.25401,0.32439,0.86499,1.3,0.86295,0.23566,0.29667,0.73362,1.0541,0.67364,0.42081,0.55621,0.42236
0.82388,0.90649,0.7838,0.75415,0.63153,0.99164,1.4839,0.97281,0.23758,0.2933,0.84943,1.3069,0.91463,0.23406,0.2894,0.69805,1.0684,0.74251,0.45806,0.55581,0.4166
0.85346,0.85744,0.77634,0.77001,0.61059,1.1123,1.6478,1.0352,0.2416,0.28822,0.93767,1.422,0.95951,0.20838,0.29283,0.6508,1.0317,0.68893,0.36236,0.51506,0.39771
0.88022,0.86526,0.71072,0.90321,0.69843,1.0452,1.4263,0.94113,0.27325,0.26597,0.91462,1.3492,0.84111,0.22567,0.24696,0.66083,0.90564,0.56111,0.38093,0.49332,0.34665
0.7716,0.78119,0.65987,0.77262,0.55336,1.009,1.3885,0.82439,0.26905,0.24221,0.91057,1.279,0.73302,0.208,0.26709,0.64803,0.85838,0.58428,0.35178,0.51762,0.38019
0.85262,0.80319,0.66176,0.83304,0.54903,1.0587,1.1877,0.7955,0.24345,0.20072,0.7945,1.2007,0.71017,0.18621,0.27118,0.60716,0.87242,0.60667,0.33292,0.45722,0.3942
0.76224,0.77616,0.59345,0.75863,0.52916,0.89671,1.1663,0.77732,0.23838,0.22895,0.75911,1.0706,0.65904,0.18811,0.24703,0.57423,0.75108,0.50342,0.3145,0.43817,0.36917
0.8063,0.76103,0.67424,0.70927,0.52181,0.84651,1.0882,0.6817,0.24542,0.22622,0.66382,0.9978,0.6089,0.17471,0.2448,0.52384,0.79776,0.49158,0.33907,0.41891,0.33788
0.72359,0.7508,0.62297,0.70156,0.40742,0.86101,1.145,0.65794,0.2179,0.18415,0.63421,1.0582,0.64812,0.16847,0.2322,0.54416,0.7827,0.52184,0.32654,0.42759,0.31605
0.6131,0.58317,0.5524,0.60034,0.42857,0.66425,1.0166,0.6236,0.19315,0.18269,0.56791,0.8829,0.57918,0.14876,0.2391,0.49636,0.79586,0.49832,0.27482,0.39727,0.32724
0.71561,0.68677,0.60423,0.67371,0.42687,0.79314,1.0177,0.64875,0.19815,0.20093,0.66271,0.95036,0.54733,0.16233,0.22078,0.47143,0.68733,0.43749,0.30921,0.39361,0.32024
0.66884,0.56508,0.49474,0.58554,0.34606,0.59922,0.75992,0.49944,0.21155,0.15725,0.47636,0.74156,0.43886,0.15397,0.17849,0.42167,0.58081,0.4205,0.24116,0.33998,0.25474
0.60239,0.56664,0.52035,0.55494,0.31534,0.57575,0.75144,0.5062,0.18962,0.16833,0.40501,0.71874,0.44991,0.14643,0.18472,0.41115,0.56651,0.36806,0.28568,0.38227,0.25296
0.66234,0.61341,0.52103,0.55874,0.34746,0.63507,0.73007,0.51288,0.19194,0.1646,0.39406,0.70965,0.41395,0.14502,0.20971,0.37068,0.59845,0.3681,0.24565,0.35077,0.27345
0.55424,0.51645,0.40219,0.43329,0.23917,0.52856,0.58829,0.38817,0.14029,0.13768,0.41859,0.6851,0.36236,0.12648,0.15368,0.3693,0.50989,0.34158,0.23473,0.3086,0.21994
0.51513,0.50908,0.42828,0.46467,0.29796,0.46586,0.65414,0.44353,0.15604,0.134,0.32131,0.56891,0.33183,0.12423,0.15706,0.34735,0.47188,0.33788,0.19805,0.28951,0.21399
0.48554,0.48727,0.38483,0.44735,0.24551,0.4666,0.51371,0.33102,0.16409,0.14286,0.37899,0.5525,0.28475,0.11367,0.1631,0.32524,0.44339,0.3113,0.1895,0.26499,0.22235
0.52698,0.49684,0.36447,0.43588,0.24842,0.48091,0.4854,0.3521,0.13818,0.13967,0.30941,0.51593,0.32309,0.096749,0.1449,0.3022,0.41732,0.29678,0.16734,0.24611,0.19163
0.44331,0.39719,0.34233,0.38243,0.22439,0.40514,0.44287,0.34289,0.13351,0.12929,0.27338,0.46299,0.3087,0.10521,0.14007,0.28034,0.3983,0.25631,0.18461,0.21355,0.18309
0.38726,0.38052,0.31354,0.3164,0.19381,0.37083,0.40425,0.26872,0.11752,0.11015,0.27375,0.41307,0.26584,0.098073,0.13922,0.2818,0.35527,0.24878,0.17459,0.24073,0.1714
0.42823,0.36955,0.32226,0.35427,0.20194,0.38029,0.42552,0.27371,0.129,0.13085,0.23724,0.42825,0.27843,0.090023,0.13115,0.24994,0.40552,0.24415,0.14659,0.20306,0.17105
0.41586,0.39379,0.32676,0.35376,0.20423,0.3895,0.38491,0.31021,0.14528,0.11233,0.23552,0.38386,0.22666,0.092549,0.1108,0.25773,0.33382,0.20195,0.1427,0.18091,0.15802
0.39224,0.36499,0.33451,0.34924,0.2066,0.36884,0.36162,0.29274,0.15062,0.11349,0.24814,0.37917,0.22892,0.082606,0.11954,0.24296,0.35358,0.22216,0.13908,0.18651,0.16142
0.36379,0.34566,0.30217,0.30085,0.1905,0.30752,0.34234,0.26069,0.13415,0.099025,0.18822,0.31497,0.21566,0.079953,0.10443,0.23094,0.34888,0.21997,0.13273,0.1743,0.14879
0.40769,0.36197,0.29504,0.29522,0.16044,0.33874,0.35081,0.2455,0.1249,0.10295,0.1992,0.33614,0.19842,0.072991,0.11795,0.21935,0.31357,0.19301,0.1318,0.16424,0.15505
0.34028,0.34049,0.26358,0.2999,0.15046,0.31782,0.32846,0.24744,0.13932,0.12145,0.20371,0.31169,0.19125,0.074423,0.11573,0.22692,0.2816,0.20068,0.12376,0.16976,0.14535
0.33465,0.28882,0.27498,0.30989,0.16165,0.29687,0.31363,0.22996,0.13392,0.12488,0.18499,0.29098,0.19031,0.071851,0.11163,0.21583,0.2724,0.20178,0.11966,0.16974,0.14296
0.37786,0.31152,0.30024,0.2987,0.17288,0.29235,0.3448,0.25161,0.11701,0.1134,0.16627,0.27494,0.22556,0.072537,0.11815,0.18891,0.29828,0.20769,0.10723,0.14771,0.14011
0.35864,0.29717,0.31422,0.27792,0.17854,0.29429,0.38579,0.28367,0.10272,0.11278,0.18816,0.29627,0.19789,0.071582,0.10529,0.17302,0.25766,0.17631,0.12177,0.15188,0.11514
0.39764,0.35541,0.29066,0.30881,0.15439,0.35755,0.32448,0.2553,0.11359,0.095424,0.17999,0.27363,0.16925,0.063816,0.088652,0.1857,0.25275,0.15057,0.10877,0.14969,0.093486
0.36789,0.33392,0.30233,0.26686,0.16884,0.315,0.34898,0.25584,0.11243,0.10886,0.15921,0.25334,0.1668,0.066049,0.095276,0.17839,0.25309,0.13696,0.096765,0.13528,0.10079
0.33165,0.29505,0.25768,0.26186,0.15701,0.30079,0.32754,0.24583,0.09681,0.098338,0.15555,0.26489,0.15506,0.059807,0.087538,0.16126,0.21113,0.13923,0.08929,0.12881,0.10084
0.3371,0.29552,0.27491,0.26202,0.14975,0.30222,0.32864,0.23926,0.092358,0.094114,0.1448,0.22504,0.16266,0.05946,0.083729,0.15852,0.19466,0.13565,0.103,0.12766,0.088681
0.32825,0.3145,0.30877,0.27441,0.16411,0.32292,0.35395,0.29728,0.10039,0.084345,0.13745,0.24308,0.1602,0.058878,0.09092,0.15031,0.22578,0.13206,0.085879,0.12176,0.094491
0.33854,0.30581,0.309,0.24014,0.16531,0.3257,0.38018,0.29169,0.082639,0.082888,0.13154,0.20709,0.14893,0.049598,0.089315,0.14177,0.18951,0.12388,0.078893,0.1055,0.08959
0.41601,0.35722,0.36936,0.30191,0.1912,0.40162,0.43447,0.35505,0.09985,0.09553,0.14904,0.22807,0.17831,0.050039,0.076682,0.147,0.19471,0.12353,0.075082,0.10893,0.085076
0.46112,0.39542,0.38672,0.30229,0.19947,0.43829,0.46541,0.36845,0.094255,0.09171,0.15088,0.23343,0.17495,0.0522,0.075504,0.13128,0.16507,0.12413,0.075932,0.091925,0.089463
0.53051,0.45611,0.41205,0.32942,0.2111,0.49118,0.49519,0.39361,0.094633,0.086319,0.16135,0.24459,0.16361,0.046765,0.066731,0.13183,0.16848,0.1118,0.0737,0.10223,0.073848
0.4224,0.39201,0.4023,0.29099,0.1977,0.4787,0.53056,0.43169,0.080899,0.09833,0.14444,0.24738,0.17642,0.042334,0.067266,0.12864,0.16277,0.10691,0.066879,0.097692,0.066787
0.49815,0.45032,0.45602,0.33805,0.2036,0.57869,0.64455,0.4746,0.085527,0.086788,0.15245,0.26646,0.17773,0.042081,0.061265,0.10971,0.15017,0.10873,0.061599,0.092267,0.069125
0.50916,0.44898,0.40912,0.35977,0.20203,0.59618,0.58143,0.43345,0.10861,0.098607,0.18045,0.29493,0.1813,0.045863,0.062654,0.12429,0.13958,0.10574,0.072168,0.081553,0.065839
0.55922,0.51272,0.48299,0.35645,0.2195,0.6858,0.75467,0.53415,0.094501,0.096217,0.21035,0.31552,0.21358,0.046983,0.054237,0.13393,0.15249,0.099295,0.062255,0.076594,0.058352
0.5047,0.41824,0.43687,0.3525,0.20034,0.63342,0.75047,0.5247,0.082766,0.096191,0.19217,0.31374,0.20492,0.044023,0.061116,0.12085,0.15271,0.10101,0.067805,0.083754,0.0661
0.41912,0.36997,0.3583,0.2857,0.17882,0.56184,0.7185,0.47825,0.077958,0.080212,0.19127,0.32391,0.20954,0.042906,0.055743,0.11894,0.15635,0.09607,0.064689,0.074055,0.058768
0.37774,0.34212,0.30918,0.29288,0.17481,0.50659,0.66641,0.42526,0.071208,0.076932,0.16859,0.30518,0.21269,0.04026,0.046973,0.10729,0.14,0.10032,0.057028,0.070844,0.054154
0.30989,0.26742,0.27157,0.25236,0.14427,0.44771,0.61805,0.38843,0.07812,0.069552,0.18474,0.3193,0.19519,0.044122,0.048942,0.11207,0.13959,0.096442,0.060737,0.07761,0.049036
0.24038,0.2011,0.22213,0.21047,0.12955,0.34293,0.45004,0.29214,0.06031,0.075113,0.14096,0.21787,0.15333,0.037358,0.042665,0.089508,0.11372,0.086792,0.046029,0.058783,0.04359
0.22327,0.19511,0.20324,0.16765,0.12211,0.30206,0.44864,0.28134,0.055199,0.066222,0.14262,0.24803,0.1543,0.034731,0.043842,0.092241,0.11923,0.076752,0.045802,0.065508,0.04094
0.14927,0.12769,0.12212,0.13092,0.080118,0.2101,0.3083,0.19704,0.036634,0.046274,0.10392,0.17613,0.11024,0.023016,0.02935,0.060069,0.082976,0.055971,0.030834,0.038542,0.028148
0.0001357,0.000101,0.000113,6.7191e-05,5.8507e-05,0.00017168,0.00026631,0.00015439,4.3747e-05,5.9384e-05,9.5529e-05,0.00013969,9.1569e-05,1.8555e-05,3.5677e-05,7.2792e-05,0.00011079,4.5209e-05,3.5362e-05,2.8666e-05,2.6399e-05
3.6038e-05,2.7349e-05,9.8185e-06,4.3029e-06,1.0855e-05,6.7801e-06,4.7952e-06,7.9436e-06,3.9449e-06,3.6544e-06,2.0982e-06,5.5486e-06,5.9956e-06,3.3538e-06,3.6221e-07,2.5563e-05,2.4606e-05,4.2328e-06,1.4498e-05,3.7661e-06,1.8961e-06
3.5767e-05,2.8785e-05,6.7062e-06,6.4134e-06,1.1031e-05,8.0565e-06,3.3711e-06,6.9733e-06,3.2847e-06,1.8709e-06,1.3859e-06,3.6923e-06,3.86e-06,3.2043e-06,8.2793e-07,1.9657e-05,2.1558e-05,2.3408e-06,1.4976e-05,2.3731e-06,1.605e-06
3.5777e-05,2.9536e-05,5.382e-06,7.9904e-06,1.1123e-05,8.8159e-06,3.2694e-06,6.7371e-06,3.0743e-06,1.2018e-06,1.091e-06,3.0095e-06,2.9941e-06,3.0689e-06,1.1678e-06,1.6493e-05,2.0353e-05,1.5517e-06,1.5036e-05,1.7923e-06,1.5273e-06
3.5504e-05,2.9592e-05,4.5948e-06,8.9178e-06,1.0908e-05,9.1237e-06,3.2481e-06,6.4299e-06,2.9214e-06,8.9833e-07,9.1577e-07,2.5581e-06,2.4231e-06,2.9568e-06,1.3673e-06,1.436e-05,1.9647e-05,1.13e-06,1.4928e-05,1.4561e-06,1.47e-06
3.4875e-05,2.9301e-05,4.0669e-06,9.4562e-06,1.0601e-05,9.1282e-06,3.2285e-06,6.1547e-06,2.8086e-06,7.1088e-07,7.8245e-07,2.2566e-06,2.075e-06,2.8483e-06,1.4959e-06,1.2857e-05,1.9138e-05,8.9219e-07,1.4722e-05,1.2326e-06,1.4386e-06
3.4178e-05,2.8782e-05,3.7239e-06,9.8028e-06,1.0246e-05,9.0478e-06,3.1933e-06,5.8712e-06,2.7006e-06,5.8573e-07,6.8662e-07,2.0337e-06,1.8182e-06,2.7546e-06,1.5767e-06,1.1677e-05,1.8746e-05,7.4593e-07,1.4501e-05,1.0781e-06,1.4008e-06
3.3497e-05,2.8242e-05,3.447e-06,9.9914e-06,9.9013e-06,8.9354e-06,3.1412e-06,5.6281e-06,2.6181e-06,5.0008e-07,6.1367e-07,1.8646e-06,1.6225e-06,2.6637e-06,1.6113e-06,1.0765e-05,1.8384e-05,6.4706e-07,1.4255e-05,9.6786e-07,1.3626e-06
3.2725e-05,2.7605e-05,3.231e-06,1.0064e-05,9.5217e-06,8.7382e-06,3.038e-06,5.3678e-06,2.5352e-06,4.358e-07,5.4982e-07,1.7052e-06,1.4517e-06,2.5847e-06,1.6256e-06,1.0003e-05,1.8062e-05,5.7762e-07,1.3994e-05,8.8498e-07,1.3263e-06
3.194e-05,2.6978e-05,3.0538e-06,1.0058e-05,9.1781e-06,8.5343e-06,2.9512e-06,5.1403e-06,2.4533e-06,3.845e-07,4.9644e-07,1.579e-06,1.3304e-06,2.5082e-06,1.6291e-06,9.3529e-06,1.7753e-05,5.2965e-07,1.3762e-05,8.1403e-07,1.2914e-06
3.1176e-05,2.6293e-05,2.8964e-06,1.0018e-05,8.8399e-06,8.3251e-06,2.8445e-06,4.9263e-06,2.3844e-06,3.4531e-07,4.5072e-07,1.4637e-06,1.218e-06,2.4352e-06,1.6183e-06,8.8002e-06,1.7463e-05,4.9244e-07,1.3523e-05,7.565e-07,1.254e-06
3.0444e-05,2.5681e-05,2.7698e-06,9.9404e-06,8.5421e-06,8.1304e-06,2.755e-06,4.7354e-06,2.3155e-06,3.1061e-07,4.1247e-07,1.3766e-06,1.1305e-06,2.3679e-06,1.6024e-06,8.3187e-06,1.7204e-05,4.6747e-07,1.3279e-05,7.1141e-07,1.2226e-06
2.973e-05,2.5047e-05,2.6563e-06,9.8454e-06,8.2467e-06,7.9301e-06,2.6494e-06,4.5472e-06,2.2524e-06,2.8166e-07,3.8022e-07,1.2934e-06,1.0485e-06,2.3043e-06,1.5816e-06,7.9074e-06,1.6932e-05,4.4479e-07,1.304e-05,6.7499e-07,1.1871e-06
2.9011e-05,2.442e-05,2.5545e-06,9.7234e-06,7.9683e-06,7.7247e-06,2.5541e-06,4.3667e-06,2.1882e-06,2.558e-07,3.4982e-07,1.2188e-06,9.8135e-07,2.245e-06,1.5582e-06,7.5226e-06,1.6658e-05,4.2771e-07,1.2818e-05,6.4083e-07,1.1568e-06
2.8351e-05,2.3842e-05,2.4599e-06,9.589e-06,7.7067e-06,7.5356e-06,2.4655e-06,4.212e-06,2.1301e-06,2.3559e-07,3.2532e-07,1.1526e-06,9.1908e-07,2.1905e-06,1.5299e-06,7.1824e-06,1.6404e-05,4.1172e-07,1.2604e-05,6.1033e-07,1.123e-06
2.7705e-05,2.3275e-05,2.3803e-06,9.4614e-06,7.4627e-06,7.3511e-06,2.3716e-06,4.0627e-06,2.0751e-06,2.1667e-07,3.0012e-07,1.0896e-06,8.654e-07,2.1329e-06,1.5013e-06,6.8701e-06,1.6162e-05,3.9798e-07,1.2398e-05,5.8392e-07,1.0933e-06
2.7085e-05,2.2718e-05,2.3045e-06,9.3123e-06,7.2316e-06,7.1706e-06,2.2869e-06,3.9166e-06,2.0194e-06,2.0024e-07,2.7887e-07,1.0355e-06,8.1592e-07,2.0833e-06,1.4724e-06,6.5887e-06,1.5916e-05,3.8727e-07,1.2198e-05,5.6096e-07,1.0631e-06
2.6483e-05,2.2197e-05,2.2299e-06,9.1664e-06,7.0179e-06,7.0039e-06,2.206e-06,3.7878e-06,1.9703e-06,1.8594e-07,2.6069e-07,9.8882e-07,7.7347e-07,2.0322e-06,1.4438e-06,6.3349e-06,1.5679e-05,3.7685e-07,1.1993e-05,5.4071e-07,1.0349e-06
2.59e-05,2.1675e-05,2.1661e-06,9.0124e-06,6.8119e-06,6.8377e-06,2.129e-06,3.6644e-06,1.9196e-06,1.7249e-07,2.4362e-07,9.4029e-07,7.3269e-07,1.9902e-06,1.4146e-06,6.0909e-06,1.5447e-05,3.6722e-07,1.1807e-05,5.2225e-07,1.0094e-06
2.5346e-05,2.118e-05,2.1024e-06,8.8688e-06,6.6182e-06,6.6818e-06,2.0512e-06,3.5463e-06,1.8739e-06,1.6088e-07,2.2833e-07,8.9751e-07,6.9668e-07,1.9447e-06,1.3858e-06,5.8665e-06,1.5219e-05,3.577e-07,1.1623e-05,5.0379e-07,9.8258e-07
2.4811e-05,2.0708e-05,2.0423e-06,8.7201e-06,6.4372e-06,6.5293e-06,1.9828e-06,3.4368e-06,1.8294e-06,1.5016e-07,2.1494e-07,8.6035e-07,6.6417e-07,1.9034e-06,1.357e-06,5.6623e-06,1.4998e-05,3.4883e-07,1.1445e-05,4.8831e-07,9.5715e-07
2.4303e-05,2.0253e-05,1.9878e-06,8.5722e-06,6.2614e-06,6.385e-06,1.9126e-06,3.3319e-06,1.7861e-06,1.4003e-07,2.0134e-07,8.2287e-07,6.322e-07,1.8628e-06,1.3279e-06,5.4699e-06,1.4774e-05,3.4045e-07,1.1271e-05,4.7426e-07,9.3253e-07
2.3805e-05,1.9819e-05,1.9328e-06,8.4293e-06,6.0952e-06,6.246e-06,1.8495e-06,3.2339e-06,1.7452e-06,1.3158e-07,1.9002e-07,7.8871e-07,6.0335e-07,1.825e-06,1.2996e-06,5.29e-06,1.4556e-05,3.3223e-07,1.1104e-05,4.5954e-07,9.0809e-07
2.333e-05,1.9398e-05,1.8867e-06,8.2904e-06,5.9425e-06,6.1159e-06,1.7892e-06,3.1412e-06,1.7076e-06,1.2374e-07,1.7892e-07,7.5768e-07,5.7813e-07,1.7885e-06,1.274e-06,5.1189e-06,1.4349e-05,3.2537e-07,1.0943e-05,4.4702e-07,8.8599e-07
2.2869e-05,1.8987e-05,1.8379e-06,8.1487e-06,5.7899e-06,5.9882e-06,1.7295e-06,3.0531e-06,1.6683e-06,1.1613e-07,1.6898e-07,7.2741e-07,5.535e-07,1.7506e-06,1.2478e-06,4.9652e-06,1.4142e-05,3.1792e-07,1.0778e-05,4.3553e-07,8.6521e-07
2.2426e-05,1.86e-05,1.7905e-06,8.0151e-06,5.6478e-06,5.8677e-06,1.6737e-06,2.9698e-06,1.6334e-06,1.0903e-07,1.6015e-07,7.0167e-07,5.3102e-07,1.7171e-06,1.2224e-06,4.816e-06,1.3945e-05,3.1054e-07,1.0623e-05,4.2533e-07,8.4411e-07
2.2003e-05,1.8223e-05,1.7482e-06,7.881e-06,5.5141e-06,5.751e-06,1.6213e-06,2.8931e-06,1.5978e-06,1.0298e-07,1.5157e-07,6.7537e-07,5.0907e-07,1.6846e-06,1.1968e-06,4.6739e-06,1.3749e-05,3.0384e-07,1.0471e-05,4.1426e-07,8.2357e-07
2.1594e-05,1.7861e-05,1.7074e-06,7.753e-06,5.3857e-06,5.64e-06,1.5724e-06,2.8157e-06,1.5656e-06,9.7411e-08,1.4399e-07,6.5218e-07,4.9048e-07,1.6518e-06,1.1726e-06,4.5436e-06,1.356e-05,2.9758e-07,1.0324e-05,4.046e-07,8.049e-07
2.1195e-05,1.7508e-05,1.6671e-06,7.625e-06,5.2609e-06,5.53e-06,1.5226e-06,2.7432e-06,1.5334e-06,9.1894e-08,1.3669e-07,6.287e-07,4.706e-07,1.6222e-06,1.1488e-06,4.4151e-06,1.3372e-05,2.9034e-07,1.0181e-05,3.9508e-07,7.8531e-07
2.0814e-05,1.7173e-05,1.6281e-06,7.5024e-06,5.1408e-06,5.4278e-06,1.4779e-06,2.6749e-06,1.5019e-06,8.6984e-08,1.2979e-07,6.0827e-07,4.5315e-07,1.5924e-06,1.1254e-06,4.2976e-06,1.3184e-05,2.8351e-07,1.0042e-05,3.862e-07,7.6675e-07
2.0443e-05,1.6848e-05,1.593e-06,7.3819e-06,5.0264e-06,5.3263e-06,1.4338e-06,2.6083e-06,1.473e-06,8.2443e-08,1.2378e-07,5.8732e-07,4.3584e-07,1.5642e-06,1.1035e-06,4.1838e-06,1.3003e-05,2.7732e-07,9.9076e-06,3.7779e-07,7.4979e-07
2.0082e-05,1.6533e-05,1.557e-06,7.2626e-06,4.9176e-06,5.2301e-06,1.3916e-06,2.5453e-06,1.4436e-06,7.8226e-08,1.1774e-07,5.686e-07,4.2057e-07,1.5362e-06,1.0811e-06,4.0748e-06,1.283e-05,2.7173e-07,9.7736e-06,3.7002e-07,7.3294e-07
1.9734e-05,1.6228e-05,1.5245e-06,7.1473e-06,4.8147e-06,5.1365e-06,1.3526e-06,2.4866e-06,1.4168e-06,7.426e-08,1.1217e-07,5.5047e-07,4.0572e-07,1.5098e-06,1.0609e-06,3.9733e-06,1.2659e-05,2.6571e-07,9.6455e-06,3.625e-07,7.1661e-07
1.9399e-05,1.5933e-05,1.4912e-06,7.0349e-06,4.7138e-06,5.0454e-06,1.3138e-06,2.4282e-06,1.3893e-06,7.0549e-08,1.0723e-07,5.3337e-07,3.9166e-07,1.4839e-06,1.0414e-06,3.8757e-06,1.2489e-05,2.5983e-07,9.5199e-06,3.5482e-07,7.01e-07
1.9076e-05,1.5651e-05,1.4601e-06,6.9286e-06,4.6169e-06,4.9611e-06,1.2788e-06,2.3729e-06,1.3645e-06,6.7229e-08,1.0223e-07,5.1826e-07,3.7872e-07,1.4583e-06,1.0221e-06,3.7824e-06,1.2327e-05,2.548e-07,9.3937e-06,3.4859e-07,6.8607e-07
1.8758e-05,1.5375e-05,1.4306e-06,6.82e-06,4.526e-06,4.8757e-06,1.2444e-06,2.322e-06,1.3392e-06,6.3641e-08,9.7928e-08,5.0262e-07,3.6627e-07,1.4341e-06,1.0033e-06,3.6924e-06,1.2168e-05,2.4966e-07,9.2736e-06,3.413e-07,6.718e-07
1.8457e-05,1.5112e-05,1.4018e-06,6.7175e-06,4.436e-06,4.797e-06,1.2105e-06,2.2705e-06,1.3153e-06,6.0886e-08,9.3913e-08,4.8878e-07,3.5401e-07,1.411e-06,9.84e-07,3.6072e-06,1.2008e-05,2.4444e-07,9.1573e-06,3.3547e-07,6.5742e-07
1.8158e-05,1.4851e-05,1.3736e-06,6.6151e-06,4.351e-06,4.7165e-06,1.1789e-06,2.2227e-06,1.2924e-06,5.7926e-08,8.967e-08,4.7458e-07,3.4298e-07,1.3876e-06,9.66e-07,3.5252e-06,1.1857e-05,2.3941e-07,9.0406e-06,3.2936e-07,6.439e-07
1.7873e-05,1.4603e-05,1.3476e-06,6.5172e-06,4.2684e-06,4.6425e-06,1.1489e-06,2.1758e-06,1.27e-06,5.5255e-08,8.6136e-08,4.6167e-07,3.319e-07,1.3657e-06,9.4928e-07,3.4471e-06,1.1707e-05,2.3438e-07,8.9277e-06,3.236e-07,6.3109e-07
1.7593e-05,1.436e-05,1.3213e-06,6.4189e-06,4.1876e-06,4.5672e-06,1.1195e-06,2.1308e-06,1.2474e-06,5.2782e-08,8.2464e-08,4.4866e-07,3.2152e-07,1.3448e-06,9.3213e-07,3.3718e-06,1.1557e-05,2.294e-07,8.8175e-06,3.1764e-07,6.185e-07
1.7321e-05,1.4127e-05,1.296e-06,6.3268e-06,4.1101e-06,4.4965e-06,1.0909e-06,2.0883e-06,1.2274e-06,5.0358e-08,7.9321e-08,4.37e-07,3.1173e-07,1.3238e-06,9.1605e-07,3.2994e-06,1.1414e-05,2.2489e-07,8.7083e-06,3.1222e-07,6.0568e-07
1.706e-05,1.3895e-05,1.2717e-06,6.2347e-06,4.0367e-06,4.4268e-06,1.0645e-06,2.0463e-06,1.2069e-06,4.836e-08,7.6146e-08,4.2599e-07,3.0266e-07,1.304e-06,9.0023e-07,3.2311e-06,1.1273e-05,2.2022e-07,8.6046e-06,3.0719e-07,5.9415e-07
1.6803e-05,1.3674e-05,1.2474e-06,6.1463e-06,3.9654e-06,4.3607e-06,1.0387e-06,2.0069e-06,1.1871e-06,4.593e-08,7.3276e-08,4.148e-07,2.9308e-07,1.2845e-06,8.8448e-07,3.1637e-06,1.1135e-05,2.1595e-07,8.501e-06,3.0189e-07,5.8248e-07
1.6557e-05,1.3461e-05,1.225e-06,6.059e-06,3.8955e-06,4.2956e-06,1.0136e-06,1.9682e-06,1.1679e-06,4.3968e-08,7.0329e-08,4.045e-07,2.8479e-07,1.265e-06,8.7017e-07,3.0995e-06,1.0999e-05,2.1165e-07,8.4023e-06,2.9736e-07,5.7135e-07
1.6313e-05,1.3253e-05,1.2032e-06,5.974e-06,3.8291e-06,4.232e-06,9.8964e-07,1.9301e-06,1.1493e-06,4.2096e-08,6.7782e-08,3.9424e-07,2.7638e-07,1.2472e-06,8.5485e-07,3.0377e-06,1.0868e-05,2.0742e-07,8.303e-06,2.9241e-07,5.6069e-07
1.6079e-05,1.305e-05,1.1822e-06,5.8914e-06,3.7633e-06,4.171e-06,9.6689e-07,1.8943e-06,1.1313e-06,4.0434e-08,6.5372e-08,3.8518e-07,2.6871e-07,1.2288e-06,8.4121e-07,2.9779e-06,1.0739e-05,2.0358e-07,8.2071e-06,2.8772e-07,5.4988e-07
1.5851e-05,1.2856e-05,1.1617e-06,5.8101e-06,3.7017e-06,4.112e-06,9.4489e-07,1.8596e-06,1.1139e-06,3.8584e-08,6.2957e-08,3.7571e-07,2.6108e-07,1.2119e-06,8.2747e-07,2.9203e-06,1.0612e-05,1.9959e-07,8.1122e-06,2.8357e-07,5.3993e-07
1.5628e-05,1.2663e-05,1.1419e-06,5.7323e-06,3.6406e-06,4.054e-06,9.2379e-07,1.826e-06,1.0968e-06,3.6995e-08,6.0777e-08,3.6727e-07,2.5381e-07,1.1941e-06,8.1415e-07,2.8652e-06,1.0486e-05,1.9553e-07,8.0199e-06,2.7935e-07,5.3029e-07
1.5412e-05,1.2478e-05,1.1219e-06,5.655e-06,3.581e-06,3.9983e-06,9.0299e-07,1.7936e-06,1.0808e-06,3.551e-08,5.86e-08,3.5887e-07,2.4687e-07,1.1775e-06,8.0134e-07,2.8127e-06,1.0365e-05,1.9208e-07,7.9271e-06,2.7529e-07,5.2075e-07
1.5201e-05,1.2298e-05,1.1037e-06,5.5805e-06,3.5244e-06,3.9437e-06,8.8275e-07,1.7618e-06,1.0644e-06,3.4066e-08,5.6589e-08,3.5082e-07,2.4025e-07,1.1617e-06,7.8904e-07,2.7608e-06,1.0246e-05,1.883e-07,7.839e-06,2.7149e-07,5.1182e-07
1.4996e-05,1.2121e-05,1.0851e-06,5.507e-06,3.4686e-06,3.8906e-06,8.6405e-07,1.7308e-06,1.0491e-06,3.2696e-08,5.4698e-08,3.4334e-07,2.3405e-07,1.1461e-06,7.7674e-07,2.7106e-06,1.0129e-05,1.8492e-07,7.7522e-06,2.6742e-07,5.0247e-07
1.4796e-05,1.1951e-05,1.0679e-06,5.4353e-06,3.4153e-06,3.837e-06,8.4542e-07,1.7018e-06,1.0338e-06,3.1416e-08,5.2872e-08,3.3568e-07,2.2785e-07,1.1305e-06,7.6535e-07,2.663e-06,1.0016e-05,1.8123e-07,7.6665e-06,2.6358e-07,4.9393e-07
1.4599e-05,1.1784e-05,1.0502e-06,5.3651e-06,3.3627e-06,3.7871e-06,8.2746e-07,1.673e-06,1.0196e-06,3.0162e-08,5.11e-08,3.2877e-07,2.2217e-07,1.116e-06,7.5328e-07,2.616e-06,9.9015e-06,1.7797e-07,7.5837e-06,2.6001e-07,4.8536e-07
1.441e-05,1.1623e-05,1.0337e-06,5.2977e-06,3.3119e-06,3.7385e-06,8.1128e-07,1.6457e-06,1.0051e-06,2.8972e-08,4.953e-08,3.2158e-07,2.1644e-07,1.1004e-06,7.4221e-07,2.5714e-06,9.7928e-06,1.7484e-07,7.5018e-06,2.5641e-07,4.7729e-07
1.4224e-05,1.1464e-05,1.0178e-06,5.23e-06,3.2637e-06,3.69e-06,7.9492e-07,1.6193e-06,9.9018e-07,2.7898e-08,4.7924e-08,3.1518e-07,2.1101e-07,1.0867e-06,7.3169e-07,2.527e-06,9.6849e-06,1.7173e-07,7.4217e-06,2.5284e-07,4.6949e-07
1.4043e-05,1.1309e-05,1.0022e-06,5.1664e-06,3.2155e-06,3.6438e-06,7.7877e-07,1.5928e-06,9.7679e-07,2.6774e-08,4.6345e-08,3.0911e-07,2.0551e-07,1.0723e-06,7.2034e-07,2.4857e-06,9.5802e-06,1.684e-07,7.3436e-06,2.4954e-07,4.6183e-07
1.3868e-05,1.1161e-05,9.8606e-07,5.1017e-06,3.1676e-06,3.5984e-06,7.635e-07,1.5679e-06,9.6411e-07,2.5823e-08,4.5116e-08,3.0284e-07,2.0039e-07,1.0592e-06,7.1046e-07,2.4451e-06,9.4764e-06,1.6544e-07,7.2665e-06,2.464e-07,4.5426e-07
1.3697e-05,1.1015e-05,9.7141e-07,5.0412e-06,3.1239e-06,3.5549e-06,7.4862e-07,1.5434e-06,9.5173e-07,2.4824e-08,4.3703e-08,2.9706e-07,1.9551e-07,1.0456e-06,7.0052e-07,2.4047e-06,9.3754e-06,1.6245e-07,7.1892e-06,2.4293e-07,4.4697e-07
1.3527e-05,1.0873e-05,9.5719e-07,4.9791e-06,3.08e-06,3.5116e-06,7.3383e-07,1.5194e-06,9.3846e-07,2.3908e-08,4.2285e-08,2.9136e-07,1.909e-07,1.0333e-06,6.9062e-07,2.3665e-06,9.2774e-06,1.5967e-07,7.1168e-06,2.3999e-07,4.3994e-07
1.3363e-05,1.0734e-05,9.4324e-07,4.9185e-06,3.0368e-06,3.4696e-06,7.2026e-07,1.4965e-06,9.2615e-07,2.3024e-08,4.1031e-08,2.8562e-07,1.8645e-07,1.0206e-06,6.8064e-07,2.3288e-06,9.1794e-06,1.5704e-07,7.0438e-06,2.3677e-07,4.3306e-07
1.3204e-05,1.0599e-05,9.2931e-07,4.8626e-06,2.9952e-06,3.428e-06,7.065e-07,1.4743e-06,9.1467e-07,2.2204e-08,3.9904e-08,2.8056e-07,1.8218e-07,1.0084e-06,6.7175e-07,2.2938e-06,9.0831e-06,1.5426e-07,6.9719e-06,2.3459e-07,4.2623e-07
1.3046e-05,1.0467e-05,9.1607e-07,4.8053e-06,2.9544e-06,3.388e-06,6.9342e-07,1.4524e-06,9.0291e-07,2.1367e-08,3.8765e-08,2.7538e-07,1.7777e-07,9.9639e-07,6.6233e-07,2.2583e-06,8.9908e-06,1.5156e-07,6.9029e-06,2.3138e-07,4.1994e-07
1.2893e-05,1.0336e-05,9.0321e-07,4.7495e-06,2.9144e-06,3.3484e-06,6.8058e-07,1.4312e-06,8.913e-07,2.0571e-08,3.7692e-08,2.7063e-07,1.7366e-07,9.844e-07,6.5365e-07,2.2242e-06,8.8985e-06,1.4917e-07,6.8344e-06,2.2856e-07,4.1359e-07
1.2744e-05,1.021e-05,8.9044e-07,4.6957e-06,2.8765e-06,3.31e-06,6.6891e-07,1.4111e-06,8.8053e-07,1.9893e-08,3.6587e-08,2.6589e-07,1.6976e-07,9.7328e-07,6.4481e-07,2.1912e-06,8.8073e-06,1.4653e-07,6.7666e-06,2.2582e-07,4.072e-07
1.2598e-05,1.0087e-05,8.7824e-07,4.6422e-06,2.8388e-06,3.2729e-06,6.5683e-07,1.3911e-06,8.7001e-07,1.9161e-08,3.5549e-08,2.6097e-07,1.6591e-07,9.6169e-07,6.3658e-07,2.1585e-06,8.7196e-06,1.4425e-07,6.7012e-06,2.2325e-07,4.0137e-07
1.2454e-05,9.9681e-06,8.6634e-07,4.5906e-06,2.8025e-06,3.2361e-06,6.452e-07,1.3712e-06,8.5934e-07,1.8572e-08,3.4616e-08,2.5633e-07,1.6219e-07,9.5019e-07,6.2835e-07,2.1272e-06,8.6327e-06,1.4175e-07,6.6366e-06,2.2045e-07,3.9532e-07
1.2317e-05,9.8487e-06,8.5447e-07,4.5395e-06,2.7676e-06,3.1996e-06,6.3404e-07,1.3526e-06,8.4902e-07,1.7897e-08,3.3699e-08,2.521e-07,1.5862e-07,9.4044e-07,6.2059e-07,2.097e-06,8.5486e-06,1.3938e-07,6.5724e-06,2.1816e-07,3.8992e-07
1.2179e-05,9.7354e-06,8.4289e-07,4.4898e-06,2.7318e-06,3.1653e-06,6.2309e-07,1.334e-06,8.3907e-07,1.7297e-08,3.2846e-08,2.4821e-07,1.5542e-07,9.3032e-07,6.1273e-07,2.0679e-06,8.4643e-06,1.3743e-07,6.5096e-06,2.1558e-07,3.843e-07
1.2046e-05,9.6245e-06,8.3175e-07,4.4409e-06,2.6994e-06,3.1311e-06,6.1298e-07,1.3163e-06,8.2943e-07,1.6632e-08,3.1918e-08,2.437e-07,1.52e-07,9.1948e-07,6.049e-07,2.0388e-06,8.3834e-06,1.3509e-07,6.4483e-06,2.132e-07,3.7891e-07
1.1915e-05,9.5137e-06,8.2134e-07,4.3937e-06,2.6658e-06,3.0977e-06,6.0292e-07,1.2987e-06,8.1957e-07,1.6124e-08,3.1151e-08,2.3977e-07,1.4852e-07,9.094e-07,5.9761e-07,2.0116e-06,8.3038e-06,1.3318e-07,6.3881e-06,2.1079e-07,3.736e-07
1.1789e-05,9.409e-06,8.1051e-07,4.3471e-06,2.6341e-06,3.064e-06,5.9296e-07,1.2809e-06,8.1027e-07,1.5576e-08,3.0392e-08,2.3601e-07,1.4559e-07,8.9969e-07,5.9021e-07,1.9829e-06,8.2225e-06,1.3085e-07,6.3287e-06,2.086e-07,3.6855e-07
1.1663e-05,9.3024e-06,8.0065e-07,4.3006e-06,2.6023e-06,3.0323e-06,5.8312e-07,1.2652e-06,8.0108e-07,1.5081e-08,2.9557e-08,2.3233e-07,1.4253e-07,8.9016e-07,5.8292e-07,1.9573e-06,8.1465e-06,1.2901e-07,6.273e-06,2.0617e-07,3.6357e-07
1.154e-05,9.2023e-06,7.9022e-07,4.2561e-06,2.5721e-06,3.0006e-06,5.738e-07,1.249e-06,7.9205e-07,1.4516e-08,2.8903e-08,2.2862e-07,1.3984e-07,8.8067e-07,5.7596e-07,1.9308e-06,8.0727e-06,1.2701e-07,6.2152e-06,2.0402e-07,3.5867e-07
1.1422e-05,9.1016e-06,7.8057e-07,4.2121e-06,2.5425e-06,2.9701e-06,5.65e-07,1.2334e-06,7.8367e-07,1.41e-08,2.8209e-08,2.2529e-07,1.3681e-07,8.7159e-07,5.6947e-07,1.9061e-06,7.9968e-06,1.2505e-07,6.1588e-06,2.0196e-07,3.5428e-07
1.1303e-05,9.0024e-06,7.7086e-07,4.169e-06,2.5125e-06,2.9406e-06,5.562e-07,1.2177e-06,7.7472e-07,1.3615e-08,2.7513e-08,2.2194e-07,1.3412e-07,8.622e-07,5.6308e-07,1.882e-06,7.9238e-06,1.232e-07,6.1035e-06,1.9991e-07,3.4921e-07
1.1189e-05,8.9078e-06,7.6126e-07,4.1277e-06,2.4841e-06,2.911e-06,5.475e-07,1.2026e-06,7.6656e-07,1.3164e-08,2.6842e-08,2.185e-07,1.3144e-07,8.5346e-07,5.5637e-07,1.8581e-06,7.8525e-06,1.2133e-07,6.0503e-06,1.9776e-07,3.4485e-07
1.1076e-05,8.8145e-06,7.5252e-07,4.0868e-06,2.4564e-06,2.8822e-06,5.3944e-07,1.1875e-06,7.5811e-07,1.273e-08,2.6247e-08,2.1528e-07,1.2888e-07,8.4489e-07,5.4997e-07,1.8339e-06,7.7811e-06,1.1943e-07,5.9974e-06,1.9593e-07,3.4052e-07
1.0967e-05,8.7222e-06,7.4378e-07,4.0462e-06,2.4287e-06,2.8541e-06,5.3115e-07,1.1737e-06,7.5084e-07,1.2341e-08,2.5661e-08,2.1242e-07,1.2627e-07,8.3647e-07,5.4396e-07,1.8115e-06,7.712e-06,1.1782e-07,5.9461e-06,1.9395e-07,3.3619e-07
1.0858e-05,8.6328e-06,7.3481e-07,4.0064e-06,2.4028e-06,2.8263e-06,5.2344e-07,1.1601e-06,7.4256e-07,1.1885e-08,2.5104e-08,2.0916e-07,1.2394e-07,8.2822e-07,5.3764e-07,1.7887e-06,7.6446e-06,1.1616e-07,5.8943e-06,1.9191e-07,3.3182e-07
1.0754e-05,8.5465e-06,7.2647e-07,3.9684e-06,2.3763e-06,2.7995e-06,5.1573e-07,1.1462e-06,7.3452e-07,1.1539e-08,2.4492e-08,2.0632e-07,1.2153e-07,8.2017e-07,5.3208e-07,1.7685e-06,7.5783e-06,1.1455e-07,5.8436e-06,1.9006e-07,3.2782e-07
1.065e-05,8.4595e-06,7.1754e-07,3.9294e-06,2.3509e-06,2.7728e-06,5.0814e-07,1.1331e-06,7.2733e-07,1.1185e-08,2.3954e-08,2.0338e-07,1.1901e-07,8.1232e-07,5.2638e-07,1.7471e-06,7.5126e-06,1.1283e-07,5.7942e-06,1.8836e-07,3.2402e-07
1.0549e-05,8.374e-06,7.0941e-07,3.8925e-06,2.3263e-06,2.747e-06,5.0068e-07,1.1204e-06,7.203e-07,1.0795e-08,2.3453e-08,2.007e-07,1.1706e-07,8.042e-07,5.2066e-07,1.7266e-06,7.4488e-06,1.1121e-07,5.7457e-06,1.8634e-07,3.2018e-07
1.0449e-05,8.2926e-06,7.0173e-07,3.8558e-06,2.3013e-06,2.722e-06,4.9366e-07,1.1078e-06,7.1297e-07,1.0541e-08,2.2945e-08,1.9772e-07,1.1482e-07,7.9711e-07,5.1511e-07,1.7064e-06,7.3847e-06,1.0971e-07,5.6991e-06,1.8472e-07,3.1617e-07
1.035e-05,8.2129e-06,6.9424e-07,3.821e-06,2.2782e-06,2.697e-06,4.869e-07,1.0953e-06,7.0607e-07,1.0141e-08,2.2421e-08,1.9523e-07,1.1285e-07,7.8952e-07,5.0972e-07,1.6872e-06,7.3228e-06,1.0829e-07,5.6528e-06,1.8301e-07,3.1261e-07
1.0256e-05,8.1328e-06,6.8629e-07,3.7855e-06,2.2549e-06,2.6721e-06,4.8022e-07,1.0831e-06,6.9892e-07,9.8358e-09,2.1918e-08,1.9256e-07,1.1067e-07,7.825e-07,5.0445e-07,1.6676e-06,7.2611e-06,1.0689e-07,5.6065e-06,1.8131e-07,3.0885e-07
1.0162e-05,8.0554e-06,6.7912e-07,3.7499e-06,2.2318e-06,2.6482e-06,4.7394e-07,1.0715e-06,6.9241e-07,9.5557e-09,2.1512e-08,1.9015e-07,1.0871e-07,7.7534e-07,4.9927e-07,1.6495e-06,7.2021e-06,1.055e-07,5.5617e-06,1.7973e-07,3.0549e-07
1.0071e-05,7.9794e-06,6.7189e-07,3.7169e-06,2.2092e-06,2.6249e-06,4.6786e-07,1.0598e-06,6.8553e-07,9.2552e-09,2.103e-08,1.8785e-07,1.0678e-07,7.6785e-07,4.9376e-07,1.6305e-06,7.1414e-06,1.04e-07,5.5164e-06,1.7787e-07,3.0171e-07
9.9807e-06,7.9063e-06,6.6467e-07,3.684e-06,2.1874e-06,2.6028e-06,4.6126e-07,1.0491e-06,6.7921e-07,8.9833e-09,2.0653e-08,1.855e-07,1.05e-07,7.6092e-07,4.892e-07,1.6134e-06,7.0847e-06,1.0275e-07,5.4728e-06,1.7633e-07,2.9846e-07
9.8933e-06,7.8329e-06,6.5772e-07,3.6515e-06,2.1657e-06,2.5789e-06,4.5528e-07,1.037e-06,6.7304e-07,8.6981e-09,2.0231e-08,1.8297e-07,1.0317e-07,7.5445e-07,4.8443e-07,1.5956e-06,7.0279e-06,1.0139e-07,5.4297e-06,1.7478e-07,2.9517e-07
9.8054e-06,7.7618e-06,6.5093e-07,3.6191e-06,2.1446e-06,2.5568e-06,4.4925e-07,1.0263e-06,6.6682e-07,8.4475e-09,1.9843e-08,1.8084e-07,1.0135e-07,7.4766e-07,4.7959e-07,1.5781e-06,6.9721e-06,1.0005e-07,5.389e-06,1.7349e-07,2.9201e-07
9.7205e-06,7.6911e-06,6.4426e-07,3.5879e-06,2.1248e-06,2.5348e-06,4.4352e-07,1.0156e-06,6.6075e-07,8.204e-09,1.9462e-08,1.7872e-07,9.9462e-08,7.4123e-07,4.7459e-07,1.5615e-06,6.9172e-06,9.8722e-08,5.3465e-06,1.718e-07,2.8878e-07
9.6375e-06,7.6233e-06,6.3767e-07,3.5568e-06,2.1043e-06,2.5144e-06,4.3825e-07,1.0058e-06,6.5496e-07,7.9415e-09,1.9064e-08,1.7658e-07,9.8077e-08,7.3458e-07,4.7023e-07,1.5457e-06,6.8628e-06,9.7436e-08,5.3073e-06,1.7034e-07,2.8572e-07
9.5553e-06,7.5561e-06,6.3151e-07,3.527e-06,2.085e-06,2.4931e-06,4.3232e-07,9.9582e-07,6.4861e-07,7.7257e-09,1.8802e-08,1.745e-07,9.6322e-08,7.286e-07,4.6612e-07,1.5298e-06,6.8107e-06,9.6299e-08,5.2651e-06,1.6905e-07,2.8255e-07
9.4752e-06,7.4909e-06,6.2493e-07,3.4977e-06,2.0657e-06,2.4727e-06,4.2726e-07,9.855e-07,6.4325e-07,7.4825e-09,1.8333e-08,1.7231e-07,9.4883e-08,7.223e-07,4.614e-07,1.5141e-06,6.7582e-06,9.5193e-08,5.2254e-06,1.6759e-07,2.7962e-07
9.3978e-06,7.4257e-06,6.188e-07,3.4687e-06,2.0474e-06,2.452e-06,4.2201e-07,9.7609e-07,6.3747e-07,7.2296e-09,1.8001e-08,1.7035e-07,9.3175e-08,7.1643e-07,4.5696e-07,1.4988e-06,6.7075e-06,9.4089e-08,5.1885e-06,1.662e-07,2.7686e-07
9.3188e-06,7.3615e-06,6.1294e-07,3.4404e-06,2.0285e-06,2.4333e-06,4.17e-07,9.6686e-07,6.3198e-07,7.0077e-09,1.7731e-08,1.6861e-07,9.1679e-08,7.1006e-07,4.5337e-07,1.4843e-06,6.6572e-06,9.2845e-08,5.1492e-06,1.648e-07,2.7395e-07
9.2432e-06,7.2994e-06,6.0738e-07,3.4116e-06,2.0101e-06,2.4134e-06,4.1202e-07,9.5736e-07,6.2641e-07,6.8216e-09,1.7394e-08,1.6644e-07,9.0274e-08,7.0478e-07,4.4896e-07,1.4694e-06,6.6073e-06,9.1813e-08,5.1124e-06,1.6349e-07,2.714e-07
9.1703e-06,7.2383e-06,6.0124e-07,3.3852e-06,1.9926e-06,2.3943e-06,4.0714e-07,9.4835e-07,6.212e-07,6.6097e-09,1.7022e-08,1.6474e-07,8.874e-08,6.99e-07,4.4532e-07,1.4551e-06,6.558e-06,9.0621e-08,5.0757e-06,1.6209e-07,2.6838e-07
9.0966e-06,7.1789e-06,5.9577e-07,3.3579e-06,1.9754e-06,2.3755e-06,4.024e-07,9.3933e-07,6.1624e-07,6.4453e-09,1.6779e-08,1.6311e-07,8.7374e-08,6.9336e-07,4.4092e-07,1.4413e-06,6.5114e-06,8.9752e-08,5.0402e-06,1.6077e-07,2.6559e-07
9.0259e-06,7.1199e-06,5.9068e-07,3.3308e-06,1.9579e-06,2.3574e-06,3.98e-07,9.3105e-07,6.1099e-07,6.2595e-09,1.645e-08,1.6114e-07,8.6116e-08,6.8781e-07,4.3707e-07,1.4283e-06,6.4641e-06,8.8587e-08,5.0033e-06,1.5948e-07,2.6309e-07
8.9553e-06,7.0621e-06,5.8483e-07,3.3053e-06,1.9415e-06,2.3389e-06,3.9339e-07,9.2248e-07,6.0592e-07,6.079e-09,1.6211e-08,1.5933e-07,8.4831e-08,6.8223e-07,4.334e-07,1.4138e-06,6.4171e-06,8.7584e-08,4.9691e-06,1.5822e-07,2.6041e-07
8.8853e-06,7.0054e-06,5.7948e-07,3.2795e-06,1.9252e-06,2.3219e-06,3.8891e-07,9.1395e-07,6.0105e-07,5.8786e-09,1.5965e-08,1.5773e-07,8.3539e-08,6.7691e-07,4.2948e-07,1.4016e-06,6.3734e-06,8.6596e-08,4.9337e-06,1.5712e-07,2.5824e-07
8.8172e-06,6.9513e-06,5.743e-07,3.2549e-06,1.9092e-06,2.304e-06,3.8456e-07,9.0541e-07,5.9621e-07,5.7038e-09,1.5629e-08,1.562e-07,8.2286e-08,6.7187e-07,4.261e-07,1.388e-06,6.3289e-06,8.5584e-08,4.9003e-06,1.5604e-07,2.5573e-07
8.7526e-06,6.8955e-06,5.6915e-07,3.2309e-06,1.8934e-06,2.2867e-06,3.8051e-07,8.976e-07,5.9188e-07,5.5506e-09,1.5415e-08,1.5466e-07,8.1078e-08,6.667e-07,4.2228e-07,1.3756e-06,6.2829e-06,8.4665e-08,4.8675e-06,1.5486e-07,2.5342e-07
8.6859e-06,6.8429e-06,5.6437e-07,3.206e-06,1.8781e-06,2.2708e-06,3.7648e-07,8.9012e-07,5.8708e-07,5.4104e-09,1.5144e-08,1.528e-07,7.9843e-08,6.6161e-07,4.1885e-07,1.3635e-06,6.2408e-06,8.3711e-08,4.8348e-06,1.538e-07,2.5093e-07
8.6202e-06,6.79e-06,5.5959e-07,3.1823e-06,1.8624e-06,2.2534e-06,3.7224e-07,8.8232e-07,5.827e-07,5.2227e-09,1.4984e-08,1.5135e-07,7.8811e-08,6.5674e-07,4.1529e-07,1.351e-06,6.1984e-06,8.2746e-08,4.802e-06,1.5241e-07,2.488e-07
8.5588e-06,6.7389e-06,5.549e-07,3.1596e-06,1.8481e-06,2.2373e-06,3.684e-07,8.7464e-07,5.7776e-07,5.1017e-09,1.4699e-08,1.4993e-07,7.7474e-08,6.5192e-07,4.1186e-07,1.3397e-06,6.156e-06,8.2067e-08,4.7705e-06,1.5134e-07,2.4661e-07
8.4975e-06,6.6874e-06,5.5051e-07,3.1355e-06,1.8333e-06,2.2216e-06,3.6461e-07,8.678e-07,5.736e-07,4.9407e-09,1.4468e-08,1.4847e-07,7.6439e-08,6.4737e-07,4.0848e-07,1.3281e-06,6.115e-06,8.1107e-08,4.7392e-06,1.5021e-07,2.4421e-07
8.4353e-06,6.6395e-06,5.4576e-07,3.1145e-06,1.8191e-06,2.2057e-06,3.6083e-07,8.6027e-07,5.6924e-07,4.7883e-09,1.42e-08,1.4708e-07,7.5337e-08,6.4246e-07,4.0552e-07,1.3171e-06,6.0749e-06,8.0198e-08,4.7091e-06,1.4908e-07,2.4211e-07
8.377e-06,6.5905e-06,5.4099e-07,3.0916e-06,1.8054e-06,2.1909e-06,3.5719e-07,8.5332e-07,5.6509e-07,4.6531e-09,1.4028e-08,1.4548e-07,7.4347e-08,6.3792e-07,4.0228e-07,1.3062e-06,6.0358e-06,7.9452e-08,4.6778e-06,1.4809e-07,2.399e-07
8.3184e-06,6.5411e-06,5.3651e-07,3.0688e-06,1.7916e-06,2.1757e-06,3.5383e-07,8.4632e-07,5.6089e-07,4.5261e-09,1.3798e-08,1.443e-07,7.3233e-08,6.3351e-07,3.9925e-07,1.2954e-06,5.996e-06,7.8708e-08,4.6496e-06,1.4711e-07,2.3775e-07
8.2594e-06,6.4944e-06,5.3233e-07,3.049e-06,1.7784e-06,2.1611e-06,3.5022e-07,8.3968e-07,5.5717e-07,4.411e-09,1.3609e-08,1.4286e-07,7.2186e-08,6.2913e-07,3.9641e-07,1.2844e-06,5.9577e-06,7.7758e-08,4.6198e-06,1.4615e-07,2.3599e-07
8.2035e-06,6.4492e-06,5.2816e-07,3.0278e-06,1.7652e-06,2.1467e-06,3.4659e-07,8.3272e-07,5.5316e-07,4.2929e-09,1.3386e-08,1.4167e-07,7.1315e-08,6.2478e-07,3.9303e-07,1.2738e-06,5.9202e-06,7.7228e-08,4.59e-06,1.4509e-07,2.34e-07
8.1468e-06,6.4039e-06,5.239e-07,3.0072e-06,1.7522e-06,2.1323e-06,3.4352e-07,8.2625e-07,5.4891e-07,4.171e-09,1.3139e-08,1.4027e-07,7.0372e-08,6.2057e-07,3.9021e-07,1.2635e-06,5.8823e-06,7.6329e-08,4.5623e-06,1.4416e-07,2.3187e-07
8.0941e-06,6.3599e-06,5.1975e-07,2.9866e-06,1.7388e-06,2.1184e-06,3.4026e-07,8.1972e-07,5.4536e-07,4.0489e-09,1.2999e-08,1.3905e-07,6.9374e-08,6.1637e-07,3.8732e-07,1.2534e-06,5.8463e-06,7.5622e-08,4.5351e-06,1.4322e-07,2.2992e-07
8.039e-06,6.3151e-06,5.1565e-07,2.9675e-06,1.7261e-06,2.1043e-06,3.3686e-07,8.1334e-07,5.4149e-07,3.9193e-09,1.2825e-08,1.3769e-07,6.8528e-08,6.1232e-07,3.8418e-07,1.244e-06,5.8096e-06,7.4859e-08,4.5077e-06,1.4235e-07,2.2818e-07
7.9866e-06,6.2737e-06,5.119e-07,2.9472e-06,1.7141e-06,2.091e-06,3.3369e-07,8.077e-07,5.3773e-07,3.8116e-09,1.2636e-08,1.3658e-07,6.7732e-08,6.0832e-07,3.815e-07,1.2343e-06,5.7745e-06,7.4157e-08,4.4799e-06,1.4123e-07,2.2639e-07
7.9356e-06,6.2301e-06,5.0803e-07,2.9284e-06,1.7024e-06,2.0777e-06,3.3074e-07,8.0108e-07,5.3429e-07,3.7055e-09,1.2459e-08,1.356e-07,6.6795e-08,6.0425e-07,3.7892e-07,1.225e-06,5.7398e-06,7.3385e-08,4.4543e-06,1.4047e-07,2.2438e-07
7.8829e-06,6.1892e-06,5.0421e-07,2.9097e-06,1.6902e-06,2.0651e-06,3.2774e-07,7.9522e-07,5.3077e-07,3.6076e-09,1.2318e-08,1.344e-07,6.5954e-08,6.0065e-07,3.7613e-07,1.2154e-06,5.706e-06,7.2762e-08,4.4271e-06,1.3955e-07,2.2285e-07
7.8336e-06,6.1486e-06,5.0021e-07,2.8912e-06,1.6779e-06,2.0513e-06,3.2458e-07,7.898e-07,5.2688e-07,3.5087e-09,1.2126e-08,1.3315e-07,6.5086e-08,5.9624e-07,3.7365e-07,1.2064e-06,5.6716e-06,7.2094e-08,4.4019e-06,1.3867e-07,2.2083e-07
7.7834e-06,6.1078e-06,4.9678e-07,2.8723e-06,1.6671e-06,2.0384e-06,3.2171e-07,7.8385e-07,5.2349e-07,3.4247e-09,1.1931e-08,1.319e-07,6.4374e-08,5.9288e-07,3.7103e-07,1.1975e-06,5.6379e-06,7.1495e-08,4.3771e-06,1.3781e-07,2.1937e-07
7.7355e-06,6.0708e-06,4.9314e-07,2.8547e-06,1.656e-06,2.0257e-06,3.1896e-07,7.7785e-07,5.2017e-07,3.3094e-09,1.1795e-08,1.3101e-07,6.3497e-08,5.8899e-07,3.6875e-07,1.1889e-06,5.6075e-06,7.079e-08,4.3527e-06,1.3685e-07,2.1745e-07
7.6889e-06,6.03e-06,4.8958e-07,2.8371e-06,1.6451e-06,2.0138e-06,3.162e-07,7.7229e-07,5.1689e-07,3.2238e-09,1.1684e-08,1.3e-07,6.2778e-08,5.8523e-07,3.6608e-07,1.1802e-06,5.5734e-06,6.9993e-08,4.3287e-06,1.3595e-07,2.1584e-07
7.642e-06,5.9927e-06,4.8632e-07,2.8207e-06,1.6345e-06,2.0023e-06,3.1344e-07,7.67e-07,5.1348e-07,3.1396e-09,1.1495e-08,1.2894e-07,6.2053e-08,5.8178e-07,3.6346e-07,1.1714e-06,5.5422e-06,6.9514e-08,4.3035e-06,1.3516e-07,2.1442e-07
7.5954e-06,5.956e-06,4.8311e-07,2.8034e-06,1.6238e-06,1.9909e-06,3.1103e-07,7.6209e-07,5.1048e-07,3.042e-09,1.1404e-08,1.2803e-07,6.1313e-08,5.7851e-07,3.6093e-07,1.1633e-06,5.5108e-06,6.8868e-08,4.2791e-06,1.3449e-07,2.1287e-07
7.5502e-06,5.9186e-06,4.7963e-07,2.7855e-06,1.6137e-06,1.979e-06,3.0829e-07,7.5697e-07,5.0712e-07,2.9675e-09,1.1212e-08,1.2679e-07,6.0539e-08,5.7481e-07,3.5866e-07,1.1555e-06,5.4799e-06,6.8369e-08,4.2567e-06,1.337e-07,2.1122e-07
7.5064e-06,5.8822e-06,4.7654e-07,2.7704e-06,1.6031e-06,1.9676e-06,3.0555e-07,7.5165e-07,5.0404e-07,2.8903e-09,1.1091e-08,1.2594e-07,5.9966e-08,5.7144e-07,3.5631e-07,1.1472e-06,5.4504e-06,6.7749e-08,4.2332e-06,1.3283e-07,2.0986e-07
7.4622e-06,5.8472e-06,4.7332e-07,2.7538e-06,1.5938e-06,1.9563e-06,3.0304e-07,7.4648e-07,5.0117e-07,2.7995e-09,1.0977e-08,1.2496e-07,5.9188e-08,5.679e-07,3.5412e-07,1.1403e-06,5.4215e-06,6.7089e-08,4.2109e-06,1.32e-07,2.0837e-07
7.4188e-06,5.8132e-06,4.699e-07,2.7383e-06,1.5834e-06,1.9445e-06,3.0099e-07,7.4166e-07,4.9807e-07,2.7445e-09,1.0847e-08,1.2402e-07,5.8611e-08,5.6508e-07,3.5161e-07,1.1321e-06,5.3899e-06,6.6634e-08,4.1888e-06,1.3137e-07,2.0679e-07
7.3776e-06,5.7793e-06,4.6691e-07,2.7223e-06,1.5735e-06,1.9339e-06,2.9831e-07,7.3714e-07,4.9519e-07,2.6524e-09,1.0723e-08,1.2303e-07,5.7851e-08,5.6181e-07,3.4984e-07,1.1246e-06,5.3633e-06,6.599e-08,4.1668e-06,1.3062e-07,2.0539e-07
7.3357e-06,5.7462e-06,4.6385e-07,2.7077e-06,1.5646e-06,1.9234e-06,2.9629e-07,7.3204e-07,4.9247e-07,2.5775e-09,1.0555e-08,1.2225e-07,5.7257e-08,5.5822e-07,3.4757e-07,1.117e-06,5.3354e-06,6.5429e-08,4.1467e-06,1.297e-07,2.0408e-07
7.2956e-06,5.7125e-06,4.6111e-07,2.6923e-06,1.5547e-06,1.9129e-06,2.9359e-07,7.277e-07,4.8953e-07,2.5085e-09,1.0473e-08,1.2144e-07,5.666e-08,5.5541e-07,3.4561e-07,1.11e-06,5.307e-06,6.4994e-08,4.1241e-06,1.2919e-07,2.027e-07
7.2556e-06,5.6808e-06,4.5799e-07,2.6774e-06,1.5451e-06,1.903e-06,2.9164e-07,7.2294e-07,4.8659e-07,2.4195e-09,1.0319e-08,1.2074e-07,5.6019e-08,5.5235e-07,3.4334e-07,1.1029e-06,5.2803e-06,6.4508e-08,4.1046e-06,1.2857e-07,2.0128e-07
7.2163e-06,5.648e-06,4.5496e-07,2.6623e-06,1.5365e-06,1.8933e-06,2.8928e-07,7.1849e-07,4.8371e-07,2.36e-09,1.0222e-08,1.1971e-07,5.5487e-08,5.4909e-07,3.4124e-07,1.0958e-06,5.2532e-06,6.3873e-08,4.0837e-06,1.2785e-07,1.9992e-07
7.1783e-06,5.6172e-06,4.5237e-07,2.6482e-06,1.5273e-06,1.8829e-06,2.8716e-07,7.14e-07,4.8117e-07,2.3025e-09,1.011e-08,1.1877e-07,5.4809e-08,5.4615e-07,3.3928e-07,1.0892e-06,5.2266e-06,6.3431e-08,4.0634e-06,1.2713e-07,1.9862e-07
7.1384e-06,5.5858e-06,4.4989e-07,2.6344e-06,1.5186e-06,1.8735e-06,2.8494e-07,7.0981e-07,4.7841e-07,2.2339e-09,9.9905e-09,1.1795e-07,5.4205e-08,5.4361e-07,3.3735e-07,1.082e-06,5.2011e-06,6.2946e-08,4.0435e-06,1.2646e-07,1.9715e-07
7.1016e-06,5.5572e-06,4.4715e-07,2.6201e-06,1.5104e-06,1.8634e-06,2.8304e-07,7.0565e-07,4.7607e-07,2.206e-09,9.9092e-09,1.1715e-07,5.372e-08,5.4034e-07,3.3502e-07,1.0759e-06,5.1758e-06,6.2597e-08,4.0243e-06,1.2566e-07,1.9625e-07
7.0653e-06,5.527e-06,4.4428e-07,2.6067e-06,1.5021e-06,1.854e-06,2.81e-07,7.0131e-07,4.7348e-07,2.1166e-09,9.8015e-09,1.1632e-07,5.3137e-08,5.3753e-07,3.3366e-07,1.0695e-06,5.151e-06,6.2088e-08,4.0056e-06,1.2497e-07,1.9486e-07
7.0285e-06,5.4968e-06,4.4152e-07,2.593e-06,1.4938e-06,1.8451e-06,2.7889e-07,6.9722e-07,4.7096e-07,2.0529e-09,9.6695e-09,1.1569e-07,5.2635e-08,5.3505e-07,3.317e-07,1.0628e-06,5.127e-06,6.1545e-08,3.987e-06,1.2458e-07,1.9365e-07
6.9939e-06,5.4695e-06,4.3906e-07,2.5809e-06,1.4853e-06,1.836e-06,2.7683e-07,6.9334e-07,4.6859e-07,2.0008e-09,9.6159e-09,1.1489e-07,5.2067e-08,5.3224e-07,3.298e-07,1.0567e-06,5.1012e-06,6.1171e-08,3.968e-06,1.2386e-07,1.9249e-07
6.9586e-06,5.4409e-06,4.3672e-07,2.5672e-06,1.4775e-06,1.8271e-06,2.7496e-07,6.8932e-07,4.6569e-07,1.9354e-09,9.4684e-09,1.1405e-07,5.1655e-08,5.297e-07,3.281e-07,1.0507e-06,5.0768e-06,6.0686e-08,3.9498e-06,1.2316e-07,1.9132e-07
6.9242e-06,5.413e-06,4.3421e-07,2.5546e-06,1.4698e-06,1.8179e-06,2.7339e-07,6.8553e-07,4.6361e-07,1.8964e-09,9.4186e-09,1.1344e-07,5.1104e-08,5.2695e-07,3.2637e-07,1.0446e-06,5.0532e-06,6.0257e-08,3.931e-06,1.227e-07,1.9017e-07
6.8916e-06,5.3865e-06,4.319e-07,2.5428e-06,1.4625e-06,1.8094e-06,2.7152e-07,6.8176e-07,4.6127e-07,1.8235e-09,9.2977e-09,1.1278e-07,5.0551e-08,5.2416e-07,3.2429e-07,1.039e-06,5.0292e-06,5.9866e-08,3.9134e-06,1.2208e-07,1.8891e-07
6.8578e-06,5.36e-06,4.2943e-07,2.5299e-06,1.4547e-06,1.8008e-06,2.6961e-07,6.7782e-07,4.5932e-07,1.7841e-09,9.1986e-09,1.1201e-07,5.0141e-08,5.2184e-07,3.2281e-07,1.0331e-06,5.0083e-06,5.943e-08,3.8965e-06,1.215e-07,1.8796e-07
6.824e-06,5.3336e-06,4.271e-07,2.5176e-06,1.4469e-06,1.7918e-06,2.6784e-07,6.7463e-07,4.5684e-07,1.7758e-09,9.1233e-09,1.1143e-07,4.9644e-08,5.194e-07,3.2119e-07,1.0276e-06,4.9855e-06,5.894e-08,3.8798e-06,1.2094e-07,1.8683e-07
6.7922e-06,5.3082e-06,4.2487e-07,2.5071e-06,1.44e-06,1.7843e-06,2.6601e-07,6.7077e-07,4.5457e-07,1.6975e-09,8.9978e-09,1.1069e-07,4.9222e-08,5.1693e-07,3.1941e-07,1.0214e-06,4.9631e-06,5.8671e-08,3.862e-06,1.2039e-07,1.8586e-07
6.761e-06,5.2822e-06,4.2252e-07,2.4944e-06,1.4333e-06,1.7755e-06,2.6434e-07,6.6724e-07,4.5232e-07,1.6404e-09,8.9139e-09,1.0997e-07,4.8688e-08,5.1434e-07,3.1786e-07,1.0166e-06,4.9429e-06,5.8268e-08,3.8456e-06,1.1988e-07,1.8466e-07
6.7315e-06,5.2573e-06,4.2009e-07,2.4836e-06,1.4262e-06,1.7678e-06,2.6268e-07,6.6384e-07,4.501e-07,1.5959e-09,8.8716e-09,1.0952e-07,4.8328e-08,5.1228e-07,3.161e-07,1.0111e-06,4.9216e-06,5.7851e-08,3.8303e-06,1.1919e-07,1.8377e-07
6.6996e-06,5.2335e-06,4.1834e-07,2.4719e-06,1.419e-06,1.7606e-06,2.6096e-07,6.6023e-07,4.48e-07,1.5583e-09,8.7701e-09,1.0881e-07,4.7903e-08,5.1015e-07,3.1486e-07,1.0061e-06,4.9004e-06,5.736e-08,3.8134e-06,1.1897e-07,1.8284e-07
6.6707e-06,5.209e-06,4.1614e-07,2.4607e-06,1.4125e-06,1.7522e-06,2.5938e-07,6.5699e-07,4.4616e-07,1.5109e-09,8.7297e-09,1.0821e-07,4.7423e-08,5.0754e-07,3.1303e-07,1.0008e-06,4.8792e-06,5.6992e-08,3.7982e-06,1.1819e-07,1.8167e-07
6.6412e-06,5.1859e-06,4.1394e-07,2.45e-06,1.4055e-06,1.7449e-06,2.5802e-07,6.5373e-07,4.44e-07,1.4764e-09,8.5916e-09,1.0754e-07,4.7037e-08,5.0529e-07,3.1154e-07,9.9497e-07,4.859e-06,5.6771e-08,3.7829e-06,1.1774e-07,1.8098e-07
6.6125e-06,5.162e-06,4.1191e-07,2.4397e-06,1.3993e-06,1.7377e-06,2.5641e-07,6.5072e-07,4.4224e-07,1.4207e-09,8.5517e-09,1.0704e-07,4.6705e-08,5.0312e-07,3.099e-07,9.9024e-07,4.8409e-06,5.633e-08,3.7662e-06,1.1713e-07,1.7972e-07
6.5845e-06,5.14e-06,4.098e-07,2.4291e-06,1.3926e-06,1.7302e-06,2.5496e-07,6.4736e-07,4.3989e-07,1.3802e-09,8.4896e-09,1.0636e-07,4.6231e-08,5.0101e-07,3.0854e-07,9.8541e-07,4.8204e-06,5.6029e-08,3.752e-06,1.1666e-07,1.7911e-07
6.5557e-06,5.1174e-06,4.0803e-07,2.4184e-06,1.3866e-06,1.723e-06,2.5361e-07,6.4432e-07,4.3826e-07,1.3531e-09,8.4101e-09,1.0586e-07,4.5854e-08,4.9884e-07,3.0717e-07,9.809e-07,4.8003e-06,5.5625e-08,3.7382e-06,1.1612e-07,1.7789e-07
6.5301e-06,5.0953e-06,4.059e-07,2.4082e-06,1.3804e-06,1.7161e-06,2.521e-07,6.4142e-07,4.362e-07,1.3136e-09,8.3093e-09,1.0536e-07,4.5444e-08,4.9665e-07,3.0585e-07,9.7656e-07,4.7826e-06,5.5463e-08,3.7227e-06,1.1571e-07,1.7717e-07
6.5019e-06,5.0745e-06,4.0416e-07,2.3987e-06,1.3746e-06,1.7092e-06,2.5062e-07,6.3845e-07,4.3453e-07,1.2731e-09,8.2454e-09,1.0469e-07,4.5145e-08,4.9493e-07,3.0471e-07,9.7165e-07,4.7631e-06,5.4968e-08,3.709e-06,1.1526e-07,1.7628e-07
6.4757e-06,5.0533e-06,4.0228e-07,2.3884e-06,1.3683e-06,1.7022e-06,2.4885e-07,6.3541e-07,4.3274e-07,1.226e-09,8.1738e-09,1.0423e-07,4.475e-08,4.9262e-07,3.033e-07,9.6704e-07,4.7455e-06,5.4777e-08,3.6947e-06,1.1484e-07,1.7561e-07
6.45e-06,5.0326e-06,4.0069e-07,2.3786e-06,1.3624e-06,1.6958e-06,2.4775e-07,6.3254e-07,4.3075e-07,1.208e-09,8.1211e-09,1.0366e-07,4.4403e-08,4.9048e-07,3.0182e-07,9.6284e-07,4.7272e-06,5.4423e-08,3.682e-06,1.1425e-07,1.7455e-07
6.4253e-06,5.0125e-06,3.9868e-07,2.3696e-06,1.3571e-06,1.6892e-06,2.466e-07,6.2999e-07,4.29e-07,1.1667e-09,8.095e-09,1.0327e-07,4.4034e-08,4.886e-07,3.0044e-07,9.5803e-07,4.7099e-06,5.4036e-08,3.6676e-06,1.1391e-07,1.7377e-07
6.4005e-06,4.9926e-06,3.9683e-07,2.3605e-06,1.3514e-06,1.6825e-06,2.4533e-07,6.2681e-07,4.2732e-07,1.1364e-09,7.9882e-09,1.0278e-07,4.3745e-08,4.8652e-07,2.9913e-07,9.5368e-07,4.6918e-06,5.3808e-08,3.6546e-06,1.1351e-07,1.7296e-07
6.376e-06,4.9721e-06,3.9495e-07,2.3512e-06,1.3449e-06,1.677e-06,2.4406e-07,6.2434e-07,4.2577e-07,1.0881e-09,7.9177e-09,1.0211e-07,4.3413e-08,4.849e-07,2.9801e-07,9.4981e-07,4.6755e-06,5.3559e-08,3.6419e-06,1.13e-07,1.7219e-07
6.3514e-06,4.9533e-06,3.9342e-07,2.3419e-06,1.3404e-06,1.6706e-06,2.4267e-07,6.2155e-07,4.2385e-07,1.0748e-09,7.8843e-09,1.0167e-07,4.3155e-08,4.8321e-07,2.9697e-07,9.4554e-07,4.6594e-06,5.3195e-08,3.6291e-06,1.1271e-07,1.7159e-07
6.3273e-06,4.9342e-06,3.9155e-07,2.3333e-06,1.3354e-06,1.6639e-06,2.4141e-07,6.1887e-07,4.2243e-07,1.0493e-09,7.798e-09,1.0129e-07,4.2787e-08,4.8133e-07,2.9553e-07,9.4186e-07,4.6424e-06,5.2926e-08,3.6166e-06,1.1215e-07,1.7085e-07
6.3039e-06,4.9148e-06,3.9001e-07,2.3253e-06,1.33e-06,1.6579e-06,2.4034e-07,6.1657e-07,4.209e-07,1.0081e-09,7.765e-09,1.0066e-07,4.237e-08,4.7944e-07,2.9441e-07,9.3768e-07,4.6263e-06,5.27e-08,3.6035e-06,1.1181e-07,1.6986e-07
6.282e-06,4.8971e-06,3.8867e-07,2.3167e-06,1.3246e-06,1.6522e-06,2.3923e-07,6.1432e-07,4.1913e-07,9.7963e-10,7.6792e-09,1.0015e-07,4.2102e-08,4.7751e-07,2.9352e-07,9.3377e-07,4.6102e-06,5.2367e-08,3.5919e-06,1.1135e-07,1.6915e-07
6.2595e-06,4.8791e-06,3.8663e-07,2.3085e-06,1.3203e-06,1.6464e-06,2.3778e-07,6.1159e-07,4.1781e-07,9.6954e-10,7.6545e-09,9.9884e-08,4.1826e-08,4.758e-07,2.9206e-07,9.3006e-07,4.5947e-06,5.2075e-08,3.5798e-06,1.1113e-07,1.6838e-07
6.2371e-06,4.8617e-06,3.8564e-07,2.3009e-06,1.3145e-06,1.6414e-06,2.3671e-07,6.0907e-07,4.1615e-07,9.1578e-10,7.5934e-09,9.9309e-08,4.1557e-08,4.7461e-07,2.9103e-07,9.2675e-07,4.5815e-06,5.1808e-08,3.5686e-06,1.1059e-07,1.6769e-07
6.216e-06,4.8445e-06,3.8386e-07,2.2931e-06,1.3096e-06,1.6351e-06,2.3556e-07,6.0678e-07,4.146e-07,8.9084e-10,7.5307e-09,9.8977e-08,4.1284e-08,4.7304e-07,2.8999e-07,9.2282e-07,4.5658e-06,5.1625e-08,3.5566e-06,1.1016e-07,1.6707e-07
6.1942e-06,4.8276e-06,3.821e-07,2.2848e-06,1.3049e-06,1.6295e-06,2.3453e-07,6.0476e-07,4.1353e-07,8.6301e-10,7.4952e-09,9.8443e-08,4.0986e-08,4.7134e-07,2.8876e-07,9.1973e-07,4.5509e-06,5.1425e-08,3.5455e-06,1.0981e-07,1.6648e-07
6.1732e-06,4.8114e-06,3.8114e-07,2.2767e-06,1.3007e-06,1.6251e-06,2.3339e-07,6.0211e-07,4.1201e-07,8.3556e-10,7.4026e-09,9.8092e-08,4.0703e-08,4.6999e-07,2.8775e-07,9.1589e-07,4.5365e-06,5.1111e-08,3.5344e-06,1.0959e-07,1.6581e-07
6.1529e-06,4.7948e-06,3.7972e-07,2.27e-06,1.2961e-06,1.6194e-06,2.3256e-07,6.0017e-07,4.1049e-07,8.2041e-10,7.4071e-09,9.7716e-08,4.0513e-08,4.6808e-07,2.8687e-07,9.1263e-07,4.523e-06,5.0843e-08,3.5243e-06,1.0911e-07,1.6504e-07
6.1341e-06,4.7791e-06,3.7824e-07,2.2616e-06,1.2916e-06,1.6149e-06,2.3152e-07,5.9797e-07,4.0896e-07,7.9692e-10,7.3475e-09,9.7422e-08,4.0177e-08,4.6662e-07,2.8566e-07,9.0935e-07,4.5088e-06,5.0611e-08,3.5137e-06,1.0884e-07,1.6462e-07
6.1139e-06,4.7632e-06,3.7695e-07,2.2552e-06,1.287e-06,1.6089e-06,2.3042e-07,5.9566e-07,4.076e-07,7.7234e-10,7.3154e-09,9.6856e-08,3.9987e-08,4.6491e-07,2.8489e-07,9.0591e-07,4.4951e-06,5.0386e-08,3.5027e-06,1.0846e-07,1.6381e-07
6.0956e-06,4.7485e-06,3.7526e-07,2.2476e-06,1.2827e-06,1.604e-06,2.296e-07,5.9366e-07,4.0638e-07,7.4815e-10,7.2601e-09,9.6616e-08,3.9643e-08,4.6351e-07,2.8368e-07,9.0229e-07,4.4814e-06,5.0206e-08,3.4925e-06,1.0815e-07,1.6335e-07
6.0759e-06,4.7322e-06,3.7403e-07,2.2407e-06,1.2786e-06,1.5993e-06,2.2868e-07,5.913e-07,4.0512e-07,7.2527e-10,7.1813e-09,9.6295e-08,3.9499e-08,4.6217e-07,2.8265e-07,8.9935e-07,4.4681e-06,4.9913e-08,3.4825e-06,1.0784e-07,1.6289e-07
6.0574e-06,4.719e-06,3.7267e-07,2.2339e-06,1.2743e-06,1.5945e-06,2.2773e-07,5.9003e-07,4.0388e-07,6.9462e-10,7.1938e-09,9.5764e-08,3.9223e-08,4.6073e-07,2.8199e-07,8.9616e-07,4.456e-06,4.978e-08,3.473e-06,1.0747e-07,1.6191e-07
6.0408e-06,4.7039e-06,3.7149e-07,2.2279e-06,1.2706e-06,1.5895e-06,2.2658e-07,5.8779e-07,4.0247e-07,6.8539e-10,7.1352e-09,9.5451e-08,3.8987e-08,4.5926e-07,2.8099e-07,8.9285e-07,4.4429e-06,4.9406e-08,3.4626e-06,1.0721e-07,1.6152e-07
6.0222e-06,4.6903e-06,3.7039e-07,2.2212e-06,1.2668e-06,1.5849e-06,2.2577e-07,5.8573e-07,4.0123e-07,6.735e-10,7.1016e-09,9.5066e-08,3.8775e-08,4.584e-07,2.8002e-07,8.9032e-07,4.4298e-06,4.9404e-08,3.4539e-06,1.0692e-07,1.6094e-07
6.0056e-06,4.6764e-06,3.6913e-07,2.2147e-06,1.2628e-06,1.581e-06,2.252e-07,5.8411e-07,4.0019e-07,6.4099e-10,7.0822e-09,9.4835e-08,3.8557e-08,4.5658e-07,2.7917e-07,8.873e-07,4.4185e-06,4.911e-08,3.4449e-06,1.0657e-07,1.6042e-07
5.9881e-06,4.6633e-06,3.6808e-07,2.2084e-06,1.2589e-06,1.577e-06,2.2427e-07,5.8196e-07,3.9899e-07,6.1556e-10,7.009e-09,9.4422e-08,3.8403e-08,4.5532e-07,2.7874e-07,8.8433e-07,4.4066e-06,4.8941e-08,3.4359e-06,1.0621e-07,1.5972e-07
5.9712e-06,4.65e-06,3.6683e-07,2.2021e-06,1.2555e-06,1.5721e-06,2.2342e-07,5.8027e-07,3.9806e-07,5.8975e-10,7.0015e-09,9.4094e-08,3.8171e-08,4.5411e-07,2.775e-07,8.8188e-07,4.3952e-06,4.8757e-08,3.4266e-06,1.0589e-07,1.5929e-07
5.956e-06,4.6355e-06,3.6586e-07,2.1962e-06,1.2517e-06,1.568e-06,2.2272e-07,5.7842e-07,3.9689e-07,5.8252e-10,6.9276e-09,9.3733e-08,3.8016e-08,4.5291e-07,2.769e-07,8.7905e-07,4.3832e-06,4.8637e-08,3.4177e-06,1.0574e-07,1.5878e-07
5.9405e-06,4.6239e-06,3.6458e-07,2.1899e-06,1.2484e-06,1.5639e-06,2.2158e-07,5.7667e-07,3.9552e-07,5.6093e-10,6.9017e-09,9.3421e-08,3.7713e-08,4.5143e-07,2.7613e-07,8.7632e-07,4.3725e-06,4.8377e-08,3.4089e-06,1.0546e-07,1.5842e-07
5.9243e-06,4.6116e-06,3.6354e-07,2.1846e-06,1.2446e-06,1.5599e-06,2.2116e-07,5.752e-07,3.9464e-07,5.5155e-10,6.8491e-09,9.3296e-08,3.7532e-08,4.5042e-07,2.7546e-07,8.7411e-07,4.3618e-06,4.8215e-08,3.4008e-06,1.0507e-07,1.5765e-07
5.9088e-06,4.5999e-06,3.625e-07,2.1786e-06,1.2411e-06,1.5565e-06,2.2012e-07,5.733e-07,3.9358e-07,5.3048e-10,6.8089e-09,9.2854e-08,3.736e-08,4.4939e-07,2.7437e-07,8.7135e-07,4.351e-06,4.8063e-08,3.3925e-06,1.0487e-07,1.5744e-07
5.894e-06,4.5872e-06,3.6141e-07,2.1727e-06,1.2378e-06,1.5518e-06,2.1937e-07,5.7173e-07,3.9254e-07,5.1059e-10,6.8304e-09,9.2618e-08,3.7135e-08,4.481e-07,2.7399e-07,8.6885e-07,4.3411e-06,4.7756e-08,3.3847e-06,1.0474e-07,1.5683e-07
5.8789e-06,4.576e-06,3.6068e-07,2.1677e-06,1.235e-06,1.5481e-06,2.1858e-07,5.7007e-07,3.9173e-07,4.9235e-10,6.7417e-09,9.2363e-08,3.7002e-08,4.4721e-07,2.7278e-07,8.6673e-07,4.33e-06,4.7666e-08,3.377e-06,1.0431e-07,1.5652e-07
5.8651e-06,4.5651e-06,3.5948e-07,2.1627e-06,1.2313e-06,1.5447e-06,2.1813e-07,5.6861e-07,3.9036e-07,4.7777e-10,6.7649e-09,9.2005e-08,3.6767e-08,4.4587e-07,2.7216e-07,8.6372e-07,4.321e-06,4.7527e-08,3.3695e-06,1.041e-07,1.5587e-07
5.8517e-06,4.5538e-06,3.5854e-07,2.1576e-06,1.2284e-06,1.5411e-06,2.1718e-07,5.6721e-07,3.8979e-07,4.6355e-10,6.6935e-09,9.183e-08,3.659e-08,4.4488e-07,2.7157e-07,8.6155e-07,4.3118e-06,4.7281e-08,3.3616e-06,1.0392e-07,1.5547e-07
5.8386e-06,4.5424e-06,3.5762e-07,2.1529e-06,1.2256e-06,1.5376e-06,2.1665e-07,5.658e-07,3.8868e-07,4.4491e-10,6.6641e-09,9.1586e-08,3.6408e-08,4.4357e-07,2.7069e-07,8.5918e-07,4.3009e-06,4.7179e-08,3.3546e-06,1.0356e-07,1.5527e-07
5.8254e-06,4.5318e-06,3.5673e-07,2.1478e-06,1.2227e-06,1.5345e-06,2.1593e-07,5.6411e-07,3.8786e-07,4.3367e-10,6.6313e-09,9.1275e-08,3.6267e-08,4.4277e-07,2.7009e-07,8.5727e-07,4.2926e-06,4.7013e-08,3.3475e-06,1.0339e-07,1.5482e-07
5.8118e-06,4.5218e-06,3.559e-07,2.1428e-06,1.219e-06,1.5311e-06,2.1544e-07,5.6263e-07,3.8696e-07,4.2203e-10,6.6171e-09,9.116e-08,3.623e-08,4.4192e-07,2.6959e-07,8.5483e-07,4.2828e-06,4.6823e-08,3.3416e-06,1.0315e-07,1.5419e-07
5.8002e-06,4.5118e-06,3.5518e-07,2.1381e-06,1.2168e-06,1.5275e-06,2.1468e-07,5.6173e-07,3.8591e-07,4.0358e-10,6.5905e-09,9.0705e-08,3.607e-08,4.4075e-07,2.6891e-07,8.5276e-07,4.2749e-06,4.6732e-08,3.3345e-06,1.0291e-07,1.5389e-07
5.788e-06,4.5028e-06,3.5403e-07,2.1341e-06,1.2143e-06,1.524e-06,2.1396e-07,5.602e-07,3.8523e-07,3.8324e-10,6.5299e-09,9.053e-08,3.5947e-08,4.4014e-07,2.6828e-07,8.5066e-07,4.2666e-06,4.6575e-08,3.3278e-06,1.0285e-07,1.5351e-07
5.7754e-06,4.4925e-06,3.5329e-07,2.1295e-06,1.2113e-06,1.5216e-06,2.1376e-07,5.5896e-07,3.8453e-07,3.8376e-10,6.5473e-09,9.0339e-08,3.5713e-08,4.3913e-07,2.6745e-07,8.4864e-07,4.257e-06,4.6577e-08,3.3213e-06,1.0262e-07,1.5318e-07
5.7628e-06,4.4834e-06,3.5256e-07,2.1247e-06,1.2091e-06,1.5185e-06,2.1299e-07,5.5727e-07,3.8361e-07,3.6924e-10,6.5092e-09,9.0193e-08,3.556e-08,4.3813e-07,2.6739e-07,8.4712e-07,4.2496e-06,4.6325e-08,3.3148e-06,1.0239e-07,1.5271e-07
5.752e-06,4.4749e-06,3.5155e-07,2.121e-06,1.2066e-06,1.5154e-06,2.1243e-07,5.5634e-07,3.8288e-07,3.5632e-10,6.5172e-09,8.9973e-08,3.5394e-08,4.3756e-07,2.6648e-07,8.447e-07,4.2416e-06,4.6218e-08,3.3079e-06,1.022e-07,1.5232e-07
5.7421e-06,4.4655e-06,3.509e-07,2.117e-06,1.204e-06,1.5124e-06,2.1184e-07,5.5558e-07,3.8187e-07,3.4544e-10,6.4774e-09,8.9617e-08,3.5307e-08,4.3675e-07,2.6606e-07,8.4303e-07,4.2342e-06,4.6128e-08,3.3027e-06,1.0183e-07,1.5203e-07
5.7308e-06,4.4562e-06,3.5009e-07,2.1133e-06,1.2017e-06,1.5103e-06,2.1145e-07,5.5415e-07,3.8126e-07,3.3218e-10,6.4204e-09,8.9441e-08,3.5213e-08,4.3583e-07,2.6549e-07,8.4143e-07,4.2268e-06,4.599e-08,3.2969e-06,1.0161e-07,1.5155e-07
5.7201e-06,4.4486e-06,3.496e-07,2.1087e-06,1.1994e-06,1.5063e-06,2.1085e-07,5.5303e-07,3.8061e-07,3.1739e-10,6.3996e-09,8.9193e-08,3.5021e-08,4.3497e-07,2.6495e-07,8.3993e-07,4.2193e-06,4.5876e-08,3.2905e-06,1.0154e-07,1.5138e-07
5.7114e-06,4.4412e-06,3.487e-07,2.1056e-06,1.1975e-06,1.5044e-06,2.104e-07,5.5209e-07,3.8001e-07,3.097e-10,6.358e-09,8.9051e-08,3.497e-08,4.3408e-07,2.6452e-07,8.3835e-07,4.2118e-06,4.5747e-08,3.2859e-06,1.0147e-07,1.5113e-07
5.7e-06,4.4326e-06,3.4823e-07,2.1011e-06,1.1945e-06,1.5022e-06,2.0986e-07,5.5087e-07,3.7919e-07,2.9697e-10,6.344e-09,8.8775e-08,3.48e-08,4.3339e-07,2.638e-07,8.3681e-07,4.2051e-06,4.5645e-08,3.2808e-06,1.0129e-07,1.5074e-07
5.6908e-06,4.4247e-06,3.4742e-07,2.0975e-06,1.1927e-06,1.4998e-06,2.0949e-07,5.4998e-07,3.7868e-07,2.8548e-10,6.352e-09,8.8635e-08,3.4708e-08,4.326e-07,2.6357e-07,8.3483e-07,4.1977e-06,4.5552e-08,3.276e-06,1.0117e-07,1.5059e-07
5.6809e-06,4.418e-06,3.4684e-07,2.0944e-06,1.1905e-06,1.497e-06,2.0897e-07,5.4886e-07,3.7799e-07,2.8519e-10,6.3468e-09,8.8393e-08,3.4615e-08,4.3174e-07,2.631e-07,8.333e-07,4.1912e-06,4.5416e-08,3.2707e-06,1.0086e-07,1.504e-07
5.6725e-06,4.4105e-06,3.4628e-07,2.0915e-06,1.1886e-06,1.4951e-06,2.0851e-07,5.4806e-07,3.7751e-07,2.7209e-10,6.2823e-09,8.8342e-08,3.4515e-08,4.3146e-07,2.6257e-07,8.3185e-07,4.1853e-06,4.5317e-08,3.2651e-06,1.0069e-07,1.5e-07
5.6644e-06,4.4042e-06,3.4579e-07,2.0881e-06,1.1865e-06,1.4927e-06,2.0795e-07,5.4673e-07,3.7662e-07,2.6896e-10,6.3028e-09,8.8289e-08,3.4376e-08,4.307e-07,2.6214e-07,8.3016e-07,4.1803e-06,4.5216e-08,3.2614e-06,1.0053e-07,1.4957e-07
5.6553e-06,4.3982e-06,3.4516e-07,2.0847e-06,1.185e-06,1.4903e-06,2.078e-07,5.4594e-07,3.7622e-07,2.5161e-10,6.2639e-09,8.8082e-08,3.4238e-08,4.3018e-07,2.6192e-07,8.2896e-07,4.1735e-06,4.5119e-08,3.2565e-06,1.0038e-07,1.495e-07
5.6476e-06,4.3907e-06,3.4464e-07,2.0822e-06,1.1833e-06,1.4886e-06,2.0722e-07,5.4479e-07,3.755e-07,2.4705e-10,6.2601e-09,8.7972e-08,3.4138e-08,4.2924e-07,2.6134e-07,8.2799e-07,4.1686e-06,4.5102e-08,3.2525e-06,1.003e-07,1.4923e-07
5.6396e-06,4.3857e-06,3.437e-07,2.0797e-06,1.1814e-06,1.4864e-06,2.0673e-07,5.4436e-07,3.7515e-07,2.3576e-10,6.2488e-09,8.773e-08,3.4048e-08,4.2911e-07,2.61e-07,8.2653e-07,4.1629e-06,4.4952e-08,3.2476e-06,1.0019e-07,1.4893e-07
5.6329e-06,4.3776e-06,3.4343e-07,2.0771e-06,1.18e-06,1.4842e-06,2.0658e-07,5.439e-07,3.7473e-07,2.3054e-10,6.219e-09,8.7527e-08,3.4018e-08,4.2815e-07,2.6075e-07,8.2549e-07,4.1571e-06,4.4844e-08,3.2439e-06,1.0002e-07,1.4861e-07
5.6256e-06,4.3717e-06,3.4301e-07,2.0734e-06,1.1779e-06,1.4827e-06,2.0618e-07,5.4243e-07,3.7427e-07,2.1947e-10,6.2135e-09,8.7399e-08,3.3888e-08,4.277e-07,2.6014e-07,8.2429e-07,4.1523e-06,4.4797e-08,3.2399e-06,9.9948e-08,1.4827e-07
5.6182e-06,4.3677e-06,3.4249e-07,2.0716e-06,1.1769e-06,1.4803e-06,2.0576e-07,5.4191e-07,3.7366e-07,2.1605e-10,6.194e-09,8.7194e-08,3.3791e-08,4.2724e-07,2.5976e-07,8.2272e-07,4.1469e-06,4.4742e-08,3.2362e-06,9.9776e-08,1.4827e-07
5.6122e-06,4.362e-06,3.4208e-07,2.0682e-06,1.1747e-06,1.4787e-06,2.0548e-07,5.4108e-07,3.7306e-07,2.1098e-10,6.2019e-09,8.7266e-08,3.3691e-08,4.2653e-07,2.595e-07,8.2194e-07,4.1437e-06,4.462e-08,3.2328e-06,9.9618e-08,1.4804e-07
5.6046e-06,4.3557e-06,3.4151e-07,2.0666e-06,1.1734e-06,1.4778e-06,2.0515e-07,5.4063e-07,3.7278e-07,2.0233e-10,6.1592e-09,8.7024e-08,3.3616e-08,4.26e-07,2.5924e-07,8.2071e-07,4.1383e-06,4.4583e-08,3.2298e-06,9.9555e-08,1.4779e-07
5.5994e-06,4.3523e-06,3.4089e-07,2.0642e-06,1.1725e-06,1.4754e-06,2.0488e-07,5.4006e-07,3.7223e-07,1.9703e-10,6.1577e-09,8.7007e-08,3.3583e-08,4.2586e-07,2.5911e-07,8.1995e-07,4.1339e-06,4.4574e-08,3.2251e-06,9.9404e-08,1.4764e-07
5.5925e-06,4.3486e-06,3.4079e-07,2.0615e-06,1.1714e-06,1.474e-06,2.0446e-07,5.3925e-07,3.7202e-07,1.8697e-10,6.152e-09,8.683e-08,3.3574e-08,4.2498e-07,2.586e-07,8.1862e-07,4.1297e-06,4.4467e-08,3.2224e-06,9.9221e-08,1.4735e-07
5.5884e-06,4.3431e-06,3.4051e-07,2.0604e-06,1.1701e-06,1.4725e-06,2.0436e-07,5.3855e-07,3.7131e-07,1.8696e-10,6.1148e-09,8.6574e-08,3.3441e-08,4.2488e-07,2.5863e-07,8.1774e-07,4.1259e-06,4.4385e-08,3.2193e-06,9.9275e-08,1.4739e-07
5.5818e-06,4.3387e-06,3.4e-07,2.0577e-06,1.1684e-06,1.4715e-06,2.0408e-07,5.3814e-07,3.7126e-07,1.7974e-10,6.123e-09,8.6632e-08,3.3352e-08,4.2452e-07,2.5806e-07,8.1711e-07,4.1218e-06,4.4334e-08,3.2171e-06,9.9089e-08,1.4719e-07
5.5769e-06,4.3351e-06,3.3976e-07,2.056e-06,1.1675e-06,1.47e-06,2.0371e-07,5.3771e-07,3.7078e-07,1.738e-10,6.0892e-09,8.6502e-08,3.3362e-08,4.2406e-07,2.5781e-07,8.1613e-07,4.1195e-06,4.4274e-08,3.2135e-06,9.9178e-08,1.4684e-07
5.5728e-06,4.3304e-06,3.3939e-07,2.0545e-06,1.1667e-06,1.4689e-06,2.0363e-07,5.3745e-07,3.7057e-07,1.6973e-10,6.1299e-09,8.6428e-08,3.3218e-08,4.2353e-07,2.5765e-07,8.1577e-07,4.1153e-06,4.4228e-08,3.2116e-06,9.9085e-08,1.4678e-07
5.5685e-06,4.3267e-06,3.3895e-07,2.0525e-06,1.1656e-06,1.4675e-06,2.0332e-07,5.3675e-07,3.7023e-07,1.675e-10,6.0857e-09,8.6349e-08,3.3212e-08,4.2331e-07,2.5747e-07,8.1452e-07,4.1127e-06,4.4164e-08,3.2091e-06,9.8904e-08,1.4649e-07
5.5636e-06,4.3245e-06,3.3871e-07,2.0511e-06,1.1643e-06,1.467e-06,2.0323e-07,5.361e-07,3.6998e-07,1.6304e-10,6.084e-09,8.6152e-08,3.3153e-08,4.2292e-07,2.5722e-07,8.139e-07,4.1096e-06,4.4188e-08,3.2068e-06,9.8884e-08,1.466e-07
5.5603e-06,4.3211e-06,3.3862e-07,2.0499e-06,1.1643e-06,1.4662e-06,2.0291e-07,5.3564e-07,3.6981e-07,1.6049e-10,6.0492e-09,8.6211e-08,3.3162e-08,4.229e-07,2.5705e-07,8.1339e-07,4.1067e-06,4.3997e-08,3.2046e-06,9.8797e-08,1.4659e-07
5.5553e-06,4.3187e-06,3.3845e-07,2.0483e-06,1.1629e-06,1.4646e-06,2.0292e-07,5.3536e-07,3.6934e-07,1.5896e-10,6.0216e-09,8.6177e-08,3.3044e-08,4.224e-07,2.5699e-07,8.1269e-07,4.104e-06,4.4045e-08,3.2026e-06,9.865e-08,1.4641e-07
5.5534e-06,4.315e-06,3.3838e-07,2.0467e-06,1.1622e-06,1.4638e-06,2.0272e-07,5.3537e-07,3.6932e-07,1.5875e-10,6.0448e-09,8.6013e-08,3.3023e-08,4.2212e-07,2.5649e-07,8.1206e-07,4.1015e-06,4.3954e-08,3.2014e-06,9.8723e-08,1.4614e-07
5.5497e-06,4.3131e-06,3.3781e-07,2.0456e-06,1.1613e-06,1.4632e-06,2.0242e-07,5.3434e-07,3.6905e-07,1.4725e-10,6.0716e-09,8.5837e-08,3.2991e-08,4.2225e-07,2.5665e-07,8.1154e-07,4.0984e-06,4.3887e-08,3.1994e-06,9.8634e-08,1.4599e-07
5.5468e-06,4.3107e-06,3.3743e-07,2.0451e-06,1.1605e-06,1.462e-06,2.0222e-07,5.3437e-07,3.6889e-07,1.3884e-10,6.0375e-09,8.589e-08,3.291e-08,4.2181e-07,2.5608e-07,8.1125e-07,4.0972e-06,4.3886e-08,3.1973e-06,9.8439e-08,1.4604e-07
5.5438e-06,4.3082e-06,3.3752e-07,2.0441e-06,1.1604e-06,1.4615e-06,2.0222e-07,5.3392e-07,3.6882e-07,1.4131e-10,6.0431e-09,8.5917e-08,3.2952e-08,4.2139e-07,2.5611e-07,8.1092e-07,4.096e-06,4.3871e-08,3.1967e-06,9.8427e-08,1.4578e-07
5.5402e-06,4.3068e-06,3.3703e-07,2.0428e-06,1.1594e-06,1.461e-06,2.022e-07,5.3386e-07,3.6847e-07,1.4343e-10,6.0253e-09,8.5835e-08,3.2875e-08,4.2125e-07,2.5607e-07,8.1009e-07,4.0938e-06,4.3832e-08,3.1942e-06,9.8372e-08,1.4593e-07
5.5394e-06,4.3043e-06,3.3712e-07,2.0417e-06,1.1594e-06,1.4603e-06,2.0211e-07,5.3379e-07,3.6817e-07,1.4113e-10,6.0373e-09,8.5736e-08,3.294e-08,4.2125e-07,2.559e-07,8.1006e-07,4.0932e-06,4.3845e-08,3.1935e-06,9.8408e-08,1.4594e-07
5.537e-06,4.3032e-06,3.3697e-07,2.042e-06,1.1589e-06,1.4598e-06,2.0174e-07,5.333e-07,3.6804e-07,1.354e-10,6.0178e-09,8.5652e-08,3.2884e-08,4.2106e-07,2.5597e-07,8.0975e-07,4.091e-06,4.3766e-08,3.1926e-06,9.8312e-08,1.4572e-07
5.5361e-06,4.302e-06,3.3707e-07,2.041e-06,1.1586e-06,1.4596e-06,2.0188e-07,5.3336e-07,3.6792e-07,1.324e-10,6.0092e-09,8.5852e-08,3.2891e-08,4.2072e-07,2.5613e-07,8.0962e-07,4.0897e-06,4.3753e-08,3.1925e-06,9.838e-08,1.4574e-07
5.5351e-06,4.3014e-06,3.367e-07,2.0409e-06,1.1583e-06,1.4593e-06,2.0202e-07,5.3303e-07,3.6789e-07,1.3529e-10,6.0233e-09,8.5681e-08,3.2818e-08,4.2078e-07,2.557e-07,8.0905e-07,4.0882e-06,4.3845e-08,3.1916e-06,9.8345e-08,1.4566e-07
5.5333e-06,4.2999e-06,3.3654e-07,2.0395e-06,1.158e-06,1.459e-06,2.0163e-07,5.3285e-07,3.6766e-07,1.3667e-10,6.0417e-09,8.5687e-08,3.2882e-08,4.2038e-07,2.5582e-07,8.0907e-07,4.0879e-06,4.376e-08,3.1909e-06,9.8286e-08,1.4568e-07
5.533e-06,4.2995e-06,3.3649e-07,2.0395e-06,1.1575e-06,1.4588e-06,2.0156e-07,5.3305e-07,3.6786e-07,1.3208e-10,6.0225e-09,8.5582e-08,3.2798e-08,4.2064e-07,2.5565e-07,8.0909e-07,4.0875e-06,4.3753e-08,3.1899e-06,9.8235e-08,1.4553e-07
5.5328e-06,4.3e-06,3.3679e-07,2.0399e-06,1.1577e-06,1.4585e-06,2.0149e-07,5.3314e-07,3.6779e-07,1.3381e-10,6.0383e-09,8.5689e-08,3.2748e-08,4.2063e-07,2.5559e-07,8.0892e-07,4.0871e-06,4.3718e-08,3.1903e-06,9.82e-08,1.458e-07
5.5211e-06,4.29e-06,3.3604e-07,2.0354e-06,1.1554e-06,1.4556e-06,2.0137e-07,5.3162e-07,3.6708e-07,1.2877e-10,6.0193e-09,8.5406e-08,3.2737e-08,4.1992e-07,2.5515e-07,8.0685e-07,4.0786e-06,4.3678e-08,3.1841e-06,9.8041e-08,1.452e-07
