0.8680882095657766,0.5129611491440579,0.9507844150126078,0.9291100220945784,0.6575684908550611,1.5586127928362632,0.7722205294964789,-1.392983052762343,-1.5217561174600898,-1.735650858431533,-1.1100938245263343,-1.3869200837440212,-0.15496446840934036,-1.0752935685686291,-2.5999391291495213,-3.5015948470313467,-3.1869681225209447,-2.6545109786175107,-0.9280270634116712,-1.6328886055029357,-3.3099834592296533
0.1716169156432629,-0.4262635679079739,-0.3973642572080002,0.13149145182269895,-0.9102143124283216,0.7263153003743633,0.10320360558585093,-0.29271061368078183,-0.8124117344695994,-0.6353786723310506,0.07845233012173101,-0.024978540251617387,0.7529964781776589,0.4190589475569191,-1.7280083643211117,-2.590030795777893,-2.6202129516136514,-2.349335159901734,-0.16310591805767224,-0.9155273558346778,-3.801435367664793
-1.1693070054066192,-1.976706750296916,-2.443429225739331,-1.4695253918687687,-2.9880683796707164,-0.845802480892207,-1.4645792352608762,0.16126978646156276,-0.9069909244853924,0.14962920308165212,0.9738027213362755,0.7757925281913338,0.16660505731205802,0.8888026250565385,0.3844422630228837,0.013871572682490651,-0.40075287722296776,-0.7758964273628302,1.945381249045277,1.0502802966387714,-2.3865295330410485
-1.3296977285928546,-2.1833362117505217,-2.6038198980132647,-1.6992742138413277,-2.9187102229871713,-0.7475450714835179,-1.6697636722849725,-0.5890591200962141,-1.8559361883940595,-0.9664060896900776,0.7089807946964368,0.17363785570682774,-1.289915762216478,-0.5456496915825594,1.0819868454238868,1.2306114213643502,0.4751413205986494,0.5637063363751209,2.2822635448240973,1.6883751612115685,-1.5581952236674643
-0.3919179445454988,-1.0273673733791864,-1.2889052880868233,-0.3294511546189774,-1.3884964436829952,-0.19990483957987584,-0.5224645433899684,-0.6804856846460721,-2.2973062939342697,-1.8365354301030197,0.2550003247895651,0.12634821904341245,-1.1669626920581695,-1.8067065956709265,0.566754978927937,0.5687366063941964,0.5900776319287635,1.2810675209040177,1.3548462793067262,0.6658380651539499,-1.9069675689378944
0.4461595053151723,0.05490846909248274,-0.14305119371065514,0.8337425937135824,-0.1530547688942022,-0.017839690431570455,0.6479539477314129,-0.1003995265655377,-1.6226407097900035,-1.4140812985051967,0.012246767267376321,0.586633978489708,-0.09506432277026744,-1.9170490193564984,1.1018034986414749,1.127565096940968,1.5293849145809373,2.2481180719949387,1.759105143573258,0.3170658041815179,-1.1063765224683415
1.1108415693653602,0.715255752910311,0.5722045845722251,1.391497517613552,0.5911002602511776,1.3057446593944084,1.1883692966821868,0.5648080524890785,-0.3804997213940309,-0.512425715286102,0.07214697657504687,0.5677181146127154,1.1754505769251942,-1.1950940058104218,1.8231280765690647,2.2531484514311115,2.365645722095128,2.7395700817579747,2.595366036236941,0.4914518303596058,0.2015196096602379
1.4793066828189272,0.4566076760395214,0.34823564471653085,1.433401268429291,0.4133699745333826,2.445818917598958,0.6363942427918888,0.848545831491376,0.4454926078214306,-0.190856149602499,0.7058280744049302,0.34072792724139633,1.4970200352527043,-0.6276183837985656,1.7914214730590257,2.4037546941048498,2.2903426865463725,2.4779907836363857,2.452686379833536,0.3725522989100154,0.31645596441659274
1.06460292950774,-0.41614881584134267,-0.5953239158977975,0.9189952419330484,-0.4420469518667328,1.4198965957292764,-0.3808583706880037,0.3031386896785536,-0.3363626455119649,-0.6637525067540941,0.8193232183820093,-0.4789591561221371,0.002667676266673605,-1.1541096329480616,2.4691495265606997,2.693077240229308,2.0406534468570903,2.5889637134887358,1.7749584395806868,1.4069792831009564,0.21737297038128064
0.3854711590012387,-0.5967689259694174,-0.7788340607598333,0.5591998897994367,-0.37991362862074013,-0.1262117413899455,-0.6886351269622079,-1.030429083398068,-1.5154509003944951,-1.234380724429563,-0.5836026173710199,-1.5445522196148032,-1.46961642942437,-2.040002094594748,2.6792055453900447,2.506801100271743,1.5967614788111746,1.867639141947358,0.8079078880640177,2.385919706146796,0.1896297909237528
-0.05090706606204543,-0.4956216801984761,-0.1213767759752673,0.3554603943171408,0.5260769772426919,-0.5206861405108026,-0.2652615533473019,-0.5669906727474677,-0.7209850991392259,-0.15932967989230068,-0.3692229924840735,-0.9423975945430826,-0.2747648954912499,-1.245536248635995,1.1414367011942708,0.8659858754539229,-0.055943813805396585,0.09999771596311212,-0.8646138214803009,1.2207031388859166,-0.6585211635782168
-0.4150372699846353,-0.9435595942135808,-0.21963406617466616,-0.03901392533085618,0.6850227328100935,-0.7648845928816645,-0.4198723604233985,1.6367063689455916,1.8168920419354748,1.8489035073198852,2.206485870248684,1.147804288949062,2.193754011205026,0.5546225605571605,0.19420275521147365,-0.05350484509061957,-0.6742220490024639,0.04847443794811162,-1.819774360545389,0.7688845390146904,-0.6545577893381591
-0.9279984808228432,-1.6963843300413244,-1.0447068664496049,-0.6574572826234195,-0.17472914192610642,-1.1636938287351184,-1.5585016795696742,2.2546242937263288,2.560915579706743,1.9718565910247037,2.837014406958556,1.308589134612805,2.351386101356336,0.7753075078338175,0.9591238550104936,0.5608099958562587,0.2611219475393764,0.9045519527498184,-1.411552344704723,1.9578809140475235,0.6969349174545363
-1.1447426046256746,-1.762852531308547,-1.3900525605556775,-1.0042478963852122,-0.3712438115766512,-1.1189000686415689,-2.172610122985087,0.7287454450489967,0.8364202290695242,0.3261772417756435,0.3968692181853358,-0.7059493716024643,1.0461922443204823,-0.3785595702645663,1.2761895899589242,0.616296571476774,0.5662977130367207,0.2347505583212925,-1.1499730695734969,1.628925262014944,1.4777092379036842
-0.3456791159398374,-0.8539720153531588,-0.6184433416093292,-0.17195038591774225,0.3685762701639667,-0.5235760516893021,-1.099004084984653,0.2936807174391887,0.530614046067312,0.4239091273605618,-0.31878061317741024,-0.7059493797303704,1.4875622770482009,0.248816226850023,0.982903887577109,0.2635607957676217,-0.28185317419714945,0.14359423400281549,-1.4828921162820126,1.466429089484634,1.101193724670908
0.5689811733228939,-0.023119316352770185,0.22107907788804151,0.7369301516132858,0.7413761615215871,0.3130563422321126,0.2635942542662797,0.5837238797904942,1.1516844351105142,1.5525551387401941,0.6396226429517239,0.9050508668919748,1.3362352651107552,1.358546287654998,1.2325931136424717,0.03368825144492687,-0.4047161684422701,0.5795596119466718,-1.4630755533228863,2.92096820797894,0.97040416842306
-0.4280418785921756,-0.7990634820829982,-0.6328929704554286,-0.5924340450945188,-0.5489740619041884,-0.2764877053694086,-0.1843437131446524,-0.6615698011266394,-0.226020294300222,0.9377897500184244,-0.4543442630918919,0.8829823148964376,-0.9525830231450658,0.995992502861924,0.3804788743074124,-0.7074529562841404,-0.6900753177620552,-0.11402170137389675,-1.5225253545975947,1.6883750926662282,0.35212599836535524
-1.8585533979050333,-1.924688213886931,-1.6313610721009384,-2.245469499856999,-1.8046452571243887,-1.753238038231547,-1.0195312181439922,-2.247348989158139,-1.8275625104332087,-0.496662423366329,-2.1283973803860947,-0.17630546142744397,-1.9172915887947264,0.2393582945728638,-1.6844117773103189,-2.193698678714233,-1.8552919169539936,-1.4496611853877266,-2.0139772681417045,-1.8508713621687098,-1.058816768982253
-1.143297691489212,-1.1241797374036058,-0.6531224657411286,-1.4016122620982607,-0.9073243896082906,-1.1709186789364758,0.05696483503262975,-2.4554234013821072,-2.158589935581479,-0.7867055078252,-2.109481501946604,-0.13847376550775695,-1.9645812301994203,0.4348221727601299,-3.309373744437983,-3.018069516777338,-2.751002677308989,-2.797190639278391,-2.3786028613101,-3.1666941107956914,-2.402382725166096
0.18028666718433115,0.24564339275448,0.7990634734802042,-0.0895875467417334,0.5983250078518321,0.6179432000558918,1.4975909949638524,-2.379759924538381,-1.9536682632914577,-0.6669051227374713,-1.6807221614110928,0.1894010267239978,-2.9513582100088787,0.4600433092434091,-2.6633523106247523,-2.1065055885648993,-1.629382545492806,-2.896273703562034,-0.9478436289252816,-2.278910013771319,-1.7325813699063364
0.13982778542245233,0.8626418147140592,0.9536743108242844,-0.2470883286367052,0.8222939896170431,0.8751462565329025,1.5857336408195968,-2.1590750693779928,-1.3199870340604252,-0.7141947546596082,-1.2488101496901756,-0.08487882135579229,-2.6266360953971226,0.4159062872087203,-0.5509017663015113,0.22392768219604625,0.7763538059461249,-0.2844445436210423,1.6362422991912442,-1.5575854532993758,0.6771182472070495
0.015561087862946438,1.0201425593561275,0.8438572528210875,-0.260093020597616,0.6445638212458923,0.03128895606511342,1.3733244197180443,-0.6678750774582164,0.464408491679526,0.02667619828525539,-0.3061700991218116,0.4636809134113414,-0.06038519440518403,0.9707713291257416,0.05152320013596448,0.7391595188896737,1.3470721067144322,1.4277105191906727,2.4685397669509217,-1.7517882680827443,1.2319832081159392
0.07769439387947126,1.1371844019024415,0.8669766689089532,0.054908586964488686,0.4885080066593126,-0.12043187696821045,1.3444251407606476,0.6719978053279063,1.6277335501451804,0.8778896433255681,0.2550002702648615,1.3464208108900522,0.8696442510072995,1.3490883919534156,-1.597218660764642,-0.8461692158828714,-0.20258677122029614,-0.1338382979670724,1.2280200398230283,-2.2075702788083107,-0.3374920782315862
-0.2806558433311206,0.8019534011896794,0.6747968451490102,-0.2456433442540657,0.15905688076805385,0.15555559122600635,1.0987817331885867,0.3567335549220964,0.965678589105919,0.486961995323117,0.0816049522010386,1.005935484282933,-0.35042829986114604,0.8131391902069948,-1.9539176915045624,-1.5120072943987417,-0.8010482982783526,-1.3783213703841952,0.8871743285066478,-1.585328753243436,-0.6030346347899229
-0.16072414269169374,0.7687192938815898,0.833742565170933,-0.2340836846389067,0.2862134635842477,0.104981962985431,0.9239414323789952,-0.053109875339623636,0.1459916246130124,-0.2633668401154811,0.08475760577598238,0.4447651233628292,-0.4859919379224316,-0.009700408895740923,-0.8957107935305482,-0.5647732939202708,0.1739288599445269,-0.5579137873518598,2.0087944185995794,-0.4359653985434837,0.4749889104412152
0.29443860538184435,1.0736060961364549,1.1068401723228494,0.05201855828412444,0.24286462531950376,0.05007346541596936,0.8719228514207474,0.16126972956621993,-0.13459357430415927,-0.4682886258575255,-0.14223264661858556,0.11373768940932713,0.1539944751852453,-0.6465342429342796,-0.8243709785270169,-0.5528834394209984,-0.03216385702182945,-0.8908327518911152,1.1011937662795348,-0.693581276870036,0.4868789211898058
0.09936890133226713,0.9970231780376378,0.7282604053676223,-0.1170418628921296,-0.11982060943204866,0.03417887981646734,0.2216903389168857,0.1675750776943001,-0.09676190039755124,-0.43676225943946745,-0.6529607382974216,-0.7658496059711788,-0.11398010638418725,-0.5992445192345367,-1.4149058571556117,-1.2306114827047334,-1.3281700903734008,-2.2542154868880475,-1.0231467798515992,-0.7569945796832934,0.03506017486145185
0.04446031218275195,0.9739037928386384,0.527410836430648,0.06213329110342334,-0.14294001372316167,-0.16811568545511904,-0.6712955625680012,0.8359353052439182,0.697703985184744,0.055049996132721504,0.031162665010645033,-1.3049514392794637,-0.08875900444450929,0.4285168689968705,-0.8798574323837579,-0.7906825844894397,-1.268720237157502,-1.790506872436502,-1.1261930753241525,0.03566993032838004,0.4274288844767509
0.4981780955866452,1.2368866691891205,0.44504799570243453,0.6285581118307818,0.02178555845808316,-0.025064539701606117,-1.146687742286863,1.7312856961198,1.6025123361081304,0.6445941237433183,0.8319338506309101,-1.2450512215052243,0.6426540318016829,1.2860355527771938,-0.4002954891422297,-0.6123332798644735,-0.7970850117422723,-0.914612741457237,-1.039000134612177,-0.4676719113693134,0.6573016842479233
0.7423765678257226,1.3192495179887958,0.1965147441623212,0.6083286340849909,-0.15594465166736332,0.5962686514696829,-1.5816210501779542,1.8636966582544,1.7443813659849916,0.6918837255244696,0.7657283199495161,-1.336477856158272,1.761842084827123,1.2891882395410874,-0.4755985745034377,-0.6678197043446392,-0.7653783852418701,-1.1801552622527869,-1.8316644172747056,-0.5746817556383849,0.9466242086592612
0.38402619215850814,1.0678262874388535,-0.18784495458030767,0.05346359280296261,-0.1819539104815191,0.4691122958961969,-2.0281140311883816,2.614025564812177,2.674410721651846,1.4768916798455936,1.7493528033235481,-0.9487029321726174,2.991372663136961,2.3926130257077998,-0.11493626446514316,-0.2794141786602828,-0.4403859924975333,-1.0612556426734716,-2.1170236296051157,0.7173612013950451,1.6322788812138218
-0.12315514075378772,0.5895441176895144,-0.42915340186431056,-0.6603472288817357,-0.24986712453671936,-0.2360288186404757,-1.911072133849256,3.7048398115235823,3.9480782637463783,2.8640542717689614,3.2184841362303582,0.5708707312734185,2.9882199038992385,3.6505173602095855,-0.7054712716694718,-0.7946459966210213,-0.6662954571974151,-0.8432729622164928,-1.9069675767159728,-0.5350484900749641,1.2319833366916728
-0.9973566357989632,-0.2152991855922992,-0.7152557590295774,-1.3741579949975202,-0.7527135881201295,-1.2012628652871795,-1.8677233699350977,3.818334858981777,3.8881780551160334,3.3274927630212967,3.3635056964089216,2.0400020844999944,2.4932550509701232,3.5023431495040445,-0.9551605679831658,-0.7589762091800406,-0.2501465970834534,-0.3240778083329673,-0.7813841587894564,-1.2682629646508248,1.414296245460327
-0.9149937981751588,-0.09103253599590576,-0.6791316363900802,-0.8525270281168518,-0.5923229158461952,-0.962844244276102,-1.9688706343324904,3.938135361924143,3.6233561301695087,3.3716297891199387,3.1901103908756188,2.6610726973992755,3.016593756610072,3.303726683781072,1.7716048462377796,2.225405243448503,1.81870735256554,2.1529984573086542,1.7670318026464062,2.3066532303671257,3.320653967657587
1.768298915306774,2.28014861785162,0.7152557477104259,1.7917517909350311,1.1141761100003258,1.7291182328540924,-0.7623280938356544,5.06047602111174,4.840276009513885,3.8760525072709884,4.545746536117855,3.411401651369838,3.814212330310911,4.0698188355231615,4.8035459518760115,4.968024000083352,3.1939800991625584,4.348678657936526,3.0788913694711852,4.684646355942057,4.164841494701067
4.3359947333721305,4.581971656149015,2.197785770681759,4.326213487722456,2.6256054449910065,4.224566045921678,0.6219445661378975,5.68154654528138,5.789221502697238,3.9170368506696893,5.094306348438759,3.714055306779652,4.501488352988983,4.542715217058474,4.462700199687875,4.6469948793996805,2.100103231527648,5.050186701855816,2.4090899805773742,2.2511667675696887,2.55176955407465
3.942965341606536,4.256855358142787,1.8047563854354216,4.108024329866448,2.023056671280079,3.5252048765213644,0.4572190440928516,4.742059132709473,5.423514879758019,3.3022716563403405,3.8206387833151583,3.137121680016806,4.198834568887322,4.167550672001979,2.5761591349656756,2.7842336433110657,0.003506076876278705,4.519101567877518,1.0694871648982331,0.2457259036027466,0.253042917903308
2.6872941105304147,2.8523532241487364,0.6141084677909907,2.4968927263473284,0.5723157512107625,1.9689817876459503,-0.4285420880605204,3.4179493183257073,4.613285788614953,2.482584648159938,3.1302101693760895,2.6169356916204,2.5689183655943904,3.379390180944562,1.573438726185442,1.5080440329490126,-1.5184095045203692,2.9654794383180016,0.007316856495626408,0.7847376966541937,-1.249056161416101
2.0327267771264395,1.6790447802497788,-0.20662945291051268,1.3640432803151317,-0.3437895427684842,1.5817321802083495,-0.7449886242811301,1.6240958938362091,2.7469216085892256,1.1174904517699162,1.8628478904052836,1.5544952427564596,0.2422684186717836,1.8062215550587728,1.4426490992635157,1.242501317161125,-1.482739743475731,2.1965949821603163,0.1975563425939157,1.3594193256818334,-1.467038860180221
0.22363553292309055,-0.2283038552014685,-1.375602981069675,0.047683731796076566,-1.3942763126061222,0.3405106394456176,-1.4905885092866338,-2.1559223710995656,-0.9101435546926054,-1.5874767747245258,-2.2135186262715334,-1.1536245160716605,-3.093227181974408,-1.0942093870648129,0.8758941122791267,0.9650688682119928,-1.1418939980995524,2.0222087575839107,0.7563848020611228,0.6737647391282594,-1.3322859079791949
-2.3353906219216203,-2.774325238146749,-2.5835904325298866,-2.037395121075977,-2.6354978417273234,-1.8789496039135904,-2.3821294776116235,-5.727866147273593,-4.605040412200811,-4.188406650328656,-6.516875501344359,-3.924797248525116,-6.305769736168686,-3.269532634974361,0.2655425889478934,0.009908313819995549,-1.8592552264804367,0.6271194940084941,-0.05609621300802143,-0.4676718977453946,-1.7008749158336558
-4.358336147667171,-4.736582419441009,-3.027193461849283,-4.398461507024386,-2.9649489794153348,-3.910564875767495,-2.7563744061268296,-7.704572869178194,-6.36421496570892,-4.986025236898682,-9.064210676295048,-4.9399480248273875,-7.860022449410045,-3.654154983954829,-0.3646255054316678,-1.1711615749931596,-2.7510026168528494,-0.9106493799896032,-1.2014963369448106,-1.2325930367131808,-2.0694637125173774
-6.787315712901406,-6.88379461542727,-3.6254073848577737,-7.1800116393834506,-3.2221520695751784,-6.0823413862321445,-3.2924549860211134,-8.710265909289044,-7.2185809898183715,-5.124741393747135,-9.685281088705976,-5.148022525780996,-8.383361101879938,-3.2190904351589564,-1.644778515578626,-2.9705096875082004,-3.6506766790708345,-2.551464621411576,-2.4103094337405744,-1.6447785800629915,-2.17647341884427
-9.424369574649832,-8.92118970467112,-4.574746816413096,-9.642225457988198,-4.0024310681574935,-8.167420198436448,-4.071289020709885,-8.722876475160044,-7.994131008475707,-4.919819685897523,-8.878204699227965,-5.006153623579995,-8.55360375417696,-2.487677346420037,-4.470627054965101,-5.657641918334988,-5.358868442999793,-5.151403741227401,-4.6416596308514295,-3.18651071207209,-3.028587666268532
-10.301461056155414,-9.42692614136598,-4.547292570267111,-10.431174114048002,-4.250964336771855,-8.863891486460583,-3.974476698439759,-8.401306944697366,-8.09501549852947,-4.560418446307311,-7.982854268728541,-4.4575937729902,-8.367597797768308,-1.9359649367422065,-6.480031202913637,-6.997244691865131,-5.905806798905461,-7.303487468093305,-5.798949507959595,-4.7242796303479215,-3.3813232793421526
-9.951780489771267,-8.636532383266454,-3.808917381949961,-9.707248587018018,-3.8680496439875056,-8.49687131610102,-3.608901470863762,-8.208995655061798,-7.218580990495693,-4.115895946946488,-7.9923121769606436,-3.697806994437234,-8.159523425506546,-1.7783327974847971,-5.516944076300977,-4.72626120960647,-3.2028213538147585,-6.253207201944603,-3.5517460744459552,-4.125817950446527,-1.3798457508722504
-8.619526437919538,-7.214690714990957,-3.1153361145347263,-8.279627027467653,-3.467795449983663,-7.349572236876553,-3.0872704810104694,-7.074044423907268,-5.260790065074197,-2.9809446419634815,-7.0023824517986375,-2.7110299021917417,-7.2421045039708805,-1.028003866543303,-4.438920477425659,-2.312598311917467,-1.3083534635521552,-4.984944254913173,-2.013977222586726,-3.539246446483737,0.15395985958012873
-5.593777819351555,-4.2828646206702965,-1.3481486711280952,-5.946014871832747,-2.2569180485398435,-5.104102767299478,-1.4429047683206129,-5.1036429918807515,-3.05394041958962,-1.688361232605326,-5.063507400752678,-1.8535111398416588,-5.558593551595728,-0.006547765819342729,-5.207804832255448,-3.0061797027240753,-2.786672541384513,-5.856875057207359,-4.023381410129777,-4.216974332240913,-1.1816795959086208
-2.7038556722004725,-0.9291099723524008,0.6328930468358194,-3.1326756089424284,-0.5561988652289775,-3.0840470800892663,0.28671361354346864,-3.7826857999149532,-1.9599735690866933,-1.9657937982673204,-3.9317088411222185,-1.944937857128419,-4.817722447268614,-0.22408010388587726,-4.224900995800784,-2.5939940435709543,-3.171114790750728,-5.198963628823941,-4.602026415951959,-3.0834644063815966,-1.8237377725623471
-0.9381131756131372,1.1603037346369371,1.3510386195714366,-1.2079874688568395,0.2284150144789744,-1.7619077022282934,0.7505462011680578,-2.2631122109747213,-0.5381317773404031,-1.9342673106079964,-2.516172405631913,-1.9607010227269852,-3.4021861411474803,-0.18940106086380815,-0.7054712380354223,0.5726999627528612,-0.8089748811427054,-1.905443238262292,-1.9267842133294093,-0.4755985913040875,-0.18292248643689107
0.6108850652340033,2.2512493620220675,1.6400308188421124,0.2326387759799567,0.7442661355643604,-0.0005001839345844066,0.8950422077487484,1.0093305863935005,2.9234695981771184,0.6729678853538698,0.532432724506809,0.4226965876231033,-0.10767490015580128,2.3736971008715098,0.9194906831115154,2.241258550099618,0.3047185230549879,-0.19725145815492995,-0.4999883002632268,0.5905349108216527,0.25304286511062263
2.011052385468083,3.1760244905853114,2.048954802416026,2.0243904990956003,1.4161730322759984,1.187257871891444,1.2591724940933855,3.5944972859005206,5.994143174987259,3.5008881332391826,2.7802668847534417,2.8439259487562447,1.9604585407288757,4.504883486933849,0.7054711904172057,2.015349138192423,-0.24221997632757675,-0.10213171787314372,-0.6268144912117125,0.7768110409870252,-0.7774207576126843
2.8924786437911765,3.9360740255468922,2.4968927696717382,3.7410042394454086,2.1328737330085668,1.3317539112236445,1.4340127016154998,3.408491396208431,6.050890745621147,3.289661018334173,2.2884546305359033,2.301671415814882,0.904323220878214,4.044597632661983,1.2127764736230549,2.7247837262330474,0.06295590752756175,0.9005886734514446,0.5819985561973452,1.2365563425061468,-0.8963205172629151
3.4747979686273123,4.665779422276104,2.9014818795705932,4.567522010133149,2.9232674221902237,1.6337507737394514,1.5250453342420929,2.0654657108357526,4.799291710480006,1.202611825331212,1.5948732641323673,0.14211145847045895,-0.19594882162926133,2.3800024175039547,1.9063577298934642,4.199139509865868,0.7129405810446529,1.911235800483724,1.5530123627447818,1.4545390510624585,-0.4722449491148467
3.3433064755040385,4.655664658102278,2.6168245837772983,4.125363935238849,2.936272083417489,1.7522375888716528,1.3487600108656357,2.122213365458004,4.9569238368682305,0.5752359347457028,1.9448165707680931,-0.7690022080693836,0.3273897536255257,2.0521276239175488,1.8270913669368718,4.603398270250021,0.387948264083364,1.6575830507409441,1.0536338671878147,1.4664290784151999,-0.7338243558020384
1.98937798340996,3.5387097278203896,1.3914975199597668,2.749760982102881,1.8612210309216517,0.6237229831421224,0.4196500143704887,3.1909590967494506,6.0319749447354285,1.5683182609899267,2.9662726904571683,0.3911701676963305,1.4781042607826778,2.868662098070958,0.64998473741196,3.703724256567247,-0.6583687495890556,0.5518163269037728,-0.19877583620312425,0.5152318722926652,-1.7167282037518834
1.317470991082537,2.600929965038235,0.4797271103657877,2.020055620143047,1.143075406497631,0.4503276833237558,-0.12221039843578364,4.8839281382026165,7.3781532643792715,3.1698606450996425,4.955590038853405,2.213397437784744,3.4926427297450435,3.940560461601593,0.21798261918209394,3.501594844869859,-0.9952510649522582,0.31005368881173184,-0.5792547428345944,0.2615792187688113,-1.562158459113849
2.2783701539648558,3.1254508319215333,1.0331471781306063,2.9751748754523506,1.7961978250577182,1.9429725387659025,0.43265470508963655,6.41611222460397,8.383846080972704,4.080974324508668,6.916533619204498,3.099289969195956,5.560776197722743,4.435525306402802,1.8231280097267129,4.805527659808541,0.05106585973894207,2.16092495417202,0.7286414965823461,2.1520836998800656,0.035060186782381014
3.6915421028299122,4.402796421438837,2.480998199439058,4.407131332271279,3.0865480522087854,3.3850436596414792,1.6811010730811036,6.3719752398221825,8.008681648690906,3.57024624603768,6.468858355864674,2.664225303561433,5.39683881600003,3.571701238257485,3.796862300837433,6.129277269738715,1.204392526519823,4.1861825445851135,2.2426303703706343,4.1139281020059695,1.1606435693718573
4.555628852327712,5.356470744053905,3.410108174669007,4.774151507287454,3.8899464580313983,4.4326404765463225,2.464269972131707,5.221260759758052,6.668808722217285,2.4951951134481005,4.593036183618479,1.7877907599680698,3.451658382959716,2.0458223455539954,4.534040205852016,6.160983746801759,0.7961703884896341,4.467578244307541,1.4182594897327838,4.054478233037415,0.5661452611560348
5.005011745758401,5.775509498476123,3.3190756176347618,4.515503412255875,3.8191432933717095,4.867573737560844,2.2865398096589327,5.312687403216334,6.489107999468705,2.3943106071385256,4.8704686818865826,1.9170490959594093,3.735396158236723,2.18453861449982,4.22093780384614,5.879587829096631,-0.2580731752645841,4.221852344798518,-0.38901530399427264,3.812715586430424,-0.4405384648140969
4.744918706701495,5.239428916719193,2.566250863180568,4.245295674528161,2.989735638824268,4.113304029612875,1.4686917506206114,6.233259002033335,6.9840728822001426,3.3432559841605536,6.320684193587907,2.8786049714585498,5.819292830420537,3.4960379568221684,4.014844900828142,5.998487619826426,-0.25410995216487525,4.0038696158063285,-1.1341196939512928,4.113928068371918,-0.17895922203967882
4.2001683612963046,4.363782519868647,1.6992742382049657,3.7308896022418954,1.8092024327339369,3.614792429925636,0.7216469478220313,5.448251059226744,6.044585481820094,3.794083872627649,6.137830969662619,3.4744543676114787,4.914484447324192,3.555938172903093,4.185267898473112,5.911294475607164,0.21356209187389716,3.1993153717819145,-1.3679557977141918,3.923688603135255,0.3006027237563341
4.659665983976223,4.3912367186724,1.7527377538753142,4.093574685343087,1.592458269194676,4.925372105485831,0.7967849031138493,4.474084569089167,4.833970845957006,3.92334214359574,5.204648789396131,3.9000611331418056,3.130088801358964,3.221757909947341,4.197157770002281,5.261309748020146,-0.09954038378629083,2.7752398266242104,-1.6453883152086657,4.2764243039128536,-0.004573035354797587
5.244875300084599,4.7597018572716765,2.2873733658403252,4.917202574344208,1.8800055135745943,5.449893061620877,1.1421306012556531,3.9602038597336393,4.25703722529009,4.021074064401583,4.548899123653562,3.688834146251315,3.9434705823138865,3.4014585961203463,4.450810437575802,5.142410082885852,-0.206550034766014,3.1240122289448,-1.2490561508870393,5.3980442867174245,-0.33749213272726164
4.007988582084623,3.735224441243096,1.6790447783095233,3.862380954269797,0.8887622320176795,3.2896761775542145,0.4774484887766917,2.9860373838198986,3.4846398202454925,3.327492754216065,3.041936102616308,1.9801019496981287,4.309177164952237,3.2848108131308225,4.930372378262844,5.633861930013357,0.6297108408677708,4.253558870396772,-0.05609634584122958,6.143148822280077,0.29663938485331576
2.669954583233892,2.3003780605175934,0.8886510711222981,2.5070075116311332,-0.07358182661641299,1.5745073880594322,-0.2551468077999277,2.115908054582828,2.986522372668752,3.1887764751103576,1.9952588711663344,1.2991311935304135,3.2719578173506494,3.3573215557978684,5.077015324608312,5.5981919986697335,0.8437301994516299,5.042259995950449,0.6771183049940799,6.008395873059285,0.6493750226202901
3.148236709831952,2.756985776675626,1.4146169368237351,3.1211159333156844,0.32667230731712177,2.668342924139535,0.2578144339271464,1.1385889007104228,3.0779490262869142,3.690046654493138,2.1276698451541303,2.2638397324257165,1.6956365859800282,4.104497879222556,4.645013209784425,4.888757448520633,0.5662977258091444,4.871837250347976,1.0338172522874978,5.60413711480387,0.7088248813709059
4.020993203730681,3.7944678724027012,2.1847811134902235,3.830591881635767,1.0953916143088671,3.689930415174995,0.9759599807409524,-1.1817559144896017,1.6655651620765048,2.841985814598996,-0.07917990497723773,1.384252619923099,0.11301006913393505,3.7923862414134963,3.911798517225864,4.135726265380014,0.9745198451064444,4.067282885837031,1.5926456129812927,5.053235361667778,1.32710311869671
3.4892476288279397,3.4173330102020345,2.212235420793056,3.2005887121463616,1.6733760817680885,2.4660484239053084,1.1305708731882849,-3.574611490983125,-0.1724252922369259,1.2499014626719522,-4.193378174807747,-0.8415129768134619,-0.2369332402110935,3.007378279641792,3.868202231644275,4.008900069322558,1.4461551458789743,4.828240572227227,2.278300309377713,4.827326057474691,2.0325742980117316
2.1107546685872447,2.270033898536498,1.9102385272331632,2.0446199589910417,1.9479186705086764,0.4272083066618786,1.1825894920203173,-4.082186873207664,0.023038475884945512,1.3633965724440933,-4.546474129938475,-0.5829963613874638,-0.08875892926137828,3.3100319499527653,4.450810334970663,4.203102704866246,1.7751109324477528,6.270889801310967,2.745972271672971,5.29896119774043,2.195070584216616
1.1946493370446547,1.2267719335758531,1.6024618333575722,1.3308091995497355,2.0259466035685567,-0.3082768164981055,1.2273833053544736,-3.7543120609948057,1.1422266220426447,2.5614007074594287,-2.226129305594556,1.611242787313315,-1.3214421374397682,4.170703296451927,4.300204223427143,4.092129858886147,1.6086513431026386,5.890410848698772,2.8490186216412026,5.239511508011557,2.2228137555849417
0.6787982352066022,0.3641302026091859,1.270120753602196,1.2282170094430258,2.0635156047303607,-0.05974361788815785,0.8907073455600022,-3.858349207671476,1.804281478773777,3.1383341848719986,-1.8887965126757649,2.739888734347025,-2.3397455690102986,4.517494012165318,2.6474989597614,2.3799748011834008,0.09069918022378473,3.44107805457744,1.2993598463116107,3.6977792861697436,0.8871743537403722
-0.24308696681132105,-0.5201859490420574,0.6603472384994327,0.8048432717601265,1.6256923724670342,-0.484562095791961,0.025175716919012475,-3.694411826964753,2.3370779930789785,3.683741358519122,-2.541393508248917,3.4776071038201337,-1.721827770550768,4.9367954935748255,0.210056235141806,-0.4538004466629289,-2.5528366023858817,1.0551582588599275,-1.6652049215940332,2.037147442194132,-1.6453881643794397
-1.0883891720336694,-1.1025052693767987,0.15027594939471264,0.03467906389433212,1.2890164601700145,-1.4685806028950863,-0.5340242731647613,-2.884182766301336,3.33331306704639,4.679976322759803,-2.074802453167268,4.562116051848221,-0.8800722049562251,6.052830858143059,-0.5033418484769027,-1.3931075296395428,-3.2939777815898696,0.8451021753169675,-2.275556472173104,1.4188691801749749,-1.9545274335440703
-1.4308449783995272,-1.2513363178914936,-0.15605581364928695,-0.6617921982079934,1.1228459189729527,-1.6188565522838283,-0.6712955675350551,-2.2189751679429435,4.004825900080841,5.178093866516764,-1.9896810890885304,4.685069083060314,0.24226843865288705,6.7022752065758615,0.4835252523749734,-0.2477076445470799,-1.4351798290571014,1.8478225845229501,0.03506017772705994,1.7002650429586788,-0.2621888928197245
-2.017499141986124,-2.108198200424129,-1.2470014619891747,-1.7628525340428134,-0.35245937145410616,-1.5942922117284095,-1.3345327133265064,-1.5915993102077215,4.175068564569721,4.9384930685709625,-2.147313231732566,4.082914509465332,1.9636111197980133,5.910962005386819,0.4121854748372196,-0.017835001025226456,-0.8446448810316702,1.1225346136224137,0.4908421824921619,1.728008356952405,-0.2344457563626898
-2.893145581987949,-3.30029110183032,-2.5445764943276745,-3.079212011005253,-2.0791878526946763,-2.22429527923799,-2.2752023992391357,-1.7555368277341965,3.6044403821151785,4.232301153568226,-1.9770705360867145,3.2033271500775653,0.8570336658325225,4.246366794292743,-1.6368518394755796,-1.4803007279287328,-2.108944506615728,-0.9938791921178064,-1.3877723700397613,0.6698014410969974,-1.4472221984476834
-2.1533254937280737,-2.842238404704496,-2.1024183702285,-2.5879253307476824,-1.7034980160100626,-1.4570209862759864,-2.1278163208268004,-2.650887213530136,2.582984148635419,3.519803967991179,-2.3175559737752156,2.4782194541702114,-1.851086127539198,3.3541689425237946,-3.1310242260877907,-2.1818086824410563,-2.51320331042612,-2.0798293900358806,-2.6956686826852656,-0.33688234703226394,-1.3719190943535873
-0.2416419506084937,-1.2498913431325214,-0.5620898740927286,-0.29477206634309805,-0.25131203627619786,0.4257633461831853,-0.98774203670044,-1.5947520210166706,3.1031700310303822,4.301659329019332,-1.992833730471613,2.872299728315923,-0.6972189386980934,4.271587955159742,-2.7109121577752817,-1.0879318539749132,-1.2925001922380797,-2.004526178653424,-2.24781324162588,-0.09511978387177636,-0.09969279309222988
0.7264819812948979,-0.5028464582223351,-0.1242666508321867,1.2628959802170403,-0.1400500814346835,0.9575089932634284,-0.75221343862657,0.9620408694670128,4.711017743287074,5.7171957611230075,-0.17375903775902593,3.8842979458688234,2.817977245844952,5.583087104444318,-1.0027204415300388,0.9412889531516769,0.7050139458133623,-1.100888814146702,-0.008536382035894574,1.7597149659971614,1.6520955135697852
0.8146246096107342,-0.5389704417843273,-0.6950262604842489,1.1790882289911118,-1.1139538446978594,0.5731493333259072,-1.3316428057180774,2.5604305966151566,5.7923740275803315,6.1711761382362855,1.3647303595175049,3.710902641012848,4.3217877406444565,6.355484487814504,-0.11889977707312695,1.6943200830738632,1.9257170035452624,-0.022865341718380325,1.7749584574620805,1.5258789669681383,1.9651979006745008
1.3001315429484326,-0.1083720519613382,-0.7643844601638525,1.2556712223718376,-1.4434049778844775,1.061546189483637,-1.4660241409467585,2.7243680999177955,5.5779944731352415,5.792859032398442,1.197640332347759,2.1408866399156667,4.205139926836623,6.7306490101805965,-0.7530311341469108,1.0800052387210035,1.4897518018608564,0.4725499507490097,1.3191763896863538,-0.8362608587676353,0.9268075469267236
2.3983018960481357,0.8554169974194314,-0.028899202117314227,2.339392020044706,-0.3842484440881375,1.9574220620621092,-0.6062723352836493,2.4532407773984275,4.660575496058883,5.178093850599615,0.5639592206327022,0.8577612712067534,3.934012702190792,6.456368991753439,-0.5826083557618845,1.2860979275880282,1.5412749155373364,0.7103492988989905,1.4697826306571016,-0.8124809300834006,1.2557632968812196
3.3808754833403216,1.586567299058423,1.0981704065015008,3.7135500027678714,0.8338536995236215,2.522401891577129,0.5930453435255166,2.8630842642168277,4.78037585506958,4.916424539604492,0.6490805284934236,0.4321545537665383,3.9686917506314647,6.1757839181414855,0.059449866872567224,1.912302821432496,2.651004986792476,0.44084332935757664,2.5795127470414716,0.6341315365754641,2.6944491410812184
3.5658305224019275,1.483975074182336,1.4406261822889332,4.197611954516897,1.3771590414540602,2.497837589205936,1.153690288344828,3.4810021087344913,5.2816461126834575,5.219078091044841,1.3016775481116305,0.8955929027805166,3.880417714351331,6.651832869940705,-0.895710756490519,0.8025726982361658,2.540032108881316,-0.7679697806363578,1.9255646469173853,-0.2972491866284678,2.3417134679772045
2.474884854814705,0.28321236426918195,0.6473425213928128,3.420222902658562,1.1503001340748502,1.2768454246748338,0.6277244384758747,3.802571752310529,5.243814284346633,5.723500964642093,1.9637323858776488,1.6711429156805881,4.331245581482672,7.086897558265632,-2.2789101246949093,-0.6598931908771233,1.687917763535138,-2.024342872742768,1.243873312840095,-2.5603058697430643,1.3508830303510462
0.5805407765930376,-1.3597083991178518,-0.7080309414245091,2.0200555875467585,0.4162599409703551,-0.4990117862605704,-0.2695963905455592,3.985424990798314,5.234356280611632,6.319350444106061,1.8092529364320984,2.289060904468586,4.889263203823481,7.503046324124912,-2.7743253030619783,-0.6598930921037119,1.9494971157266543,-2.3493353110420827,2.3456767816464983,-3.630402766118992,1.323139781070934
-0.4916202324764946,-2.1688865830596438,-1.4579657378236357,1.033147153587869,0.004446028367592263,-1.2301621299642973,-0.8620304348520363,3.25401188783556,4.357921883997904,6.316197745827634,0.9864133908380788,2.5885618270563717,3.3728423389000493,7.6196940725708355,-2.2630567533301784,-0.12088134077551585,2.591555235755968,-2.167022432075752,3.2215708385457065,-2.92096825343567,2.0008678017900534
-0.18962329980105352,-1.9102385097589245,-1.1487440771053146,1.008582798131288,0.4205948152662948,-0.4065342834935737,-0.5455839791908287,1.9204442129711388,3.1914442119195128,6.13649707861974,0.3054424605977077,2.9385051618011064,1.6073625933873898,7.28236136533372,-2.302690001012205,-0.517213441660771,2.1040666338670384,-2.3850050657005104,2.3694566677559865,-2.5484158734698883,1.7987383768944956
0.3045533080883808,-1.4406261745935829,-0.8496370773392327,1.3120246465819403,0.8165141287653777,0.18878972631855184,-0.3230599111829624,0.46707609646230697,1.719160211891249,5.342031229274361,-0.6308922282960657,2.50974586732373,0.7151648760675547,6.160020679391764,-4.387397318194201,-3.1290425981957832,-0.1114303064051566,-4.830374680574123,-0.3374921132575025,-3.8523489161834616,-0.03231628080318253
0.7365966614944721,-0.9767936575942888,-0.8453022260159159,1.7541827303238025,0.7688304677378768,0.4806718442183084,-0.7319839172638378,-1.6294311012916411,-0.260699320389153,4.106195335009403,-2.5508514615231666,1.4220842352410512,-1.4570057274109418,4.889505746846017,-6.083698941947341,-5.352466103025192,-1.6452358444804671,-7.014165027979968,-2.1447668448254302,-4.736169604056485,-0.991440239663308
1.3868291583210717,-0.5086263474793394,-0.5519751114711068,2.199230761255305,0.9104366941461108,0.957509066837912,-0.7276490578690593,-2.6666504983379906,-0.6926112125621178,4.405696426928565,-3.581765470140569,2.342655747360387,-2.491072529471004,5.1827014235818725,-4.565746796098385,-4.222919326185525,-0.4047161616303117,-5.547735955361482,-1.1618630364700984,-2.9288948810035063,0.5899252196425925
1.7003857178601611,-0.1054821025986129,-0.39447441215340345,2.2729237759366443,0.501512658262912,1.4545756596355492,-0.91838387070367,-2.3923705788003597,-0.046319567149022856,5.682516513548635,-3.0426636608773387,4.410789096806121,-1.4885322235368357,6.333416030305872,-2.9368215952273258,-2.443387872422789,0.9348866536230828,-3.284679199018321,-0.7179709875321646,-1.9063577930350881,1.9651979083379556
1.7162803147907528,0.17339536804371555,-0.573649573289097,2.2772586814318907,0.014560777640256588,1.7941414550161714,-1.8272644416070905,-2.9346250114975483,-0.5917266717089429,5.392473526624638,-2.7053308689745363,4.552658091800717,-1.8605440740401935,5.7753982294897925,-3.3054104315055604,-2.915023208106612,0.0510658043917711,-3.4352853761269504,-2.438052731130149,-3.146877517182749,0.9069909541652744
2.4821096679183827,0.8424123254819561,0.2254139217607773,3.028638495120388,0.6647932013580341,2.055679486527179,-1.6466443487084832,-3.9119441799324495,-1.8338677569624633,4.017921477881866,-3.247585386337413,3.505980827500457,-2.9166792496205223,4.296809010363959,-3.5313198442642517,-3.4738516471379413,-0.7931216481459008,-3.6532680719108366,-3.068220815291771,-3.495649891404005,-0.12743604109509987
3.911176126480148,2.387075694206243,1.8625548708622741,4.4374754999955295,2.093859789994522,3.0165785624860577,0.2057958377572967,-4.189376585406961,-1.9694314241487452,3.4063088311260183,-4.086188236381728,2.793483679176315,-2.5099883933479967,3.927949940095415,-3.6502194421304455,-3.9177436786202287,-1.0705542090666158,-3.375835548030151,-2.7035952868369906,-3.5511363865582504,-0.8487605985868106
4.546959107616343,3.284396527418627,2.480998197265972,4.677339019707572,2.1227589871507533,4.4109660422023484,1.0973367225736954,-3.7795331172150126,-1.2916132328263321,3.6995045478240813,-3.783534622288772,2.3836401090468766,-1.8132543903026552,4.413456759148545,-4.557820163421577,-5.110703505804906,-1.649199214463051,-4.176426618767309,-3.294130182921232,-4.434957171075946,-1.6414250315381933
3.565830549720722,2.306157956293857,1.2701207837149593,3.2974012174213723,0.5896552921666838,3.9659179917130722,-0.03840260281681248,-3.3381632196137327,-1.014180781971012,3.740488867516389,-3.1908377994477117,2.1408867001976377,-1.6304011338657434,4.482814954242089,-4.561783403976931,-5.1780799014391485,-1.2964635579631878,-4.02185701547743,-3.2663869719583905,-4.102038015801828,-0.9438803337596272
2.2436911223444316,1.1053952081964755,0.23552866078889365,2.050399757444095,-0.5301895624874399,2.1149228510972216,-0.7970072100512123,-4.1578502989133135,-2.035636957878104,2.7158801416651563,-3.985303748021281,1.1288883939150958,-1.9645812312154092,3.46135876614314,-3.2340706182050183,-3.7076875993347453,0.3839848485458028,-2.1709857386219635,-1.3045427039429385,-2.8258484079942594,0.5027320967107028
2.476329884676931,1.9391377496127145,1.0923905422349864,2.59804007347721,0.06513441907456885,2.3446716254171083,0.5757058267839829,-5.381075502679376,-3.208419899514817,1.6849660375448583,-5.170697227758648,0.2934382502771132,-3.0049531785445613,2.941172783504,-1.7359350187110385,-1.9717526248686918,2.5043620021297373,-0.8630895315618308,1.4222227788233492,-1.898431173556453,1.719471942412329
3.573055214899328,3.3537547370323377,2.7309764695103063,3.662976334325205,1.4494070605768892,3.4197226965393974,2.3631227412619262,-5.557623403198964,-2.9562084913331943,2.3627841645213485,-5.5899986082466535,0.8041662684661319,-3.465238901753944,3.8491338404950564,-1.3475294930266812,-1.1473816803687222,3.618055489773934,-0.8947961112300119,3.0590747366894733,-1.0938768316101244,2.4447598349753323
3.022525097118117,2.8220090407472207,2.742536131453772,3.37253917628326,1.7080551149407164,2.487722799886401,2.166607973667291,-5.147779937716319,-2.4896174670698543,3.1194183199790184,-5.8232942267184304,1.4693738485367358,-2.7338259667679146,4.473357017562313,-2.5682325801351573,-2.2690017649269367,2.4488755103814728,-2.6901810061800617,1.9057480699085927,-1.3554560424534827,1.9691611540022784
1.6483671465255796,1.3380340052983508,1.4753052842242118,2.3899655591887545,0.9494506290886928,1.041316794625555,1.1450204947390241,-6.2575100828483174,-3.7128426928489984,1.8993457318576688,-6.756476398179686,0.4825968250397831,-2.7716576437224885,3.4487482385410297,-4.954152313267791,-4.876867616192982,0.1977088222628113,-5.290120019559022,-0.6188879930711054,-3.895945366103569,0.4274290343398568
1.4605221807634317,0.7094759136342851,1.1241797090878185,2.1529920864730894,1.083831962144289,1.2739554871088612,0.9181616572090064,-7.603688391654956,-5.1756687368937095,0.7833103442603683,-7.1095722872711775,-0.2771900622239272,-4.376352776232718,2.5344819522925195,-6.345278409516418,-6.042084222196878,-0.8248283014683934,-5.7062687349188455,-1.2213129263002795,-5.984615978336596,-0.2820056222461084
1.7798585766293578,0.7701642976667825,1.4651905000269498,2.486778035282326,1.976817873718504,1.5109289922655975,1.0583228455283322,-5.929635292987204,-3.5678211370730537,2.9523283266755453,-4.726174704014108,1.7468063637379787,-3.840403457308984,4.441830625067224,-5.786449904068485,-5.4911824345752445,-0.4760558659395019,-3.9980770305945317,-0.3057854718559392,-4.9026291457178806,0.3759058355138853
1.5674493218449723,0.5736495581670448,1.5128742569806766,2.352396748171978,2.361177586896632,0.7494345218158117,1.123346064741222,-4.066423648681778,-1.4839245018034746,5.6005479723762175,-3.127784996847069,4.268920296542607,-2.109602804601818,6.6928172871678875,-5.029455433540291,-4.817417684213803,-0.2937431125686717,-3.910883969821772,-0.3018221120912947,-2.968528015436707,0.6097417902651726
1.4243981223851911,0.5736495665489482,1.4680804112054504,2.4044152414306814,2.5360178273254763,0.4936764802998646,1.2331631438543968,-6.1976099114708765,-3.2588620871383625,4.7619450268290064,-6.176390180494505,3.3010590786726524,-3.5850394700582204,5.794314115041202,-4.347764031769154,-3.822623861278153,0.15014886995265775,-4.961164275564991,-0.2344457688239904,-1.6685585304603474,1.4895992265134066
1.4821965795619267,0.5042914396677262,1.3524835769457215,2.480998189642262,2.4204209399803616,0.8621416830051788,0.8502484276317634,-8.912034990318071,-6.089934916124789,2.2492890984367038,-8.06797561451949,1.2455362622476336,-5.5775092881355235,3.618990919624384,-3.0359044887862368,-2.130285487872558,1.3312188417865678,-3.42339544414164,0.8633944470803817,-0.7530311833043675,3.5029668087323933
1.4142833746647314,-0.17050544148645352,0.5664247358277537,2.2787036468776383,1.5939032341747614,1.067325970707223,0.046850071479685916,-8.237369546718847,-5.954371371873089,1.7858505949925088,-5.747630738360169,0.8419980097666282,-5.1487500634226775,3.193384295655089,-2.160010332687871,-1.7656598895951945,0.8278769792272493,-1.635937340672199,0.3877957541864001,-0.4240754537857497,3.879482308767
1.9705935089837,-0.20951936308007996,0.481171995562573,2.6934074700380166,1.222548241983765,1.849050010482853,-0.026842933422766224,-7.067739093728313,-5.396353725148561,2.2745101902164997,-5.202223691034255,0.9018981584536658,-4.404726331936313,3.7387913693966985,-3.432236703346064,-3.565007918237985,-1.419326516019774,-3.2529726355285438,-1.9822706808100692,-0.8838207697802849,2.183180578576993
3.451678653122285,1.1718634878500145,1.4478510186756746,3.6485268155303903,1.621357462315175,3.9760326706708806,1.0005244027870968,-7.61314637744083,-6.048950683807472,1.7196451056279711,-7.311341430952811,0.7600294005229972,-4.83663837549153,3.4392903533379933,-5.853826346960696,-5.998487588353865,-3.654640035429498,-6.5821629646715225,-4.712999319833713,-2.611829051113391,0.1539597812425959
4.252186877838073,2.1818912767399197,1.7729672708918742,4.021326674136499,1.4913109959497188,5.0409690713724835,1.2880716260570366,-7.2474398066556756,-5.673786193953009,1.1143377948083453,-6.961398217449343,1.01224064140522,-4.899691264112514,2.8655093767634643,-7.1022727054881525,-7.32223705395565,-5.065582577130953,-7.917802438041665,-6.464787586901213,-4.288314309028478,-0.9993668651024058
4.112025819593467,1.8712245734312976,1.1920928714546155,3.843596481706182,0.6951374178215008,4.169657584518577,0.5901554455407536,-4.838820995815047,-3.608805457442687,1.9088037206915085,-3.666886923626274,2.046307422129529,-3.6638554206469687,3.2343684883488657,-5.461457526651057,-6.030194119061089,-4.027192288948285,-6.1779041659701,-5.600783485829175,-3.2023640774763544,-0.15914260713936187
4.2478521710249755,2.0605144627296776,1.1039503354949347,3.98953754034562,0.5520863312069716,3.9962621772876723,0.6002701921746708,-1.9415426263260047,-1.3704295369789945,3.400003598143275,-0.2714910452625348,3.3294328910826176,-1.0849939815543752,4.258977443813444,-2.255130180258018,-2.7763069510623652,-1.0031776712327212,-2.690180892931236,-2.644145400838537,-0.11097299217522813,2.2783002345607826
5.104714117663651,3.2641671083461574,1.9362478689350284,4.8825235795110284,1.1806444042445854,5.17968530076532,1.7923630527578858,-0.5007851065064852,-0.6831533470015215,3.705809898322801,1.3079828620347729,3.6478496924485566,0.9453076685850434,4.208535027253877,-1.2761896103293031,-0.8501325914001724,0.4077648798351753,-1.2396051422907757,-1.1420464867091442,0.06737640568843244,3.070964751384416
5.289669021217821,3.511255448767676,2.2122354172229857,5.278442868330061,1.0896118240824977,5.564045011615139,2.283649853000847,-1.5632255811087945,-1.6068774751042356,2.6118430159855763,0.3590375520679708,2.547577592029751,-0.369344199975054,3.0452100300861837,-2.3264698590223607,-0.7391595040212622,-0.16295345541867587,-2.47219817500848,-1.688984833248369,-1.2484463982857192,2.7974955825851517
4.136590138728469,2.248359499738003,1.3192494860909971,4.097909703217924,0.049239863277389134,4.224566066410775,1.4672468283261435,-4.179918762517872,-3.492157728300541,0.4838093082205608,-2.490951294209679,0.2682170243868666,-3.562970822221125,0.765849589780494,-2.699022229195952,-0.3388640046283439,0.08277251348718195,-3.2054127253673883,-1.8712976624022477,-0.6539481122087647,3.0828546697458066
2.8997034944581963,1.437736276155099,0.7195906359762048,2.6370540054706035,-0.4940655266161622,2.916876270364112,1.0684375800550552,-5.579691935890724,-5.081089441892464,-1.2974336916203055,-4.886959381023801,-1.9291746007682349,-3.5566655980436126,-0.8419980547436445,-2.3581765596028217,-0.3507540072877328,0.4791046335310726,-3.03498990057589,-1.2569828048512175,-0.8521142126767192,2.9718815806639065
2.798556116439449,1.9622571677184448,1.1747533966225976,2.7974446979231935,0.2833234945085282,2.729031353962059,1.597293341102508,-3.9056388988595954,-3.939832869721773,-0.44622018968465,-3.8371295281718463,-1.7084896660221005,-1.0156358802704128,0.3339375828008555,-2.2987266365643397,-1.2860980170277452,-0.07972369523166327,-2.717924121775471,-1.0390000545716551,-2.7346920364178136,2.1514740529787404
3.4328939742707187,2.79888964514845,1.920353256016731,3.9028399510500136,1.5780086956070491,3.1105010578623773,2.1593831706529434,-0.5417695389734909,-0.9038383301764308,2.365936868218379,0.4283955964565901,1.3590314177392455,0.01843088521407191,3.089347062619417,-1.6645951764596694,-1.5556038328743245,-0.2461832449822633,-1.945076389725392,-0.5713281101577883,-2.389883096892756,1.9216013383570607
3.4300041570005795,2.8523531308612573,1.9073486118637115,4.100799588785052,2.2961543442454566,3.064262234689429,2.0250018320094125,0.5395868577558045,0.20273919423091305,3.352713902213877,3.1270572828011707,2.6925990824437847,-0.8737670068557443,3.436137660816833,-0.3725522373076325,-0.7431227888543522,0.7644638339405531,-0.2567012577266485,0.4987688424168049,0.08322972894369912,3.0947446481375898
2.2624755523776483,1.917463292606557,0.975348676250388,2.680402851806809,1.5794536369936305,1.7507926293242817,0.7476562027556776,-1.2227402443417923,-1.6667778554365975,1.6408291089810902,0.7342018986680912,1.0942093688421528,-1.504295464657195,1.5161784441842072,0.4399287445532095,-0.18825782666822036,1.2559156295526168,1.3920405588962217,1.2082034074670664,0.5033419079505479,3.5782697876567373
0.5097378354507662,0.44504801564826,-0.3092217004487818,0.8799812809134333,0.3295622451935348,-0.3444008649422377,-0.9299436246928496,-1.3456933266919602,-1.9631261664436197,1.0039952769745273,-1.1195518472264492,1.021698605516678,0.01843085879837739,1.1315561080729213,0.2813958449350609,-0.7272696346208288,0.2730118663265154,1.3920405265394151,0.593888526074179,-0.5984616298269441,2.5121362289065847
-0.6187768024093927,-0.5346355851835165,-0.6632371602209816,0.27743255097466807,-0.06924695278613434,-1.410782217895851,-1.1553575272003238,0.9273618657298232,0.3225396037023594,2.832527918897413,1.3836462508261826,3.4303174085680626,2.3450808036890067,2.7803880462123387,-0.4637087506579826,-1.1553083300754263,-0.4760559391680658,-0.007012072958788858,0.1935929623933942,-0.8957107187954936,1.6084989848863942
-0.3355643848279635,0.03756900341847014,0.21529917435075788,0.7427100006681991,0.8815374432836109,-0.4195388810804637,0.00494622365117849,1.6146378525096423,1.038189422534584,3.592314652746896,2.4650025171703183,4.3508889796147185,2.2473490054790792,3.3825427881227097,-0.7133978860391365,-0.9095822415345314,-0.6980019397951743,-1.1207054567206036,-0.42072182703804106,-0.05548646125819656,1.8225183179254048
0.34934714206685435,1.0649362904234572,0.826517753309021,0.8250727540073102,1.5794536197641624,0.2639276868878653,0.3661864928017633,-0.6395013402313832,-0.9795017430128968,1.4768917143891949,-0.5867552391116649,1.9990177871594277,-0.03516408535358817,1.7431686427313964,-0.7094345603342899,-1.484263990622955,-2.2040642383825637,-2.135315883487136,-2.858164724511105,0.6777280294960669,0.9069910452752324
0.23230523153399274,1.3625982741419322,0.018784486849863963,0.1762853111021029,0.8020645388796064,-0.30538696399292875,-0.575928124097677,-2.430202308924987,-2.9026135973033163,-0.25390894610721376,-2.2797242409412912,0.4510703763266754,-1.567348295028185,0.5672330739354338,-0.9274172365337936,-2.4196079066985257,-3.737869814775149,-2.6545110216180037,-4.701109383590929,0.5390117830955063,0.08658327193378049
0.2597595270400729,1.5085394183078265,-0.8655316935171592,0.037569039334089366,-0.3394547027762596,-0.3891947479703679,-1.3359776295673775,-0.9011707365695206,-1.6667777280994012,0.934637157402776,0.06268909035602248,1.7278905912999298,-0.08875902815090186,1.7368634100873157,-0.7966277535145108,-2.2610751279926564,-3.8290262395700263,-2.159095800250441,-4.863605644676712,0.1823127608705353,0.2609694782030445
0.8247393082815382,1.8235409288571631,-0.986908440316956,0.29910689839520194,-0.7946174101820452,0.5803741316836429,-1.5050381322343571,1.6114852382195792,0.3383027814927844,2.1641677631442997,1.859695238184991,2.544424891380684,2.972456751169858,2.81821979191545,-0.09908304892398476,-1.4208508287321078,-3.38513410207662,-1.2911283785825245,-4.67336609003308,0.6658380421635867,0.7444946896735126
1.2567826647920386,1.8192060092368576,-0.6805766875175046,0.5360805454234095,-0.749823629288958,1.83315538840655,-1.4848086568168724,0.7854929479503338,-0.538131866070044,0.16854508795573578,0.08791023022592909,0.4163913539630345,2.111785368772445,1.2513565212696585,1.244483112470134,0.14466126474377888,-2.1287610925652167,0.07225447732668654,-3.5953427406457754,1.4109425151413617,1.6283155550832276
1.7711888710335368,2.0388400366123864,-0.17339535258734293,1.1733084185860858,-0.4001430186669893,2.596094940872625,-0.8215714889841204,-1.4749516667472522,-2.4517857254306956,-1.97840434686652,-2.2545030509492943,-1.9512430928204647,-1.9235967750420109,-0.7348081552638451,2.445369646411676,1.6626135681192953,-0.6425154672055453,1.376187331434135,-1.9545273966186651,1.3158228940688648,2.650852585575738
2.5399081087969724,2.762765613002464,0.4941767008724405,2.067739367473107,0.056464566795442026,2.6712328950778987,0.20724075632647446,-0.4976325196481043,-1.8401730939146723,-1.3730970722838092,-0.6876398392308214,-1.6801158407429506,-1.7375909520664832,-0.4825967579194295,2.2590934570674057,1.1711616601099029,-0.8367182675135005,1.304847425320646,-1.4313688855249804,1.0225370115958732,2.270373672558056
2.9950708692881443,3.13556554285475,0.8294076910302142,2.2252400702056603,0.18073128189485665,2.6784577410883066,0.6681833528340437,2.4690039507862367,0.010428002130214492,-0.0016976517162747436,3.338284371290487,-0.274037384265265,2.1464644351622435,0.3812272109977016,1.5377688063369996,-0.3111207191596975,-1.2013438044832299,1.0472316329950817,-1.5938651227689051,1.1176567859374558,1.7392884385291034
2.9416072892013188,2.920266380927597,0.6184433225291561,1.8827843364829635,0.005890971616817582,2.640888675510024,0.44565935576191307,3.2981489589763484,0.2279602643362923,0.35139836809903985,4.561509637709158,0.3596436620878801,3.4548111333922082,0.4505853644357286,0.9551605906132812,-0.9492155530786772,-0.5989189117000652,1.2889941791256705,-0.8923571674050865,0.5786449652124237,1.814591680565378
2.466215091011224,2.6442787983359244,0.4045890873978633,1.6458106916278412,-0.2281927167354395,2.112032878451432,0.3358422370675282,3.6197184173038592,0.700856678044567,1.14586413616536,4.3092984452557115,1.0942094447026094,3.303484181059406,1.267119657743227,0.8481507816812488,-0.8422058769798539,0.04710254467778182,0.8252856098033567,0.5740719013816711,-0.1307897313938037,1.7789217926479954
2.0572911088342942,2.375516113753503,0.5823193046634493,1.6891595627993157,-0.07213689857878919,1.282625314552719,0.6017151287494181,5.785583654027825,2.6050527107908383,2.908191316832717,6.670627449085558,2.7272781915050914,5.0027583491552114,2.8150670865251053,1.1216201241854775,-0.2278909155464434,0.6416008409726748,0.6429726976287231,1.925564596679184,0.003963344699734174,2.0008678086020133
1.661371795956093,1.837990460224832,0.7152557185289855,1.7021641293421208,0.6055498906494811,0.6323927353040727,0.6219445962506608,7.10338834921953,3.7021722277378912,4.080974320106051,9.281015262046793,3.691986710080629,6.307952293227391,3.4645114413924984,1.403015896284973,0.7669027996750981,1.3232922048522873,1.0630849238935411,2.6270725567262248,0.4874886255670382,2.2465937702701644
0.5198525828607856,0.8510820874227925,0.517296077999979,0.7499348198254719,0.9870195911349492,-0.21579937659538292,0.24336479281863346,5.72568358086258,2.51677864674036,3.138334252943213,8.641028963745784,3.2663801697610353,4.5739991657592185,2.4556659041689,0.6896179846682391,0.695562989354789,0.7684272473493778,0.3338336664569246,2.0642809580315595,0.2615792072736304,1.3905162925084869
-0.8918744392084101,-0.4739472042554276,0.11704186459358475,-0.5938790089880619,0.7558258383307991,-1.850050396357591,-0.2970506546971124,3.9538984685953884,0.8837099541239187,1.6723556169601794,6.623337887943936,2.1125128603559897,2.09917479985348,1.0653506359801848,-0.7451045657579713,-0.9650689244434068,-1.058664242170014,-1.4417345527109209,-0.10761941140824627,-0.8481509022987803,0.07469333228501622
-1.7458464580599982,-1.287460300522163,-0.27598753291516576,-0.9146603501210792,0.7601606823587552,-3.2776719020464666,-0.5398041529533192,3.7615873032490486,0.8206570976758969,1.7606294798449833,5.904535343740264,2.2291606697612085,2.7549243812690247,1.374309561964307,-1.8469080362673649,-2.7961235152987336,-2.5488732324033,-2.9755400405480312,-2.632255462041268,-1.9459910445488409,-0.7377876389321391
-2.026168890112343,-1.1646386132671092,-0.2962169884644349,-0.7123658199293103,1.0043591095839082,-3.347030052831635,-0.4386568336078944,4.493000270408038,1.864181746670104,3.251829378971165,6.112609726500572,3.666765619316821,4.205140035886029,2.75201433032126,-2.160010465521079,-4.10798316471852,-3.6427500140372215,-3.6572314269922592,-3.856921839517552,-1.993550872966484,-1.3996623776934958
-1.9857099669066092,-0.8178479681507896,0.06935814489276182,-1.164638663964488,0.9899095105401317,-2.3731262276355083,0.039625273587612184,4.253399571690422,1.8231973260562944,3.5324145111717766,5.731140073089228,4.316209962331018,2.9440829231814067,2.5912295374889065,-2.2670200466782187,-5.0076572350257065,-3.98359574110626,-2.9557234154297762,-3.5081496287833214,-2.049037535013733,-1.5542319047745763
-2.170665037943624,-0.9594540554815186,-0.020229458182047244,-2.2165702631195567,0.7890599077651038,-1.9858767094496537,-0.0297328216286424,3.663855457626335,0.8395729002549306,2.2146099524611564,5.0028797090444295,3.2096324795791937,2.7990614331060346,1.7494740111792426,-3.4996131279311338,-5.899404668824358,-4.673213738514172,-2.78133734710269,-3.8569219246670436,-3.622476249245497,-1.4710021918455325
-2.289151822342179,-1.0504866786396656,-0.18351007035025985,-2.447764011111874,0.4856180029694371,-2.1939511093406523,-0.20601809285103512,3.635481841979431,0.4770190775316287,1.1742379837962509,4.756973364175511,1.882370010604496,3.5210164913555944,1.3301725558467676,-5.390117704835566,-7.2627872999389105,-6.417075312448727,-4.6440985487057596,-6.306254721342862,-5.948946092973699,-2.5410989639032016
-1.5103178095394891,-0.3251162640845928,0.484061943683535,-1.4868649115594907,0.5636460156573985,-2.117368110216772,0.5814856978801962,2.598262314547922,-0.3552786380808036,-0.26021426003035536,3.6283276267740483,0.8136242302069505,1.553767772170005,-0.3659490264066437,-5.929129543016244,-7.429246773906461,-7.721008280656494,-5.412982923971427,-8.184869461203668,-6.868436728368749,-3.4645530842326497
-0.4872853009042165,0.6531224884928607,1.4521858842792699,-0.9536743018274696,0.953785468304816,-1.5942922542588072,1.5770638540434907,2.4185616398894503,-0.8344802038314243,-1.0168484307278491,2.9725779932044403,0.3028961690077624,0.9453076983873662,-1.393710412267411,-4.839216014284354,-5.835991457972553,-7.102730030132519,-4.255693048566253,-7.4080582310210215,-5.89345954843275,-3.0999273658945
0.006891310710507453,1.1155099962742472,1.5750075125505614,-1.054821578176836,0.8930970639384421,-0.6319481024924567,1.809702610167172,3.777350488151392,0.03249644067372882,-0.28858798371067834,4.763278768860272,0.1988589810142364,2.8431985194866467,-0.5393443864646487,-4.688609670708468,-5.376246071303939,-6.599388167147452,-4.342886128497646,-6.730330075339955,-5.822119819855951,-3.072184100435985
0.3565719292487181,1.4420711836682107,1.4767501854087008,-0.1921798659918399,0.3512366818658148,0.43443309989733975,1.894955361453004,3.39588086217173,-0.5602003083388492,-0.8938953673427961,5.6018816619147564,-0.4348221286688432,2.370302091215873,-0.8104715796148434,-5.362374367851476,-6.0262308819117125,-6.428965297226722,-4.854154599466166,-6.310218156890553,-6.373021519347862,-3.4249198876403177
