59.645,41.182,108.1,30.234,19.429,25.227,20.122,17.201,10.144,6.9665,70.541,77.666,10.167,10.623,9.0106,15.756,12.701,7.6505,17.062,17.245,5.4412
212.76,131.49,238.53,95.256,63.237,61.012,55.322,49.966,22.293,19.693,172.82,111.37,28.481,20.624,16.902,35.155,34.514,24.875,31.812,51.228,19.066
147.12,103.75,121.19,64.048,33.113,45.69,42.386,33.63,17.392,16.464,97.83,71.29,22.005,19.876,14.08,31.483,37.815,45.232,32.782,43.525,27.093
81.181,63.976,120.76,29.365,20.715,31.735,36.076,26.928,8.747,9.7968,60.307,51.472,17.876,11.103,12.087,29.633,39.385,26.013,26.13,33.203,23.523
43.582,35.638,64.891,19.091,11.006,17.018,20.605,14.524,4.9108,5.608,34.918,27.843,10.227,7.0777,7.9339,14.887,21.86,14.122,14.163,17.471,12.306
26.78,21.981,43.081,11.851,8.0208,11.263,11.855,8.8904,3.2293,3.0681,21.205,17.277,6.0267,4.9143,4.6685,9.2489,10.836,6.5306,8.1615,10.864,6.1525
22.873,19.103,18.631,9.7122,5.6064,8.7637,10.062,7.655,3.0232,2.2231,14.598,11.127,5.1195,3.0982,3.1569,5.5034,7.9297,4.3876,4.7549,6.2938,4.2087
13.773,11.169,14.415,6.754,4.1299,6.2241,6.5889,5.0712,1.9717,1.4958,9.2867,9.2858,3.9026,2.4699,2.4549,4.0131,5.0834,3.4945,3.3979,4.3849,3.1068
12.696,10.309,10.852,4.9737,3.3083,5.2215,5.9242,4.4432,1.5142,1.326,7.7054,7.0519,3.2655,2.115,2.0997,3.3487,4.3725,3.1289,2.7891,3.5047,2.9135
8.7236,7.0697,8.6817,3.6357,2.5827,3.8234,3.9919,3.034,1.2161,1.183,5.534,5.7035,2.5991,1.7913,2.0551,2.7853,3.1941,2.3746,2.4502,3.4728,2.1313
6.8385,5.7088,6.354,3.0948,2.0516,3.3043,4.0748,2.9307,1.1595,0.94666,4.5745,5.0078,2.4901,1.6547,1.5584,2.9075,3.166,2.0685,2.2397,2.6561,1.7779
5.5719,4.6708,5.0684,2.5072,1.7173,2.8417,3.4742,2.4841,0.89215,0.89257,3.6912,4.6845,2.0377,1.368,1.4945,2.0692,2.7757,1.781,1.7344,2.0855,1.6609
5.0479,4.2386,5.1711,2.098,1.5953,2.8542,3.3257,2.3043,0.84583,0.62519,3.3997,4.5408,2.1424,1.2567,1.4337,2.2565,2.5099,1.8672,1.6689,2.2524,1.5882
3.4055,3.0987,3.2519,1.7771,1.4933,2.2382,3.1737,2.1668,0.76126,0.66338,3.1662,4.915,2.3565,1.1891,1.348,2.1408,2.1575,1.6547,1.5281,2.2298,1.2809
2.9029,2.457,2.7198,1.5647,1.2979,1.9295,2.6879,1.8313,0.64196,0.61538,2.816,4.6001,2.1158,1.1468,1.2287,1.9372,2.2609,1.7858,1.4477,1.9505,1.3807
2.8663,2.509,2.776,1.4292,1.2155,1.9197,2.3914,1.7017,0.57467,0.55014,2.6932,4.3158,1.9095,1.1412,1.2937,2.0873,2.0836,1.6004,1.4513,1.7729,1.3543
2.7518,2.5931,2.6962,1.6017,1.5392,2.3291,2.7973,2.028,0.65466,0.66736,2.5708,4.1753,1.7692,1.2337,1.3421,2.2421,1.8322,1.5073,1.5315,1.9248,1.238
2.0226,1.9484,2.5879,1.3282,1.2553,1.7104,2.4488,1.8548,0.60839,0.56575,2.019,2.9966,1.8554,1.0261,1.2898,1.6898,2.2189,1.5058,1.3374,1.7199,1.2997
1.9069,1.9161,2.4067,1.3819,1.5878,1.9348,3.0118,2.0413,0.62818,0.64792,2.3077,3.3183,1.9212,1.1812,1.3083,1.896,1.9577,1.5132,1.375,1.9555,1.3945
2.1566,1.9294,2.3676,1.4391,1.5989,2.1174,2.8852,2.1063,0.69602,0.65647,2.4773,3.8281,1.9717,1.2292,1.369,2.0428,2.3774,1.7356,1.6714,2.1061,1.6854
1.6475,1.6981,1.9407,1.1173,1.4682,1.7123,2.538,1.91,0.59703,0.67626,2.1126,3.5,2.2045,1.4032,1.519,2.6096,3.0001,2.2125,1.9066,2.3031,1.8685
1.427,1.5473,2.0663,1.1755,1.5713,1.68,2.7945,2.0466,0.66578,0.71067,2.0593,3.2522,2.0461,1.4531,1.501,2.5477,3.1333,2.2204,1.9267,2.3787,1.9383
1.7442,1.8577,2.0854,1.3093,1.5885,1.9087,2.7178,2.1102,0.63025,0.69442,2.3354,3.7649,2.5113,1.4224,1.5513,2.9278,3.6268,2.8418,2.0951,2.5408,2.1603
1.3591,1.4523,1.6054,0.9762,1.238,1.4616,2.1193,1.5138,0.55001,0.58866,1.8389,3.5354,1.8837,1.2534,1.4379,2.8268,3.3307,2.3985,2.0121,2.399,2.1292
1.3594,1.3917,1.7516,0.9333,1.1543,1.4489,2.11,1.4311,0.5613,0.61185,2.1055,3.186,1.7919,1.3094,1.3773,3.0703,3.2058,2.3473,2.1026,2.5023,1.7907
1.0714,1.173,1.2356,0.85125,0.99412,1.4125,2.1373,1.3592,0.53924,0.59638,1.9603,3.8228,2.0926,1.1972,1.1808,2.7602,3.1554,2.3137,1.7973,2.2394,1.6591
1.0061,1.0573,1.3064,0.78521,0.97588,1.2205,1.9101,1.2799,0.5079,0.50891,2.091,3.8273,2.0978,1.1916,1.1474,3.026,3.1733,2.3155,1.9679,2.2731,1.748
0.95652,1.07,1.0547,0.73487,0.87052,1.2442,1.8421,1.1412,0.44245,0.45754,1.9595,3.1594,1.9545,1.0339,1.0499,2.3521,2.6296,2.0061,1.7288,2.1472,1.4856
0.82758,0.95137,1.0949,0.67507,0.94235,1.1585,1.8583,1.1781,0.4648,0.47929,2.0159,3.1963,1.9139,1.1323,0.92156,2.7047,2.6447,1.9888,1.7312,1.9546,1.441
0.80418,0.84081,0.89741,0.66682,0.75334,1.0583,1.4948,0.93625,0.4611,0.42553,1.8574,3.0557,1.8815,0.97505,0.91574,2.165,2.2657,1.8543,1.3093,1.6432,1.2458
0.70638,0.78805,1.0233,0.58156,0.85956,0.99231,1.5882,1.0724,0.40444,0.43408,1.6375,2.606,1.6933,1.0046,0.83768,1.9959,1.8606,1.5326,1.2854,1.4657,1.1073
0.75922,0.87187,0.92457,0.59589,0.77589,0.98037,1.4254,0.91922,0.42234,0.43155,1.5809,2.5763,1.5307,0.82583,0.65792,1.6783,1.4761,1.0716,1.0771,1.2926,0.81619
0.82205,0.87233,0.98533,0.63314,0.86637,1.0913,1.5726,1.0907,0.38718,0.44002,1.7237,2.2822,1.6029,0.84588,0.67111,1.7015,1.6095,1.2244,1.0814,1.3405,0.89835
0.72366,0.81436,0.89835,0.64392,0.86293,0.991,1.4514,0.99768,0.36502,0.38406,1.5183,2.1736,1.5047,0.71427,0.61671,1.407,1.2491,1.0114,0.84012,1.0153,0.75278
0.69522,0.70451,0.92796,0.56511,0.80211,0.89543,1.2861,0.9131,0.38744,0.34087,1.651,2.1676,1.5136,0.79459,0.5919,1.556,1.2263,0.94121,0.87283,1.0055,0.6466
0.76213,0.79703,0.95451,0.67725,0.7847,1.0154,1.4396,0.99128,0.3427,0.36114,1.3873,2.1126,1.504,0.60942,0.60273,1.2125,1.1606,0.93443,0.75168,0.86136,0.57104
0.67307,0.75588,0.81924,0.60833,0.81251,0.92789,1.2624,0.87601,0.34503,0.35213,1.4727,2.0683,1.4324,0.7758,0.56801,1.3229,0.9966,0.83187,0.74053,0.92778,0.54625
0.68564,0.68627,0.85029,0.63404,0.77993,0.87484,1.2599,0.85021,0.2918,0.33009,1.457,1.8841,1.2144,0.72862,0.53644,1.1488,1.0928,0.82635,0.70823,0.75276,0.52052
0.69879,0.75007,0.92315,0.58542,0.87191,0.85566,1.1967,1.0088,0.31846,0.32446,1.3721,1.6495,1.1981,0.74359,0.48567,1.1627,0.92556,0.76259,0.66537,0.77531,0.46813
0.63729,0.68748,0.75837,0.61314,0.83859,0.87062,1.354,0.95911,0.28408,0.34,1.3178,1.7305,1.1776,0.73563,0.50239,1.1283,0.87685,0.7057,0.62535,0.73619,0.4594
0.59943,0.64809,0.73034,0.58242,0.79057,0.77764,1.1639,0.88735,0.29476,0.3759,1.3157,1.5402,1.1538,0.69196,0.46633,1.0105,0.81816,0.65264,0.57146,0.66057,0.41399
0.67576,0.69925,0.81836,0.68836,0.82954,0.93254,1.2434,0.93347,0.3406,0.30743,1.393,1.6422,1.0712,0.68769,0.37786,0.89306,0.86182,0.64757,0.50372,0.6435,0.39722
0.73792,0.79799,0.81987,0.76971,0.82551,0.92565,1.1602,0.88557,0.30949,0.28486,1.3503,1.8315,1.1162,0.71716,0.43407,1.0761,0.88101,0.68728,0.57837,0.65615,0.38459
0.66439,0.69864,0.91239,0.64101,0.91202,0.86068,1.1809,0.95602,0.27495,0.31014,1.1911,1.6114,1.0246,0.652,0.44886,0.95115,0.717,0.65986,0.50943,0.57687,0.32868
0.74901,0.83069,0.91385,0.73121,0.9268,0.99782,1.1948,0.9538,0.30856,0.29696,1.2506,1.6133,1.0189,0.62562,0.47792,0.8396,0.84967,0.68586,0.46507,0.53308,0.39469
0.69414,0.7528,0.89772,0.77737,0.8145,0.91768,1.1791,0.97078,0.3254,0.24568,1.2375,1.5328,1.0382,0.60746,0.44791,0.79043,0.76546,0.6634,0.4451,0.56926,0.38527
0.78267,0.73559,0.86898,0.76136,0.80287,0.93644,1.1696,0.95925,0.24922,0.29901,1.1197,1.3861,0.89243,0.6569,0.3769,0.83464,0.65479,0.55139,0.46345,0.52505,0.32513
0.75839,0.71774,0.79477,0.68032,0.8678,0.88488,1.0849,0.89821,0.27657,0.30131,1.0766,1.5472,1.0107,0.53338,0.41963,0.6343,0.64734,0.59537,0.36741,0.45122,0.32721
0.62702,0.62961,0.72137,0.64741,0.88765,0.81652,1.0684,0.88868,0.30551,0.29037,1.2793,1.3499,0.97231,0.59032,0.39839,0.71957,0.57103,0.58434,0.37427,0.47017,0.32677
0.59607,0.58603,0.7534,0.6091,0.82384,0.73093,1.0295,0.81315,0.24338,0.32888,1.2704,1.1977,0.86875,0.56857,0.34332,0.69282,0.58364,0.53496,0.38328,0.48253,0.28304
0.56342,0.53686,0.66416,0.5892,0.81363,0.74992,0.94558,0.74303,0.23466,0.28362,1.0443,1.1816,0.79681,0.44183,0.35429,0.56391,0.52702,0.47443,0.32072,0.39525,0.27548
0.53146,0.51406,0.55545,0.60282,0.75946,0.66076,0.76609,0.64913,0.25077,0.27389,1.057,1.0757,0.81177,0.52049,0.33941,0.619,0.53145,0.50628,0.32387,0.41686,0.28602
0.55293,0.53585,0.5658,0.57246,0.73637,0.69992,0.7704,0.64244,0.23268,0.31768,1.0579,1.1027,0.8784,0.45651,0.32958,0.599,0.51568,0.46188,0.29128,0.36465,0.25155
0.53038,0.48154,0.56614,0.56808,0.65333,0.6664,0.79138,0.65048,0.21394,0.27415,0.97326,0.87142,0.74068,0.42229,0.27572,0.54519,0.44933,0.42437,0.29514,0.36366,0.24877
0.45904,0.47776,0.56947,0.51707,0.64466,0.59701,0.77162,0.64534,0.22245,0.25949,0.89039,1.0193,0.75235,0.39504,0.30022,0.51442,0.50314,0.44278,0.27123,0.38463,0.24381
0.48129,0.48588,0.54447,0.51912,0.59292,0.63412,0.69888,0.57002,0.23104,0.25257,0.82453,0.90662,0.61737,0.36114,0.25988,0.50968,0.40494,0.34675,0.27485,0.34412,0.22094
0.45257,0.48842,0.55865,0.45616,0.66519,0.58361,0.7059,0.60167,0.20398,0.22498,0.73025,0.87561,0.58553,0.3292,0.24199,0.41442,0.406,0.36793,0.23792,0.31993,0.23425
0.45572,0.43273,0.46726,0.48878,0.67705,0.55349,0.66224,0.56772,0.1851,0.23364,0.68432,0.70467,0.58417,0.30352,0.25622,0.41993,0.43137,0.35637,0.2494,0.28267,0.23114
0.39446,0.39167,0.51329,0.454,0.5853,0.57832,0.6265,0.5217,0.18278,0.23059,0.64681,0.72785,0.55498,0.22886,0.23492,0.36806,0.42631,0.33241,0.20543,0.27124,0.22202
0.3692,0.36393,0.45366,0.44791,0.62302,0.58586,0.72669,0.51567,0.19538,0.24192,0.75675,0.80199,0.50765,0.22278,0.22385,0.34511,0.34987,0.28849,0.19719,0.26124,0.18411
0.36951,0.36879,0.4462,0.5239,0.59836,0.57124,0.68152,0.51734,0.2101,0.21097,0.63256,0.74691,0.51752,0.19563,0.20479,0.31763,0.35394,0.2639,0.19653,0.25187,0.18205
0.38895,0.35726,0.47181,0.51305,0.62185,0.56472,0.69881,0.53623,0.19084,0.21944,0.62351,0.707,0.5205,0.20428,0.20922,0.3083,0.34033,0.28112,0.1861,0.23467,0.20189
0.38328,0.33378,0.48414,0.46081,0.59559,0.49213,0.58508,0.48953,0.16328,0.22295,0.51373,0.6472,0.4126,0.18826,0.17847,0.31705,0.28234,0.20598,0.20736,0.2686,0.15324
0.3322,0.30148,0.38126,0.50528,0.5191,0.47847,0.53097,0.40654,0.19853,0.20916,0.54275,0.58199,0.43578,0.18029,0.18,0.25112,0.28205,0.22173,0.16527,0.22452,0.15656
0.35302,0.30298,0.4,0.53735,0.63904,0.437,0.48199,0.42036,0.20065,0.21955,0.49993,0.67065,0.4844,0.16464,0.18098,0.27108,0.3027,0.24401,0.16582,0.21782,0.16691
0.31935,0.30258,0.35715,0.4738,0.64477,0.42929,0.45519,0.43097,0.18673,0.19686,0.48003,0.59783,0.497,0.16341,0.17527,0.22469,0.24873,0.21282,0.1507,0.21377,0.15785
0.32242,0.26414,0.38054,0.51647,0.59251,0.39141,0.46463,0.3983,0.17749,0.17148,0.44623,0.49697,0.44102,0.16963,0.18196,0.25177,0.26678,0.19845,0.14852,0.19275,0.1419
0.29588,0.25189,0.35289,0.49227,0.63197,0.36871,0.41213,0.39379,0.17577,0.21206,0.4252,0.51345,0.43025,0.15135,0.14428,0.25506,0.23812,0.18627,0.15241,0.20192,0.12742
0.30248,0.25197,0.37821,0.47761,0.67271,0.35828,0.50656,0.47306,0.17625,0.21035,0.41386,0.5232,0.51559,0.15156,0.18006,0.22592,0.27427,0.23596,0.15078,0.17994,0.1565
0.29028,0.26548,0.2956,0.48027,0.63388,0.36804,0.36584,0.37147,0.17195,0.20756,0.41827,0.49232,0.4282,0.16152,0.14945,0.21962,0.22874,0.16546,0.14297,0.1839,0.11755
0.27168,0.2378,0.35619,0.45097,0.55081,0.30984,0.3808,0.34633,0.14742,0.19151,0.36061,0.4502,0.41673,0.14185,0.15113,0.24276,0.25807,0.19734,0.16026,0.2033,0.13638
0.21918,0.20039,0.35119,0.38701,0.57433,0.2522,0.33865,0.31425,0.155,0.18954,0.27496,0.37168,0.38607,0.12396,0.15776,0.23115,0.23998,0.19338,0.14134,0.16744,0.13162
0.22609,0.18656,0.26555,0.36334,0.58275,0.24619,0.30969,0.30976,0.13574,0.18536,0.27256,0.39504,0.37463,0.11868,0.15271,0.19032,0.23083,0.18189,0.12719,0.15263,0.13306
0.21756,0.17571,0.28784,0.31456,0.57684,0.23161,0.32554,0.34795,0.12584,0.19647,0.25381,0.32986,0.38769,0.12517,0.16521,0.18469,0.25281,0.19687,0.12573,0.1637,0.15569
0.23421,0.19875,0.27436,0.32747,0.55062,0.21204,0.28264,0.29387,0.14472,0.17815,0.26992,0.33999,0.32387,0.13038,0.14028,0.21974,0.20351,0.15352,0.1302,0.15572,0.12216
0.22347,0.19545,0.29725,0.29273,0.60553,0.20555,0.29038,0.28391,0.12884,0.22093,0.22428,0.33426,0.35454,0.12898,0.14259,0.18837,0.22651,0.18166,0.13321,0.15603,0.1336
0.17759,0.16983,0.22198,0.28258,0.54571,0.19053,0.25669,0.27118,0.11864,0.17941,0.20443,0.27705,0.28321,0.096654,0.13533,0.16426,0.2122,0.15082,0.099712,0.13102,0.12834
0.15951,0.13838,0.24966,0.2408,0.55144,0.16294,0.27202,0.2528,0.095122,0.20115,0.17778,0.26045,0.2525,0.097961,0.11216,0.15241,0.20432,0.14685,0.10039,0.13489,0.11756
0.18132,0.14041,0.22597,0.27834,0.61168,0.15806,0.23799,0.21065,0.11941,0.23985,0.16931,0.23075,0.21739,0.09811,0.12269,0.15942,0.17171,0.1381,0.11149,0.1454,0.11521
0.16256,0.1294,0.21417,0.23098,0.56578,0.15142,0.20264,0.21868,0.11275,0.18633,0.17297,0.24565,0.21278,0.10724,0.1088,0.16416,0.15914,0.11864,0.11157,0.13675,0.092289
0.18021,0.15391,0.18269,0.24473,0.47694,0.16354,0.18959,0.19947,0.1074,0.17954,0.18251,0.24088,0.25489,0.1021,0.11606,0.18298,0.1667,0.13436,0.11164,0.14601,0.099051
0.20559,0.14707,0.20229,0.24674,0.41529,0.14935,0.18627,0.18755,0.11024,0.19439,0.16475,0.22196,0.22381,0.08377,0.111,0.15971,0.17319,0.12287,0.099041,0.12688,0.10313
0.19457,0.15167,0.21002,0.2487,0.40745,0.14644,0.2338,0.23524,0.10018,0.21421,0.17639,0.23354,0.34634,0.098243,0.11387,0.16364,0.18355,0.13391,0.10951,0.1304,0.10486
0.14881,0.13269,0.18695,0.20737,0.37475,0.13862,0.20483,0.22121,0.097211,0.22201,0.16421,0.2172,0.33472,0.088585,0.10631,0.16197,0.1527,0.12168,0.10402,0.13184,0.090837
0.17195,0.14783,0.21686,0.22792,0.35613,0.17535,0.23884,0.25542,0.10252,0.18561,0.16861,0.20905,0.40097,0.089487,0.12122,0.16533,0.19487,0.15858,0.10737,0.11804,0.1235
0.13584,0.10745,0.18839,0.18471,0.38979,0.12715,0.19083,0.24328,0.10802,0.20544,0.15567,0.21278,0.37588,0.076954,0.090362,0.14736,0.15723,0.12706,0.096611,0.12247,0.090231
0.16931,0.13883,0.19243,0.22805,0.35659,0.1607,0.16907,0.19694,0.093782,0.16691,0.17624,0.20425,0.29355,0.097422,0.08854,0.15499,0.14169,0.10861,0.1072,0.13305,0.08224
0.1447,0.12278,0.16499,0.19655,0.33378,0.12427,0.16362,0.17548,0.097728,0.18923,0.14041,0.19086,0.24561,0.080711,0.081914,0.13091,0.13788,0.099894,0.092308,0.11977,0.07783
0.15048,0.11499,0.15169,0.19481,0.31066,0.13209,0.15909,0.14378,0.099228,0.13906,0.14288,0.18359,0.19546,0.081029,0.079195,0.13548,0.13036,0.096193,0.090296,0.10509,0.076416
0.13127,0.11278,0.12719,0.19185,0.25886,0.13359,0.13474,0.15263,0.095495,0.099388,0.14521,0.18143,0.16068,0.069798,0.069857,0.1286,0.11638,0.085352,0.08317,0.098242,0.070396
0.11846,0.095007,0.12551,0.17693,0.28394,0.10287,0.13335,0.13308,0.074476,0.10351,0.11455,0.14909,0.14366,0.057418,0.076796,0.10602,0.11779,0.085647,0.069218,0.089068,0.068578
0.14239,0.12423,0.13588,0.19723,0.30295,0.10738,0.12699,0.12082,0.075753,0.10813,0.11495,0.14799,0.13543,0.073262,0.059712,0.1217,0.10194,0.074066,0.086799,0.1068,0.063881
0.072431,0.061141,0.084199,0.12102,0.16848,0.069517,0.091155,0.088002,0.054364,0.072418,0.070853,0.098222,0.10789,0.039801,0.053209,0.068456,0.08432,0.066383,0.043606,0.059145,0.053304
6.0734e-05,5.7708e-05,0.00014488,0.0001551,0.00019969,5.6814e-05,9.8913e-05,0.00010896,3.6023e-05,0.00010779,8.3275e-05,8.549e-05,0.0001555,5.4634e-05,9.7061e-05,6.7418e-05,0.00012036,0.00013979,6.4588e-05,5.2339e-05,9.5665e-05
4.4844e-06,8.2016e-06,1.2227e-05,3.7205e-05,3.303e-05,7.6561e-06,1.0864e-05,1.2928e-05,5.3532e-06,4.4643e-06,3.1212e-05,5.917e-06,1.892e-05,2.0753e-05,1.4537e-05,3.9262e-05,4.0546e-05,3.9301e-05,2.8927e-05,3.7104e-06,2.6096e-05
2.2055e-06,4.999e-06,5.2726e-06,2.265e-05,2.3455e-05,4.7013e-06,6.8441e-06,6.2813e-06,3.9e-06,2.8794e-06,2.6646e-05,5.4817e-06,1.0279e-05,1.5569e-05,8.8925e-06,3.8466e-05,3.861e-05,3.0271e-05,2.3906e-05,1.5194e-06,2.2812e-05
1.4077e-06,3.6873e-06,2.8091e-06,1.5812e-05,1.9685e-05,3.3192e-06,5.2193e-06,3.7665e-06,3.1741e-06,2.2885e-06,2.3789e-05,5.1442e-06,7.0567e-06,1.2756e-05,6.5056e-06,3.6689e-05,3.702e-05,2.6232e-05,2.0618e-05,6.8557e-07,2.1343e-05
9.894e-07,2.9056e-06,1.6979e-06,1.1801e-05,1.7788e-05,2.4779e-06,4.3981e-06,2.5559e-06,2.7451e-06,1.9881e-06,2.1924e-05,4.9141e-06,5.3652e-06,1.1062e-05,5.1224e-06,3.5011e-05,3.5581e-05,2.3748e-05,1.8419e-05,3.2932e-07,2.0312e-05
7.6787e-07,2.4169e-06,1.1236e-06,9.2621e-06,1.6569e-05,1.9468e-06,3.8942e-06,1.9114e-06,2.4558e-06,1.8e-06,2.0622e-05,4.7437e-06,4.4094e-06,9.9622e-06,4.2849e-06,3.372e-05,3.4469e-05,2.2132e-05,1.6993e-05,1.6385e-07,1.9607e-05
6.2847e-07,2.0891e-06,7.7133e-07,7.5095e-06,1.5775e-05,1.5835e-06,3.4986e-06,1.5232e-06,2.2616e-06,1.6466e-06,1.9522e-05,4.5665e-06,3.7702e-06,9.17e-06,3.6972e-06,3.2446e-05,3.3267e-05,2.0816e-05,1.5848e-05,8.6159e-08,1.893e-05
5.3973e-07,1.8226e-06,5.7245e-07,6.2449e-06,1.5123e-05,1.3236e-06,3.2349e-06,1.2995e-06,2.0941e-06,1.5384e-06,1.8722e-05,4.4621e-06,3.3306e-06,8.5776e-06,3.2668e-06,3.145e-05,3.2225e-05,1.9801e-05,1.5018e-05,5.1225e-08,1.8354e-05
4.7279e-07,1.6246e-06,4.341e-07,5.2625e-06,1.463e-05,1.119e-06,3.02e-06,1.1401e-06,1.959e-06,1.4457e-06,1.7976e-05,4.3197e-06,2.9963e-06,8.0776e-06,2.9369e-06,3.042e-05,3.1262e-05,1.8939e-05,1.4267e-05,3.752e-08,1.783e-05
4.2558e-07,1.4568e-06,3.4626e-07,4.5114e-06,1.4197e-05,9.6048e-07,2.8336e-06,1.0425e-06,1.8509e-06,1.3742e-06,1.7369e-05,4.2153e-06,2.745e-06,7.6771e-06,2.665e-06,2.9515e-05,3.0319e-05,1.8162e-05,1.3667e-05,3.9266e-08,1.7316e-05
3.9679e-07,1.3319e-06,2.8374e-07,3.9405e-06,1.3818e-05,8.4867e-07,2.6717e-06,9.7675e-07,1.7577e-06,1.3079e-06,1.6825e-05,4.1112e-06,2.5442e-06,7.348e-06,2.447e-06,2.8718e-05,2.9487e-05,1.7494e-05,1.3167e-05,4.7954e-08,1.6853e-05
3.7243e-07,1.2213e-06,2.3673e-07,3.4549e-06,1.345e-05,7.4867e-07,2.5435e-06,9.2759e-07,1.6713e-06,1.2494e-06,1.6323e-05,4.0039e-06,2.3821e-06,7.0537e-06,2.2687e-06,2.7939e-05,2.8703e-05,1.6902e-05,1.2715e-05,5.9973e-08,1.6436e-05
3.5305e-07,1.1266e-06,2.0377e-07,3.0653e-06,1.3136e-05,6.6926e-07,2.4264e-06,8.9125e-07,1.5964e-06,1.2044e-06,1.5869e-05,3.9035e-06,2.2409e-06,6.7847e-06,2.11e-06,2.7203e-05,2.793e-05,1.6333e-05,1.2289e-05,7.2189e-08,1.6006e-05
3.3702e-07,1.0446e-06,1.7682e-07,2.7355e-06,1.2799e-05,6.0068e-07,2.3242e-06,8.6153e-07,1.5315e-06,1.1513e-06,1.5464e-05,3.8135e-06,2.1206e-06,6.5521e-06,1.9792e-06,2.6529e-05,2.7237e-05,1.5839e-05,1.1932e-05,8.6267e-08,1.5628e-05
3.2495e-07,9.723e-07,1.5623e-07,2.4499e-06,1.252e-05,5.4586e-07,2.2291e-06,8.4056e-07,1.4717e-06,1.1121e-06,1.5083e-05,3.7232e-06,2.0227e-06,6.3392e-06,1.8624e-06,2.5895e-05,2.6551e-05,1.5366e-05,1.16e-05,9.9174e-08,1.5255e-05
3.143e-07,9.0571e-07,1.3921e-07,2.2132e-06,1.2229e-05,4.9728e-07,2.1481e-06,8.215e-07,1.4146e-06,1.0731e-06,1.4737e-05,3.645e-06,1.9317e-06,6.1467e-06,1.7646e-06,2.5298e-05,2.5928e-05,1.4938e-05,1.129e-05,1.1196e-07,1.4906e-05
3.0705e-07,8.5407e-07,1.2679e-07,2.0169e-06,1.1976e-05,4.5745e-07,2.0678e-06,8.0831e-07,1.3618e-06,1.0384e-06,1.4385e-05,3.555e-06,1.8534e-06,5.9611e-06,1.6685e-06,2.4708e-05,2.5293e-05,1.4514e-05,1.0994e-05,1.231e-07,1.4564e-05
2.9957e-07,8.0198e-07,1.1621e-07,1.834e-06,1.1722e-05,4.2175e-07,1.9965e-06,7.9769e-07,1.3158e-06,1.0033e-06,1.4076e-05,3.4808e-06,1.7871e-06,5.7929e-06,1.5883e-06,2.417e-05,2.4715e-05,1.4131e-05,1.0725e-05,1.347e-07,1.424e-05
2.9367e-07,7.5682e-07,1.0645e-07,1.678e-06,1.1473e-05,3.9228e-07,1.9298e-06,7.8457e-07,1.271e-06,9.7389e-07,1.3771e-05,3.4007e-06,1.7183e-06,5.6344e-06,1.5148e-06,2.3634e-05,2.4149e-05,1.3761e-05,1.0474e-05,1.4422e-07,1.3924e-05
2.8714e-07,7.1482e-07,9.8856e-08,1.5401e-06,1.1234e-05,3.6441e-07,1.8722e-06,7.7457e-07,1.2285e-06,9.4561e-07,1.3477e-05,3.3248e-06,1.6616e-06,5.483e-06,1.4463e-06,2.3124e-05,2.3609e-05,1.3418e-05,1.0225e-05,1.5314e-07,1.3629e-05
2.8247e-07,6.7827e-07,9.1637e-08,1.4202e-06,1.1008e-05,3.4105e-07,1.8129e-06,7.6439e-07,1.1892e-06,9.184e-07,1.321e-05,3.2533e-06,1.6094e-06,5.343e-06,1.3847e-06,2.265e-05,2.3095e-05,1.3085e-05,9.9998e-06,1.6145e-07,1.3341e-05
2.782e-07,6.4284e-07,8.589e-08,1.3105e-06,1.0777e-05,3.2005e-07,1.7628e-06,7.5384e-07,1.1532e-06,8.9311e-07,1.2945e-05,3.188e-06,1.5579e-06,5.2091e-06,1.3284e-06,2.2182e-05,2.2598e-05,1.2772e-05,9.779e-06,1.6842e-07,1.3065e-05
2.7316e-07,6.1337e-07,8.1203e-08,1.2141e-06,1.0572e-05,3.017e-07,1.7104e-06,7.4619e-07,1.1202e-06,8.708e-07,1.2693e-05,3.1203e-06,1.5133e-06,5.0833e-06,1.2745e-06,2.1737e-05,2.2122e-05,1.2473e-05,9.5702e-06,1.7467e-07,1.2797e-05
2.69e-07,5.8421e-07,7.6162e-08,1.1278e-06,1.0366e-05,2.8508e-07,1.6667e-06,7.3661e-07,1.0857e-06,8.4698e-07,1.2453e-05,3.0574e-06,1.4698e-06,4.9619e-06,1.2279e-06,2.1317e-05,2.1672e-05,1.219e-05,9.3709e-06,1.8028e-07,1.2544e-05
2.6559e-07,5.5775e-07,7.2349e-08,1.0484e-06,1.0171e-05,2.7029e-07,1.6224e-06,7.2754e-07,1.0553e-06,8.2595e-07,1.2221e-05,2.9934e-06,1.4313e-06,4.8449e-06,1.1818e-06,2.0891e-05,2.1225e-05,1.1915e-05,9.1806e-06,1.8521e-07,1.2298e-05
2.6252e-07,5.3188e-07,6.7774e-08,9.8009e-07,9.9686e-06,2.5697e-07,1.5828e-06,7.1805e-07,1.0271e-06,8.0573e-07,1.1997e-05,2.9345e-06,1.3936e-06,4.7363e-06,1.1415e-06,2.05e-05,2.0806e-05,1.1658e-05,8.9986e-06,1.8975e-07,1.2063e-05
2.5816e-07,5.0906e-07,6.4428e-08,9.1554e-07,9.7853e-06,2.4475e-07,1.5435e-06,7.0928e-07,9.98e-07,7.8764e-07,1.1775e-05,2.8749e-06,1.3577e-06,4.6272e-06,1.1031e-06,2.0108e-05,2.0399e-05,1.1406e-05,8.817e-06,1.9306e-07,1.1833e-05
2.5518e-07,4.8703e-07,6.1104e-08,8.5543e-07,9.602e-06,2.3391e-07,1.5071e-06,7.0031e-07,9.7049e-07,7.6862e-07,1.1573e-05,2.8188e-06,1.3241e-06,4.5263e-06,1.0665e-06,1.9735e-05,2.0007e-05,1.1167e-05,8.6522e-06,1.9648e-07,1.1614e-05
2.5175e-07,4.6857e-07,5.8702e-08,8.0295e-07,9.427e-06,2.2405e-07,1.4724e-06,6.9202e-07,9.4657e-07,7.5208e-07,1.1368e-05,2.7632e-06,1.2933e-06,4.4306e-06,1.0312e-06,1.9377e-05,1.9624e-05,1.0933e-05,8.4855e-06,1.992e-07,1.1399e-05
2.4847e-07,4.4909e-07,5.5684e-08,7.5353e-07,9.2571e-06,2.1402e-07,1.4386e-06,6.8365e-07,9.2079e-07,7.3412e-07,1.1172e-05,2.711e-06,1.264e-06,4.3332e-06,9.9949e-07,1.9024e-05,1.9261e-05,1.0713e-05,8.3299e-06,2.0188e-07,1.1194e-05
2.4549e-07,4.3156e-07,5.351e-08,7.0973e-07,9.0918e-06,2.0618e-07,1.4068e-06,6.7509e-07,8.9864e-07,7.1839e-07,1.0981e-05,2.6584e-06,1.2354e-06,4.2433e-06,9.6944e-07,1.8691e-05,1.8905e-05,1.0499e-05,8.1751e-06,2.0357e-07,1.099e-05
2.4235e-07,4.1478e-07,5.0901e-08,6.6681e-07,8.9327e-06,1.9824e-07,1.3775e-06,6.6684e-07,8.7664e-07,7.0255e-07,1.0799e-05,2.6096e-06,1.2081e-06,4.1565e-06,9.4103e-07,1.8363e-05,1.8565e-05,1.0294e-05,8.0299e-06,2.0503e-07,1.0798e-05
2.3924e-07,3.9922e-07,4.8726e-08,6.2986e-07,8.7805e-06,1.9132e-07,1.3484e-06,6.5829e-07,8.5529e-07,6.8833e-07,1.0619e-05,2.5609e-06,1.183e-06,4.0742e-06,9.1326e-07,1.8049e-05,1.8233e-05,1.0096e-05,7.8875e-06,2.0619e-07,1.0612e-05
2.3638e-07,3.8427e-07,4.6803e-08,5.9393e-07,8.6276e-06,1.8444e-07,1.3207e-06,6.5076e-07,8.3487e-07,6.7498e-07,1.0447e-05,2.5144e-06,1.1587e-06,3.9924e-06,8.8754e-07,1.7741e-05,1.791e-05,9.9044e-06,7.7504e-06,2.0734e-07,1.043e-05
2.3394e-07,3.6989e-07,4.4703e-08,5.6127e-07,8.4773e-06,1.7875e-07,1.295e-06,6.4173e-07,8.1573e-07,6.6e-07,1.0283e-05,2.4704e-06,1.1335e-06,3.9171e-06,8.6366e-07,1.7447e-05,1.7605e-05,9.7236e-06,7.6183e-06,2.0858e-07,1.0257e-05
2.3117e-07,3.5741e-07,4.2917e-08,5.3137e-07,8.3392e-06,1.7277e-07,1.2707e-06,6.3341e-07,7.9709e-07,6.4761e-07,1.0121e-05,2.4256e-06,1.1107e-06,3.8404e-06,8.4037e-07,1.716e-05,1.7307e-05,9.5454e-06,7.4875e-06,2.0846e-07,1.0085e-05
2.2855e-07,3.4494e-07,4.1241e-08,5.0325e-07,8.1991e-06,1.6751e-07,1.2458e-06,6.2504e-07,7.7938e-07,6.3554e-07,9.9644e-06,2.3834e-06,1.089e-06,3.7686e-06,8.1922e-07,1.6879e-05,1.7015e-05,9.3726e-06,7.3658e-06,2.0904e-07,9.9216e-06
2.2557e-07,3.3348e-07,3.9616e-08,4.7691e-07,8.0652e-06,1.6254e-07,1.2235e-06,6.1777e-07,7.6204e-07,6.2318e-07,9.8071e-06,2.3406e-06,1.0677e-06,3.696e-06,7.9839e-07,1.6608e-05,1.6732e-05,9.2081e-06,7.2409e-06,2.0903e-07,9.7622e-06
2.2316e-07,3.224e-07,3.8231e-08,4.5337e-07,7.9378e-06,1.5818e-07,1.201e-06,6.0961e-07,7.4483e-07,6.1078e-07,9.6601e-06,2.3017e-06,1.048e-06,3.6308e-06,7.7856e-07,1.6345e-05,1.646e-05,9.0471e-06,7.1261e-06,2.0908e-07,9.608e-06
2.2036e-07,3.1145e-07,3.6772e-08,4.3038e-07,7.8096e-06,1.5368e-07,1.1798e-06,6.0208e-07,7.2966e-07,6.0013e-07,9.5143e-06,2.263e-06,1.0283e-06,3.5656e-06,7.5935e-07,1.6091e-05,1.6195e-05,8.8907e-06,7.0143e-06,2.0904e-07,9.4553e-06
2.1796e-07,3.0161e-07,3.534e-08,4.0937e-07,7.6899e-06,1.495e-07,1.1587e-06,5.9441e-07,7.1478e-07,5.8907e-07,9.3747e-06,2.2247e-06,1.0096e-06,3.5008e-06,7.4093e-07,1.5839e-05,1.5938e-05,8.7435e-06,6.9011e-06,2.0853e-07,9.3089e-06
2.1539e-07,2.9157e-07,3.4185e-08,3.8876e-07,7.5671e-06,1.4568e-07,1.1386e-06,5.8687e-07,6.9955e-07,5.7904e-07,9.237e-06,2.1883e-06,9.9214e-07,3.4394e-06,7.2356e-07,1.56e-05,1.5686e-05,8.5954e-06,6.7943e-06,2.0813e-07,9.1659e-06
2.1309e-07,2.826e-07,3.2854e-08,3.7042e-07,7.4493e-06,1.4228e-07,1.1208e-06,5.7969e-07,6.8613e-07,5.6886e-07,9.1044e-06,2.1518e-06,9.7484e-07,3.3805e-06,7.075e-07,1.5364e-05,1.5443e-05,8.4542e-06,6.6913e-06,2.0762e-07,9.0281e-06
2.1046e-07,2.7394e-07,3.1746e-08,3.5263e-07,7.3405e-06,1.3863e-07,1.1016e-06,5.7181e-07,6.7247e-07,5.5922e-07,8.9728e-06,2.1177e-06,9.5761e-07,3.3217e-06,6.9106e-07,1.5135e-05,1.5209e-05,8.3164e-06,6.5888e-06,2.0659e-07,8.8937e-06
2.0822e-07,2.6569e-07,3.0638e-08,3.3637e-07,7.2269e-06,1.358e-07,1.0834e-06,5.6503e-07,6.5914e-07,5.492e-07,8.8459e-06,2.0843e-06,9.4123e-07,3.2661e-06,6.7573e-07,1.4915e-05,1.4977e-05,8.1845e-06,6.4917e-06,2.0605e-07,8.763e-06
2.0593e-07,2.5772e-07,2.9565e-08,3.2106e-07,7.1213e-06,1.3248e-07,1.0662e-06,5.5819e-07,6.458e-07,5.4026e-07,8.7245e-06,2.052e-06,9.257e-07,3.212e-06,6.6129e-07,1.4698e-05,1.4756e-05,8.056e-06,6.3951e-06,2.0516e-07,8.6357e-06
2.0378e-07,2.5032e-07,2.8693e-08,3.0658e-07,7.0157e-06,1.2985e-07,1.0497e-06,5.5133e-07,6.3362e-07,5.3153e-07,8.6052e-06,2.0195e-06,9.1062e-07,3.1591e-06,6.4709e-07,1.4488e-05,1.4539e-05,7.931e-06,6.3018e-06,2.0447e-07,8.5109e-06
2.0141e-07,2.4318e-07,2.7625e-08,2.9313e-07,6.9182e-06,1.2726e-07,1.0332e-06,5.4479e-07,6.2207e-07,5.2316e-07,8.4874e-06,1.9892e-06,8.959e-07,3.1088e-06,6.3432e-07,1.4283e-05,1.4327e-05,7.8076e-06,6.2116e-06,2.0329e-07,8.391e-06
1.9961e-07,2.3635e-07,2.6786e-08,2.8018e-07,6.8179e-06,1.2448e-07,1.0174e-06,5.381e-07,6.1087e-07,5.15e-07,8.3735e-06,1.9585e-06,8.817e-07,3.0584e-06,6.2072e-07,1.4081e-05,1.4122e-05,7.6896e-06,6.1234e-06,2.0229e-07,8.2744e-06
1.9675e-07,2.2996e-07,2.5937e-08,2.678e-07,6.7218e-06,1.219e-07,1.0022e-06,5.3172e-07,5.9961e-07,5.0653e-07,8.2606e-06,1.9288e-06,8.6797e-07,3.011e-06,6.0841e-07,1.3886e-05,1.3924e-05,7.5758e-06,6.0355e-06,2.0148e-07,8.1593e-06
1.9504e-07,2.2331e-07,2.5039e-08,2.5619e-07,6.6255e-06,1.1956e-07,9.8832e-07,5.2459e-07,5.8893e-07,4.9889e-07,8.1536e-06,1.9006e-06,8.5374e-07,2.9638e-06,5.9665e-07,1.3694e-05,1.3729e-05,7.464e-06,5.9519e-06,2e-07,8.0495e-06
1.93e-07,2.1696e-07,2.4361e-08,2.4561e-07,6.538e-06,1.1747e-07,9.737e-07,5.1887e-07,5.787e-07,4.9117e-07,8.0472e-06,1.8727e-06,8.4117e-07,2.9181e-06,5.8491e-07,1.3511e-05,1.354e-05,7.3553e-06,5.8707e-06,1.9895e-07,7.9398e-06
1.9077e-07,2.1132e-07,2.3566e-08,2.3523e-07,6.4483e-06,1.1532e-07,9.6018e-07,5.1235e-07,5.6831e-07,4.8384e-07,7.9428e-06,1.845e-06,8.286e-07,2.8739e-06,5.7355e-07,1.333e-05,1.3353e-05,7.2505e-06,5.7912e-06,1.9768e-07,7.8352e-06
1.8876e-07,2.0569e-07,2.2841e-08,2.253e-07,6.3606e-06,1.1322e-07,9.4655e-07,5.065e-07,5.589e-07,4.7676e-07,7.8425e-06,1.8194e-06,8.159e-07,2.8306e-06,5.6306e-07,1.3156e-05,1.3174e-05,7.1475e-06,5.7131e-06,1.9667e-07,7.731e-06
1.8664e-07,2.0066e-07,2.2116e-08,2.1627e-07,6.2747e-06,1.1125e-07,9.3367e-07,5.0019e-07,5.4945e-07,4.6935e-07,7.7436e-06,1.793e-06,8.0397e-07,2.7881e-06,5.5273e-07,1.2983e-05,1.3e-05,7.0469e-06,5.6383e-06,1.9525e-07,7.6307e-06
1.8474e-07,1.9504e-07,2.1494e-08,2.0725e-07,6.1932e-06,1.0947e-07,9.2035e-07,4.9457e-07,5.4012e-07,4.6253e-07,7.647e-06,1.7689e-06,7.9288e-07,2.7479e-06,5.4271e-07,1.2817e-05,1.2828e-05,6.95e-06,5.5654e-06,1.9414e-07,7.5316e-06
1.8281e-07,1.9033e-07,2.0921e-08,1.9884e-07,6.112e-06,1.0752e-07,9.0808e-07,4.8866e-07,5.3136e-07,4.5622e-07,7.5526e-06,1.744e-06,7.8141e-07,2.7076e-06,5.3272e-07,1.2654e-05,1.2661e-05,6.855e-06,5.4926e-06,1.9275e-07,7.4359e-06
1.8128e-07,1.8562e-07,2.0285e-08,1.9122e-07,6.0345e-06,1.0587e-07,8.9685e-07,4.8316e-07,5.2285e-07,4.4957e-07,7.4629e-06,1.7205e-06,7.7023e-07,2.6697e-06,5.2356e-07,1.2495e-05,1.25e-05,6.763e-06,5.423e-06,1.9171e-07,7.3422e-06
1.7917e-07,1.8106e-07,1.9668e-08,1.8352e-07,5.9561e-06,1.0431e-07,8.8508e-07,4.7712e-07,5.1411e-07,4.4357e-07,7.3738e-06,1.6965e-06,7.5955e-07,2.6324e-06,5.1488e-07,1.2339e-05,1.234e-05,6.6731e-06,5.3549e-06,1.9014e-07,7.252e-06
1.7731e-07,1.7653e-07,1.9162e-08,1.7639e-07,5.8826e-06,1.0267e-07,8.7332e-07,4.7232e-07,5.0661e-07,4.3774e-07,7.2836e-06,1.6746e-06,7.4938e-07,2.5955e-06,5.0543e-07,1.2188e-05,1.2184e-05,6.5857e-06,5.2885e-06,1.8907e-07,7.1619e-06
1.7536e-07,1.7232e-07,1.8648e-08,1.6948e-07,5.8102e-06,1.0121e-07,8.6243e-07,4.6717e-07,4.9827e-07,4.3202e-07,7.1977e-06,1.6525e-06,7.3955e-07,2.5599e-06,4.97e-07,1.2038e-05,1.2034e-05,6.4988e-06,5.2216e-06,1.8748e-07,7.0749e-06
1.7363e-07,1.6826e-07,1.8119e-08,1.6306e-07,5.7384e-06,9.9749e-08,8.5141e-07,4.6161e-07,4.9117e-07,4.2574e-07,7.1141e-06,1.6311e-06,7.293e-07,2.5254e-06,4.8899e-07,1.1892e-05,1.1888e-05,6.4163e-06,5.1597e-06,1.8656e-07,6.9916e-06
1.7203e-07,1.643e-07,1.7635e-08,1.5696e-07,5.668e-06,9.8227e-08,8.4095e-07,4.5647e-07,4.8382e-07,4.2037e-07,7.0334e-06,1.6099e-06,7.1973e-07,2.491e-06,4.8119e-07,1.1751e-05,1.1744e-05,6.3338e-06,5.0965e-06,1.8511e-07,6.9074e-06
1.7028e-07,1.6056e-07,1.7123e-08,1.5103e-07,5.5994e-06,9.6888e-08,8.3068e-07,4.5136e-07,4.7649e-07,4.145e-07,6.953e-06,1.5889e-06,7.1036e-07,2.4576e-06,4.7342e-07,1.1613e-05,1.1602e-05,6.2559e-06,5.0354e-06,1.836e-07,6.8263e-06
1.6852e-07,1.5681e-07,1.6715e-08,1.4538e-07,5.5343e-06,9.5544e-08,8.2088e-07,4.4638e-07,4.6906e-07,4.0935e-07,6.8741e-06,1.5691e-06,7.0115e-07,2.4256e-06,4.6577e-07,1.1477e-05,1.1465e-05,6.1781e-06,4.9755e-06,1.8247e-07,6.7471e-06
1.6695e-07,1.5323e-07,1.6285e-08,1.3998e-07,5.4685e-06,9.4306e-08,8.115e-07,4.4172e-07,4.6245e-07,4.0386e-07,6.7977e-06,1.5498e-06,6.9248e-07,2.3949e-06,4.587e-07,1.1345e-05,1.1331e-05,6.1026e-06,4.918e-06,1.8089e-07,6.6694e-06
1.6531e-07,1.4997e-07,1.5875e-08,1.3472e-07,5.4044e-06,9.3019e-08,8.0163e-07,4.3723e-07,4.5611e-07,3.9918e-07,6.7217e-06,1.5306e-06,6.8375e-07,2.3641e-06,4.515e-07,1.1216e-05,1.1201e-05,6.0294e-06,4.8614e-06,1.7958e-07,6.5934e-06
1.6368e-07,1.4668e-07,1.5482e-08,1.3005e-07,5.3419e-06,9.1839e-08,7.9242e-07,4.3235e-07,4.4951e-07,3.9402e-07,6.6501e-06,1.5118e-06,6.7515e-07,2.3345e-06,4.4467e-07,1.1089e-05,1.1072e-05,5.957e-06,4.8053e-06,1.7837e-07,6.5208e-06
1.6199e-07,1.433e-07,1.5114e-08,1.2525e-07,5.2804e-06,9.076e-08,7.8373e-07,4.2771e-07,4.4299e-07,3.8938e-07,6.5769e-06,1.4939e-06,6.6694e-07,2.3044e-06,4.3815e-07,1.0966e-05,1.0946e-05,5.8865e-06,4.7521e-06,1.7726e-07,6.4483e-06
1.6068e-07,1.4038e-07,1.4659e-08,1.2075e-07,5.2218e-06,8.9535e-08,7.7477e-07,4.2307e-07,4.3731e-07,3.8481e-07,6.5067e-06,1.4759e-06,6.5841e-07,2.2769e-06,4.3155e-07,1.0846e-05,1.0823e-05,5.8179e-06,4.6997e-06,1.7573e-07,6.3767e-06
1.591e-07,1.3716e-07,1.4336e-08,1.167e-07,5.1638e-06,8.85e-08,7.6606e-07,4.1863e-07,4.3119e-07,3.8021e-07,6.4372e-06,1.4587e-06,6.5113e-07,2.2487e-06,4.2535e-07,1.0728e-05,1.0704e-05,5.7516e-06,4.6464e-06,1.744e-07,6.3067e-06
1.5766e-07,1.345e-07,1.3975e-08,1.1219e-07,5.1065e-06,8.7458e-08,7.5776e-07,4.1449e-07,4.2549e-07,3.756e-07,6.3718e-06,1.4418e-06,6.4348e-07,2.222e-06,4.1934e-07,1.0611e-05,1.0585e-05,5.6859e-06,4.5962e-06,1.7312e-07,6.24e-06
1.5607e-07,1.3181e-07,1.3675e-08,1.0841e-07,5.0517e-06,8.6474e-08,7.4961e-07,4.1041e-07,4.1968e-07,3.7157e-07,6.3042e-06,1.425e-06,6.3586e-07,2.1951e-06,4.1357e-07,1.0496e-05,1.0471e-05,5.622e-06,4.5463e-06,1.7194e-07,6.1735e-06
1.5481e-07,1.2887e-07,1.3314e-08,1.0471e-07,4.9966e-06,8.5583e-08,7.4158e-07,4.0599e-07,4.1437e-07,3.6671e-07,6.239e-06,1.4087e-06,6.2853e-07,2.1695e-06,4.0777e-07,1.0386e-05,1.0359e-05,5.56e-06,4.4983e-06,1.707e-07,6.1091e-06
1.5324e-07,1.2635e-07,1.2997e-08,1.0123e-07,4.9435e-06,8.4454e-08,7.3378e-07,4.0182e-07,4.089e-07,3.6272e-07,6.1762e-06,1.3929e-06,6.2125e-07,2.1432e-06,4.0213e-07,1.0277e-05,1.0248e-05,5.4979e-06,4.4506e-06,1.6936e-07,6.0453e-06
1.5189e-07,1.2386e-07,1.2738e-08,9.7687e-08,4.89e-06,8.3577e-08,7.2629e-07,3.9816e-07,4.0381e-07,3.5891e-07,6.1139e-06,1.3777e-06,6.1441e-07,2.1186e-06,3.964e-07,1.0173e-05,1.0141e-05,5.4382e-06,4.4043e-06,1.6826e-07,5.9839e-06
1.5073e-07,1.2143e-07,1.2435e-08,9.4521e-08,4.8408e-06,8.2608e-08,7.1876e-07,3.9426e-07,3.9851e-07,3.546e-07,6.0538e-06,1.3624e-06,6.0726e-07,2.0953e-06,3.9118e-07,1.0067e-05,1.0035e-05,5.3799e-06,4.3587e-06,1.6694e-07,5.9219e-06
1.4926e-07,1.1929e-07,1.2143e-08,9.1061e-08,4.7902e-06,8.1786e-08,7.1141e-07,3.8996e-07,3.9353e-07,3.51e-07,5.9951e-06,1.3476e-06,6.0098e-07,2.0717e-06,3.8609e-07,9.9657e-06,9.9341e-06,5.322e-06,4.314e-06,1.6579e-07,5.8636e-06
1.4783e-07,1.1688e-07,1.1813e-08,8.8209e-08,4.7407e-06,8.085e-08,7.0408e-07,3.8649e-07,3.8917e-07,3.4734e-07,5.9349e-06,1.3328e-06,5.9393e-07,2.0481e-06,3.8117e-07,9.8661e-06,9.8346e-06,5.266e-06,4.2699e-06,1.6459e-07,5.8041e-06
1.4654e-07,1.145e-07,1.1605e-08,8.5194e-08,4.6928e-06,8.0066e-08,6.9694e-07,3.8293e-07,3.839e-07,3.433e-07,5.8794e-06,1.3187e-06,5.8763e-07,2.0266e-06,3.7615e-07,9.7685e-06,9.7331e-06,5.2114e-06,4.2274e-06,1.6334e-07,5.7473e-06
1.4537e-07,1.1237e-07,1.1369e-08,8.2399e-08,4.6472e-06,7.9399e-08,6.9004e-07,3.7912e-07,3.7936e-07,3.3976e-07,5.8218e-06,1.305e-06,5.8123e-07,2.0033e-06,3.7153e-07,9.6728e-06,9.6378e-06,5.1579e-06,4.1852e-06,1.6217e-07,5.6904e-06
1.4399e-07,1.1034e-07,1.1091e-08,7.9614e-08,4.5997e-06,7.8415e-08,6.8391e-07,3.7559e-07,3.753e-07,3.3658e-07,5.7679e-06,1.2906e-06,5.7487e-07,1.9816e-06,3.6722e-07,9.579e-06,9.5437e-06,5.1056e-06,4.1448e-06,1.6089e-07,5.6366e-06
1.4268e-07,1.0821e-07,1.0836e-08,7.7116e-08,4.5552e-06,7.7497e-08,6.7686e-07,3.7189e-07,3.7041e-07,3.3275e-07,5.7134e-06,1.2776e-06,5.6935e-07,1.9611e-06,3.6223e-07,9.4856e-06,9.4499e-06,5.0538e-06,4.1038e-06,1.5972e-07,5.5822e-06
1.4158e-07,1.0629e-07,1.0623e-08,7.4598e-08,4.5103e-06,7.7007e-08,6.7028e-07,3.6844e-07,3.662e-07,3.2926e-07,5.6601e-06,1.2652e-06,5.6345e-07,1.9403e-06,3.5777e-07,9.3948e-06,9.3593e-06,5.0032e-06,4.0653e-06,1.5865e-07,5.5296e-06
1.4045e-07,1.0431e-07,1.0415e-08,7.2086e-08,4.4691e-06,7.6212e-08,6.6437e-07,3.6548e-07,3.6205e-07,3.2585e-07,5.61e-06,1.2521e-06,5.5801e-07,1.9192e-06,3.5337e-07,9.3073e-06,9.2704e-06,4.9539e-06,4.0262e-06,1.576e-07,5.4771e-06
1.3914e-07,1.0252e-07,1.0226e-08,6.9818e-08,4.4262e-06,7.5548e-08,6.579e-07,3.6199e-07,3.5776e-07,3.2259e-07,5.5572e-06,1.2393e-06,5.5218e-07,1.9002e-06,3.4912e-07,9.2224e-06,9.1827e-06,4.9056e-06,3.9886e-06,1.5645e-07,5.4267e-06
1.382e-07,1.0079e-07,9.9995e-09,6.7597e-08,4.3836e-06,7.4854e-08,6.5218e-07,3.5878e-07,3.5368e-07,3.1947e-07,5.5081e-06,1.2269e-06,5.4655e-07,1.8805e-06,3.4523e-07,9.1373e-06,9.0963e-06,4.8589e-06,3.9509e-06,1.5502e-07,5.3768e-06
1.3702e-07,9.8957e-08,9.8006e-09,6.5384e-08,4.3427e-06,7.4105e-08,6.4592e-07,3.5568e-07,3.4984e-07,3.1645e-07,5.4588e-06,1.2151e-06,5.4144e-07,1.8623e-06,3.4104e-07,9.0537e-06,9.0145e-06,4.8113e-06,3.9155e-06,1.5423e-07,5.328e-06
1.3582e-07,9.7045e-08,9.5746e-09,6.3358e-08,4.3038e-06,7.3327e-08,6.4071e-07,3.5221e-07,3.4603e-07,3.1337e-07,5.4107e-06,1.2034e-06,5.3595e-07,1.8439e-06,3.375e-07,8.9712e-06,8.932e-06,4.7674e-06,3.8797e-06,1.5326e-07,5.2808e-06
1.3472e-07,9.5485e-08,9.4182e-09,6.1267e-08,4.2636e-06,7.2758e-08,6.3448e-07,3.4913e-07,3.4261e-07,3.1032e-07,5.364e-06,1.1919e-06,5.3057e-07,1.8255e-06,3.3365e-07,8.8909e-06,8.8508e-06,4.7213e-06,3.8454e-06,1.5223e-07,5.2332e-06
1.3381e-07,9.4017e-08,9.2135e-09,5.9325e-08,4.2253e-06,7.2159e-08,6.2893e-07,3.4611e-07,3.3867e-07,3.0745e-07,5.3165e-06,1.1801e-06,5.2575e-07,1.807e-06,3.2981e-07,8.8119e-06,8.7716e-06,4.6793e-06,3.8105e-06,1.5092e-07,5.1887e-06
1.3259e-07,9.2503e-08,9.0524e-09,5.7442e-08,4.188e-06,7.1447e-08,6.2343e-07,3.4326e-07,3.3521e-07,3.0436e-07,5.2727e-06,1.1686e-06,5.2079e-07,1.7903e-06,3.262e-07,8.7354e-06,8.6925e-06,4.6355e-06,3.7767e-06,1.4991e-07,5.1426e-06
1.316e-07,9.1023e-08,8.8865e-09,5.5743e-08,4.1517e-06,7.0881e-08,6.1812e-07,3.4054e-07,3.3168e-07,3.0178e-07,5.2282e-06,1.1585e-06,5.1619e-07,1.7732e-06,3.2263e-07,8.6608e-06,8.6195e-06,4.5936e-06,3.7445e-06,1.488e-07,5.0989e-06
1.3055e-07,8.9347e-08,8.7014e-09,5.3957e-08,4.1159e-06,7.0326e-08,6.1311e-07,3.3708e-07,3.2809e-07,2.9912e-07,5.1844e-06,1.1481e-06,5.1116e-07,1.7562e-06,3.1928e-07,8.586e-06,8.545e-06,4.5545e-06,3.7115e-06,1.479e-07,5.0543e-06
1.2958e-07,8.8052e-08,8.543e-09,5.2322e-08,4.0796e-06,6.9896e-08,6.0765e-07,3.348e-07,3.2519e-07,2.9627e-07,5.1414e-06,1.1373e-06,5.0673e-07,1.7393e-06,3.1588e-07,8.5131e-06,8.4716e-06,4.5141e-06,3.6798e-06,1.4684e-07,5.0134e-06
1.2857e-07,8.6616e-08,8.3909e-09,5.0711e-08,4.045e-06,6.9169e-08,6.0281e-07,3.318e-07,3.2178e-07,2.9375e-07,5.0987e-06,1.1272e-06,5.0204e-07,1.7237e-06,3.1237e-07,8.4415e-06,8.3981e-06,4.4747e-06,3.6489e-06,1.4589e-07,4.971e-06
1.2774e-07,8.5152e-08,8.2232e-09,4.9089e-08,4.0108e-06,6.8581e-08,5.9811e-07,3.2918e-07,3.1849e-07,2.908e-07,5.0592e-06,1.1172e-06,4.9791e-07,1.7083e-06,3.0911e-07,8.3708e-06,8.3286e-06,4.4359e-06,3.6182e-06,1.4486e-07,4.9303e-06
1.2666e-07,8.4007e-08,8.1081e-09,4.761e-08,3.9773e-06,6.8123e-08,5.9311e-07,3.2648e-07,3.1552e-07,2.8846e-07,5.0179e-06,1.1074e-06,4.9328e-07,1.6924e-06,3.0594e-07,8.303e-06,8.2599e-06,4.3979e-06,3.588e-06,1.4397e-07,4.8897e-06
1.2583e-07,8.2623e-08,7.9423e-09,4.6098e-08,3.9449e-06,6.758e-08,5.8841e-07,3.2382e-07,3.1212e-07,2.8592e-07,4.9774e-06,1.0983e-06,4.889e-07,1.6777e-06,3.0296e-07,8.2364e-06,8.1919e-06,4.361e-06,3.5598e-06,1.4299e-07,4.8508e-06
1.2492e-07,8.1331e-08,7.7766e-09,4.4802e-08,3.9116e-06,6.6978e-08,5.8323e-07,3.2118e-07,3.0956e-07,2.8357e-07,4.938e-06,1.0886e-06,4.8439e-07,1.6627e-06,2.9987e-07,8.1686e-06,8.125e-06,4.3233e-06,3.5292e-06,1.4229e-07,4.8117e-06
1.2394e-07,8.0172e-08,7.6391e-09,4.3469e-08,3.8802e-06,6.6602e-08,5.7894e-07,3.1892e-07,3.0664e-07,2.8107e-07,4.8989e-06,1.079e-06,4.8057e-07,1.6483e-06,2.9697e-07,8.1055e-06,8.0608e-06,4.2887e-06,3.5024e-06,1.4115e-07,4.7731e-06
1.231e-07,7.8987e-08,7.5255e-09,4.21e-08,3.8494e-06,6.6034e-08,5.748e-07,3.1611e-07,3.0348e-07,2.7874e-07,4.8633e-06,1.0699e-06,4.7678e-07,1.6338e-06,2.9396e-07,8.0414e-06,7.9961e-06,4.2539e-06,3.4733e-06,1.4022e-07,4.737e-06
1.2216e-07,7.7903e-08,7.3911e-09,4.0902e-08,3.8194e-06,6.5537e-08,5.6988e-07,3.1363e-07,3.0076e-07,2.7673e-07,4.8251e-06,1.0613e-06,4.723e-07,1.6199e-06,2.9129e-07,7.9794e-06,7.9335e-06,4.2184e-06,3.4471e-06,1.3928e-07,4.6995e-06
1.2145e-07,7.6703e-08,7.3005e-09,3.9649e-08,3.789e-06,6.5035e-08,5.6576e-07,3.1152e-07,2.9793e-07,2.7398e-07,4.7886e-06,1.0525e-06,4.6866e-07,1.6063e-06,2.8851e-07,7.9175e-06,7.8714e-06,4.1838e-06,3.4202e-06,1.3851e-07,4.6639e-06
1.2051e-07,7.5712e-08,7.1671e-09,3.8369e-08,3.7585e-06,6.4463e-08,5.6129e-07,3.0914e-07,2.9548e-07,2.7207e-07,4.7532e-06,1.0442e-06,4.6477e-07,1.5931e-06,2.8578e-07,7.8566e-06,7.8112e-06,4.1511e-06,3.3934e-06,1.3747e-07,4.6289e-06
1.1966e-07,7.4575e-08,7.0821e-09,3.7217e-08,3.731e-06,6.4053e-08,5.5732e-07,3.0704e-07,2.927e-07,2.6992e-07,4.7196e-06,1.0353e-06,4.6104e-07,1.5803e-06,2.831e-07,7.797e-06,7.7515e-06,4.1186e-06,3.3684e-06,1.3669e-07,4.5926e-06
1.1875e-07,7.3509e-08,6.9737e-09,3.6089e-08,3.7024e-06,6.3653e-08,5.5307e-07,3.0451e-07,2.9021e-07,2.6753e-07,4.6845e-06,1.0272e-06,4.5709e-07,1.5669e-06,2.8068e-07,7.7397e-06,7.6945e-06,4.0873e-06,3.3426e-06,1.3595e-07,4.5607e-06
1.1801e-07,7.2507e-08,6.8177e-09,3.505e-08,3.6752e-06,6.3181e-08,5.4916e-07,3.0217e-07,2.8757e-07,2.6565e-07,4.6507e-06,1.0193e-06,4.5386e-07,1.5546e-06,2.7799e-07,7.682e-06,7.6364e-06,4.0567e-06,3.3182e-06,1.349e-07,4.5266e-06
1.1717e-07,7.1518e-08,6.723e-09,3.402e-08,3.6482e-06,6.2778e-08,5.4504e-07,3.0012e-07,2.8509e-07,2.6348e-07,4.6169e-06,1.011e-06,4.5033e-07,1.5416e-06,2.7554e-07,7.6257e-06,7.5815e-06,4.025e-06,3.293e-06,1.3417e-07,4.494e-06
1.1639e-07,7.0407e-08,6.6052e-09,3.2986e-08,3.6215e-06,6.2395e-08,5.4123e-07,2.9809e-07,2.8283e-07,2.614e-07,4.5834e-06,1.0034e-06,4.4673e-07,1.5299e-06,2.7306e-07,7.5718e-06,7.5261e-06,3.9956e-06,3.2689e-06,1.3327e-07,4.4597e-06
1.1563e-07,6.9538e-08,6.5219e-09,3.1948e-08,3.5942e-06,6.2006e-08,5.3773e-07,2.961e-07,2.8051e-07,2.5979e-07,4.5526e-06,9.9574e-07,4.4332e-07,1.5187e-06,2.7075e-07,7.5163e-06,7.471e-06,3.9658e-06,3.2457e-06,1.3259e-07,4.4299e-06
1.1495e-07,6.8752e-08,6.4313e-09,3.1177e-08,3.5688e-06,6.1469e-08,5.3418e-07,2.9389e-07,2.7788e-07,2.5758e-07,4.5207e-06,9.8821e-07,4.398e-07,1.506e-06,2.683e-07,7.4641e-06,7.4167e-06,3.9369e-06,3.2234e-06,1.3161e-07,4.3992e-06
1.1406e-07,6.7835e-08,6.3189e-09,3.017e-08,3.5433e-06,6.1187e-08,5.3009e-07,2.9201e-07,2.756e-07,2.5582e-07,4.4892e-06,9.8083e-07,4.3663e-07,1.4946e-06,2.6608e-07,7.4118e-06,7.366e-06,3.9084e-06,3.1993e-06,1.3107e-07,4.3681e-06
1.1354e-07,6.6859e-08,6.2096e-09,2.9325e-08,3.5178e-06,6.0717e-08,5.2651e-07,2.8988e-07,2.7335e-07,2.5391e-07,4.4592e-06,9.7363e-07,4.3339e-07,1.483e-06,2.6387e-07,7.359e-06,7.3143e-06,3.8809e-06,3.1772e-06,1.3015e-07,4.338e-06
1.1264e-07,6.6068e-08,6.1525e-09,2.838e-08,3.4937e-06,6.0262e-08,5.2295e-07,2.8768e-07,2.7124e-07,2.5221e-07,4.4301e-06,9.6685e-07,4.3037e-07,1.4726e-06,2.6172e-07,7.3104e-06,7.2623e-06,3.8531e-06,3.1555e-06,1.2935e-07,4.3086e-06
1.1212e-07,6.5156e-08,6.0266e-09,2.7597e-08,3.4693e-06,5.9932e-08,5.1969e-07,2.8576e-07,2.6901e-07,2.504e-07,4.4001e-06,9.5999e-07,4.2719e-07,1.4611e-06,2.5959e-07,7.259e-06,7.2137e-06,3.8256e-06,3.1345e-06,1.2884e-07,4.2788e-06
1.1127e-07,6.4486e-08,5.9518e-09,2.6726e-08,3.4468e-06,5.9535e-08,5.1608e-07,2.8394e-07,2.6674e-07,2.4837e-07,4.3707e-06,9.5287e-07,4.24e-07,1.4507e-06,2.5739e-07,7.2115e-06,7.1653e-06,3.7986e-06,3.1137e-06,1.2795e-07,4.2509e-06
1.1063e-07,6.3537e-08,5.8726e-09,2.5948e-08,3.4226e-06,5.924e-08,5.1256e-07,2.8196e-07,2.6476e-07,2.4675e-07,4.343e-06,9.4602e-07,4.2121e-07,1.4406e-06,2.5552e-07,7.1654e-06,7.1176e-06,3.7728e-06,3.0932e-06,1.2712e-07,4.2235e-06
1.099e-07,6.2797e-08,5.7927e-09,2.5186e-08,3.4003e-06,5.8859e-08,5.0922e-07,2.805e-07,2.6287e-07,2.4501e-07,4.3152e-06,9.3954e-07,4.1842e-07,1.4298e-06,2.5345e-07,7.1166e-06,7.0696e-06,3.7474e-06,3.0721e-06,1.2648e-07,4.1955e-06
1.0936e-07,6.2098e-08,5.7183e-09,2.4487e-08,3.3773e-06,5.853e-08,5.062e-07,2.7844e-07,2.6094e-07,2.4355e-07,4.2884e-06,9.3319e-07,4.154e-07,1.4201e-06,2.5155e-07,7.0713e-06,7.0247e-06,3.7225e-06,3.0523e-06,1.2582e-07,4.1676e-06
1.085e-07,6.1352e-08,5.6358e-09,2.3767e-08,3.3564e-06,5.8195e-08,5.0302e-07,2.7663e-07,2.5909e-07,2.4159e-07,4.2608e-06,9.2654e-07,4.1269e-07,1.4098e-06,2.4942e-07,7.0251e-06,6.9782e-06,3.6971e-06,3.0326e-06,1.2525e-07,4.1416e-06
1.0795e-07,6.0661e-08,5.5684e-09,2.3121e-08,3.3341e-06,5.7824e-08,4.9975e-07,2.7507e-07,2.5693e-07,2.3987e-07,4.2343e-06,9.2068e-07,4.1022e-07,1.3996e-06,2.4755e-07,6.9804e-06,6.9345e-06,3.6742e-06,3.0125e-06,1.2441e-07,4.1155e-06
1.0731e-07,5.984e-08,5.4804e-09,2.2421e-08,3.3126e-06,5.7498e-08,4.9681e-07,2.7309e-07,2.5513e-07,2.3851e-07,4.208e-06,9.1452e-07,4.0702e-07,1.3909e-06,2.4573e-07,6.9375e-06,6.8898e-06,3.6504e-06,2.9933e-06,1.2373e-07,4.0899e-06
1.0671e-07,5.9199e-08,5.3818e-09,2.1771e-08,3.2924e-06,5.7112e-08,4.9361e-07,2.7144e-07,2.5324e-07,2.3689e-07,4.1825e-06,9.0835e-07,4.0458e-07,1.3813e-06,2.439e-07,6.8956e-06,6.8472e-06,3.6261e-06,2.9747e-06,1.232e-07,4.0651e-06
1.0608e-07,5.8482e-08,5.3461e-09,2.1074e-08,3.2716e-06,5.6714e-08,4.9078e-07,2.6978e-07,2.5133e-07,2.3531e-07,4.1571e-06,9.0262e-07,4.0191e-07,1.372e-06,2.4206e-07,6.8516e-06,6.8054e-06,3.6034e-06,2.9566e-06,1.2236e-07,4.0406e-06
1.0553e-07,5.7864e-08,5.2772e-09,2.046e-08,3.252e-06,5.6522e-08,4.8804e-07,2.6816e-07,2.4958e-07,2.3385e-07,4.1325e-06,8.9646e-07,3.9924e-07,1.3634e-06,2.4022e-07,6.8103e-06,6.7641e-06,3.5805e-06,2.9381e-06,1.2186e-07,4.0161e-06
1.0501e-07,5.7209e-08,5.2149e-09,1.9835e-08,3.2316e-06,5.6144e-08,4.8503e-07,2.6656e-07,2.4788e-07,2.3251e-07,4.1081e-06,8.9089e-07,3.9664e-07,1.3544e-06,2.3864e-07,6.7689e-06,6.7227e-06,3.5586e-06,2.9212e-06,1.213e-07,3.9918e-06
1.0435e-07,5.6598e-08,5.1631e-09,1.9321e-08,3.2117e-06,5.5865e-08,4.8254e-07,2.6504e-07,2.4635e-07,2.3103e-07,4.0836e-06,8.8584e-07,3.9402e-07,1.3458e-06,2.3689e-07,6.7291e-06,6.6826e-06,3.537e-06,2.9045e-06,1.2051e-07,3.9685e-06
1.0368e-07,5.6046e-08,5.0665e-09,1.8735e-08,3.1931e-06,5.5545e-08,4.7934e-07,2.6345e-07,2.4446e-07,2.2976e-07,4.0611e-06,8.7947e-07,3.9147e-07,1.3373e-06,2.3542e-07,6.6894e-06,6.6424e-06,3.5152e-06,2.8861e-06,1.2003e-07,3.9463e-06
1.0335e-07,5.5453e-08,5.0122e-09,1.8151e-08,3.1744e-06,5.5252e-08,4.7664e-07,2.6219e-07,2.4275e-07,2.2803e-07,4.0377e-06,8.7458e-07,3.8952e-07,1.3288e-06,2.3364e-07,6.6526e-06,6.6045e-06,3.4945e-06,2.87e-06,1.1936e-07,3.9227e-06
1.0281e-07,5.4782e-08,4.9573e-09,1.7605e-08,3.1557e-06,5.4892e-08,4.739e-07,2.6025e-07,2.4126e-07,2.2683e-07,4.0154e-06,8.6962e-07,3.8684e-07,1.3202e-06,2.319e-07,6.6133e-06,6.5659e-06,3.4738e-06,2.8523e-06,1.1885e-07,3.9e-06
1.021e-07,5.4241e-08,4.8978e-09,1.7159e-08,3.1381e-06,5.4748e-08,4.7146e-07,2.5887e-07,2.3974e-07,2.2545e-07,3.9924e-06,8.6389e-07,3.8445e-07,1.3115e-06,2.3031e-07,6.5765e-06,6.5308e-06,3.4536e-06,2.8362e-06,1.1806e-07,3.8786e-06
1.0165e-07,5.3647e-08,4.8476e-09,1.6653e-08,3.12e-06,5.4303e-08,4.6894e-07,2.5739e-07,2.3807e-07,2.2407e-07,3.9708e-06,8.589e-07,3.8255e-07,1.3042e-06,2.2888e-07,6.5383e-06,6.4943e-06,3.434e-06,2.8216e-06,1.1762e-07,3.8571e-06
1.0118e-07,5.3109e-08,4.7912e-09,1.6115e-08,3.1021e-06,5.4062e-08,4.6611e-07,2.5624e-07,2.3643e-07,2.2287e-07,3.9491e-06,8.5398e-07,3.8024e-07,1.2963e-06,2.2757e-07,6.5038e-06,6.456e-06,3.4141e-06,2.8051e-06,1.1694e-07,3.836e-06
1.0059e-07,5.2681e-08,4.703e-09,1.5687e-08,3.0857e-06,5.387e-08,4.6384e-07,2.5466e-07,2.3506e-07,2.2144e-07,3.9291e-06,8.4901e-07,3.7795e-07,1.289e-06,2.2598e-07,6.4681e-06,6.4207e-06,3.3947e-06,2.7898e-06,1.1637e-07,3.8145e-06
1.0003e-07,5.1967e-08,4.6692e-09,1.5191e-08,3.0684e-06,5.3612e-08,4.6115e-07,2.5331e-07,2.3377e-07,2.202e-07,3.9075e-06,8.4411e-07,3.7592e-07,1.2817e-06,2.2453e-07,6.4316e-06,6.3855e-06,3.3757e-06,2.7748e-06,1.1591e-07,3.7946e-06
9.961e-08,5.1561e-08,4.6117e-09,1.4781e-08,3.0523e-06,5.3253e-08,4.5889e-07,2.5216e-07,2.3206e-07,2.1886e-07,3.8864e-06,8.39e-07,3.7357e-07,1.2738e-06,2.2283e-07,6.3985e-06,6.3514e-06,3.3572e-06,2.7599e-06,1.1534e-07,3.7748e-06
9.9076e-08,5.1024e-08,4.5459e-09,1.4325e-08,3.0352e-06,5.3025e-08,4.565e-07,2.5065e-07,2.3101e-07,2.1771e-07,3.8673e-06,8.3477e-07,3.7169e-07,1.2667e-06,2.2176e-07,6.3646e-06,6.3184e-06,3.3389e-06,2.7454e-06,1.1487e-07,3.7553e-06
9.8605e-08,5.0576e-08,4.5109e-09,1.3868e-08,3.0196e-06,5.2849e-08,4.5414e-07,2.4925e-07,2.2949e-07,2.1657e-07,3.8477e-06,8.2985e-07,3.6933e-07,1.2597e-06,2.2017e-07,6.3307e-06,6.2853e-06,3.3214e-06,2.7312e-06,1.143e-07,3.7348e-06
9.8088e-08,5.0019e-08,4.4526e-09,1.3448e-08,3.0043e-06,5.2563e-08,4.5205e-07,2.4797e-07,2.2812e-07,2.1538e-07,3.8276e-06,8.2572e-07,3.6735e-07,1.2528e-06,2.1879e-07,6.2992e-06,6.253e-06,3.303e-06,2.7168e-06,1.139e-07,3.7168e-06
9.7724e-08,4.9578e-08,4.4299e-09,1.3063e-08,2.9881e-06,5.2401e-08,4.4966e-07,2.4677e-07,2.2676e-07,2.1442e-07,3.8086e-06,8.2105e-07,3.6556e-07,1.2458e-06,2.1772e-07,6.2659e-06,6.2207e-06,3.2862e-06,2.7034e-06,1.1319e-07,3.6982e-06
9.7318e-08,4.9191e-08,4.3706e-09,1.2635e-08,2.9722e-06,5.2115e-08,4.475e-07,2.4568e-07,2.2532e-07,2.1314e-07,3.7896e-06,8.1663e-07,3.6346e-07,1.2393e-06,2.1645e-07,6.2351e-06,6.1907e-06,3.2698e-06,2.6891e-06,1.1263e-07,3.6786e-06
9.6771e-08,4.8605e-08,4.3362e-09,1.2278e-08,2.9586e-06,5.1852e-08,4.4523e-07,2.4423e-07,2.2407e-07,2.12e-07,3.7717e-06,8.1191e-07,3.6159e-07,1.2327e-06,2.1522e-07,6.2044e-06,6.1584e-06,3.2534e-06,2.6761e-06,1.121e-07,3.6608e-06
9.6292e-08,4.8394e-08,4.2645e-09,1.1968e-08,2.9438e-06,5.1594e-08,4.434e-07,2.432e-07,2.2291e-07,2.1106e-07,3.753e-06,8.0805e-07,3.5961e-07,1.2257e-06,2.1367e-07,6.1748e-06,6.1284e-06,3.2366e-06,2.663e-06,1.1186e-07,3.643e-06
9.5758e-08,4.7851e-08,4.2248e-09,1.1571e-08,2.929e-06,5.1337e-08,4.4111e-07,2.4197e-07,2.2159e-07,2.1001e-07,3.7357e-06,8.0411e-07,3.5795e-07,1.2198e-06,2.1263e-07,6.1437e-06,6.0977e-06,3.2202e-06,2.6494e-06,1.1118e-07,3.6253e-06
9.5389e-08,4.7456e-08,4.1902e-09,1.117e-08,2.9149e-06,5.1196e-08,4.3937e-07,2.4059e-07,2.2063e-07,2.0879e-07,3.7181e-06,8.0012e-07,3.5587e-07,1.2126e-06,2.1157e-07,6.1154e-06,6.0696e-06,3.2052e-06,2.637e-06,1.1083e-07,3.6085e-06
9.4957e-08,4.6984e-08,4.1421e-09,1.087e-08,2.9017e-06,5.0926e-08,4.3677e-07,2.3959e-07,2.1928e-07,2.0797e-07,3.6995e-06,7.9618e-07,3.5439e-07,1.2072e-06,2.101e-07,6.0866e-06,6.0407e-06,3.1887e-06,2.6243e-06,1.1042e-07,3.5917e-06
9.4501e-08,4.6589e-08,4.1146e-09,1.0543e-08,2.887e-06,5.0704e-08,4.349e-07,2.3868e-07,2.1812e-07,2.0706e-07,3.684e-06,7.922e-07,3.5258e-07,1.2007e-06,2.0916e-07,6.0578e-06,6.0118e-06,3.1739e-06,2.6116e-06,1.0997e-07,3.5747e-06
9.4118e-08,4.6177e-08,4.0781e-09,1.0214e-08,2.8739e-06,5.0478e-08,4.3298e-07,2.3742e-07,2.1693e-07,2.0591e-07,3.6669e-06,7.8834e-07,3.5061e-07,1.195e-06,2.0794e-07,6.0293e-06,5.9839e-06,3.158e-06,2.6e-06,1.0941e-07,3.5589e-06
9.3749e-08,4.5804e-08,4.045e-09,9.9395e-09,2.8607e-06,5.0246e-08,4.3139e-07,2.3624e-07,2.1569e-07,2.0497e-07,3.6507e-06,7.8447e-07,3.492e-07,1.1892e-06,2.0678e-07,6.0024e-06,5.956e-06,3.1438e-06,2.5888e-06,1.0889e-07,3.5425e-06
9.3453e-08,4.5424e-08,4.0093e-09,9.637e-09,2.8479e-06,5.0098e-08,4.2909e-07,2.3527e-07,2.1461e-07,2.0403e-07,3.6348e-06,7.804e-07,3.4775e-07,1.1831e-06,2.0587e-07,5.9758e-06,5.9297e-06,3.1298e-06,2.5762e-06,1.0859e-07,3.5277e-06
9.3082e-08,4.5017e-08,3.9489e-09,9.3041e-09,2.835e-06,4.9892e-08,4.2739e-07,2.3434e-07,2.1371e-07,2.0293e-07,3.619e-06,7.7744e-07,3.4588e-07,1.1781e-06,2.0475e-07,5.9492e-06,5.9037e-06,3.1164e-06,2.5651e-06,1.0818e-07,3.5115e-06
9.2486e-08,4.4726e-08,3.8913e-09,9.0517e-09,2.8226e-06,4.9751e-08,4.2561e-07,2.3323e-07,2.1244e-07,2.0221e-07,3.6039e-06,7.7336e-07,3.4432e-07,1.1725e-06,2.0361e-07,5.9231e-06,5.8776e-06,3.1011e-06,2.5537e-06,1.077e-07,3.4973e-06
9.2245e-08,4.441e-08,3.8934e-09,8.709e-09,2.8107e-06,4.9515e-08,4.2367e-07,2.3238e-07,2.1147e-07,2.0105e-07,3.5882e-06,7.699e-07,3.4286e-07,1.1673e-06,2.0259e-07,5.8981e-06,5.8531e-06,3.0879e-06,2.5426e-06,1.0733e-07,3.4802e-06
9.1836e-08,4.4022e-08,3.8712e-09,8.4536e-09,2.7979e-06,4.927e-08,4.2235e-07,2.3128e-07,2.102e-07,2.0025e-07,3.5721e-06,7.6618e-07,3.4133e-07,1.1616e-06,2.0163e-07,5.872e-06,5.8278e-06,3.0744e-06,2.5322e-06,1.0685e-07,3.4664e-06
9.1505e-08,4.3737e-08,3.7752e-09,8.2028e-09,2.7864e-06,4.9153e-08,4.2034e-07,2.3016e-07,2.0941e-07,1.9958e-07,3.5581e-06,7.633e-07,3.3966e-07,1.156e-06,2.0059e-07,5.8487e-06,5.8031e-06,3.0613e-06,2.5215e-06,1.0636e-07,3.4524e-06
9.0918e-08,4.3388e-08,3.7737e-09,7.9623e-09,2.7744e-06,4.8869e-08,4.1866e-07,2.2934e-07,2.0838e-07,1.9861e-07,3.5438e-06,7.5953e-07,3.3811e-07,1.1512e-06,1.9965e-07,5.8247e-06,5.7785e-06,3.0475e-06,2.5107e-06,1.0604e-07,3.4382e-06
9.0669e-08,4.3037e-08,3.7567e-09,7.6461e-09,2.7629e-06,4.8693e-08,4.1725e-07,2.2812e-07,2.0755e-07,1.9787e-07,3.5307e-06,7.5657e-07,3.3696e-07,1.1461e-06,1.9875e-07,5.8013e-06,5.756e-06,3.0358e-06,2.5007e-06,1.0566e-07,3.4239e-06
9.049e-08,4.2789e-08,3.6982e-09,7.4337e-09,2.7516e-06,4.8585e-08,4.1542e-07,2.2748e-07,2.0651e-07,1.9681e-07,3.516e-06,7.5315e-07,3.3538e-07,1.1409e-06,1.9783e-07,5.7772e-06,5.7328e-06,3.0224e-06,2.4906e-06,1.0535e-07,3.4108e-06
9.0092e-08,4.2348e-08,3.6761e-09,7.1626e-09,2.7412e-06,4.8456e-08,4.1367e-07,2.2652e-07,2.0548e-07,1.9621e-07,3.5024e-06,7.502e-07,3.341e-07,1.1364e-06,1.969e-07,5.7539e-06,5.7095e-06,3.0105e-06,2.4807e-06,1.0491e-07,3.3971e-06
8.9705e-08,4.2089e-08,3.6355e-09,6.9194e-09,2.7298e-06,4.8141e-08,4.1205e-07,2.2542e-07,2.0476e-07,1.9521e-07,3.4887e-06,7.4729e-07,3.3239e-07,1.1312e-06,1.959e-07,5.7325e-06,5.6873e-06,2.9988e-06,2.4714e-06,1.044e-07,3.3833e-06
8.9321e-08,4.1802e-08,3.6546e-09,6.7183e-09,2.719e-06,4.8093e-08,4.1069e-07,2.2466e-07,2.0393e-07,1.9448e-07,3.4756e-06,7.4382e-07,3.3128e-07,1.1267e-06,1.9516e-07,5.7103e-06,5.6658e-06,2.9866e-06,2.4613e-06,1.0418e-07,3.3707e-06
8.9136e-08,4.1595e-08,3.5677e-09,6.5389e-09,2.7086e-06,4.7964e-08,4.0918e-07,2.2415e-07,2.0283e-07,1.9364e-07,3.4623e-06,7.4115e-07,3.3011e-07,1.1222e-06,1.943e-07,5.6887e-06,5.6438e-06,2.9752e-06,2.4521e-06,1.0373e-07,3.3586e-06
8.861e-08,4.1244e-08,3.5633e-09,6.2856e-09,2.6986e-06,4.7752e-08,4.0751e-07,2.2311e-07,2.0197e-07,1.9293e-07,3.45e-06,7.3819e-07,3.2887e-07,1.1175e-06,1.9332e-07,5.6669e-06,5.6221e-06,2.9643e-06,2.4427e-06,1.0359e-07,3.3459e-06
8.8543e-08,4.0927e-08,3.5459e-09,6.0689e-09,2.6892e-06,4.7578e-08,4.0631e-07,2.2229e-07,2.0114e-07,1.923e-07,3.4372e-06,7.3515e-07,3.2748e-07,1.1135e-06,1.9272e-07,5.6471e-06,5.6014e-06,2.9521e-06,2.4333e-06,1.0315e-07,3.3339e-06
8.8134e-08,4.0638e-08,3.5092e-09,5.8501e-09,2.6788e-06,4.7432e-08,4.0464e-07,2.2136e-07,2.0036e-07,1.9143e-07,3.4251e-06,7.3253e-07,3.2607e-07,1.1096e-06,1.919e-07,5.6252e-06,5.5804e-06,2.9419e-06,2.4254e-06,1.0278e-07,3.3219e-06
8.7791e-08,4.0454e-08,3.5044e-09,5.6553e-09,2.669e-06,4.7278e-08,4.0329e-07,2.2051e-07,1.9959e-07,1.9087e-07,3.4124e-06,7.3014e-07,3.2487e-07,1.1049e-06,1.9099e-07,5.6062e-06,5.5608e-06,2.9309e-06,2.4168e-06,1.0259e-07,3.3092e-06
8.752e-08,4.0186e-08,3.4607e-09,5.4446e-09,2.6598e-06,4.704e-08,4.0175e-07,2.1986e-07,1.9889e-07,1.9017e-07,3.4012e-06,7.2702e-07,3.2385e-07,1.1006e-06,1.9004e-07,5.5861e-06,5.5413e-06,2.9203e-06,2.4079e-06,1.0208e-07,3.2988e-06
8.7232e-08,3.9821e-08,3.4287e-09,5.2618e-09,2.6506e-06,4.7032e-08,4.0051e-07,2.1902e-07,1.9799e-07,1.8942e-07,3.3888e-06,7.2457e-07,3.2266e-07,1.0968e-06,1.8951e-07,5.5668e-06,5.5227e-06,2.9097e-06,2.3992e-06,1.0183e-07,3.2873e-06
8.6991e-08,3.9628e-08,3.4021e-09,5.0812e-09,2.642e-06,4.683e-08,3.9918e-07,2.1834e-07,1.9723e-07,1.8877e-07,3.3786e-06,7.2201e-07,3.2146e-07,1.0925e-06,1.8875e-07,5.5478e-06,5.5032e-06,2.9e-06,2.3908e-06,1.0154e-07,3.2759e-06
8.6774e-08,3.9421e-08,3.3963e-09,4.8981e-09,2.6318e-06,4.6736e-08,3.9787e-07,2.1774e-07,1.964e-07,1.8796e-07,3.3681e-06,7.1895e-07,3.2018e-07,1.089e-06,1.8803e-07,5.5293e-06,5.4848e-06,2.8899e-06,2.3827e-06,1.0128e-07,3.265e-06
8.646e-08,3.9162e-08,3.3741e-09,4.7484e-09,2.6233e-06,4.6445e-08,3.9665e-07,2.1702e-07,1.9561e-07,1.8735e-07,3.3565e-06,7.17e-07,3.1926e-07,1.0847e-06,1.8725e-07,5.5113e-06,5.4666e-06,2.8808e-06,2.3755e-06,1.0087e-07,3.2548e-06
8.6163e-08,3.8988e-08,3.3561e-09,4.5507e-09,2.6153e-06,4.6511e-08,3.9517e-07,2.1619e-07,1.9502e-07,1.868e-07,3.3454e-06,7.1443e-07,3.1798e-07,1.0811e-06,1.8649e-07,5.4938e-06,5.4494e-06,2.8701e-06,2.3681e-06,1.005e-07,3.2443e-06
8.5897e-08,3.8638e-08,3.3375e-09,4.4038e-09,2.6071e-06,4.6216e-08,3.9429e-07,2.1566e-07,1.9446e-07,1.8637e-07,3.3353e-06,7.1167e-07,3.1706e-07,1.0775e-06,1.8587e-07,5.477e-06,5.4322e-06,2.8614e-06,2.3597e-06,1.0031e-07,3.2336e-06
8.5662e-08,3.8528e-08,3.2965e-09,4.2408e-09,2.5977e-06,4.6034e-08,3.9298e-07,2.1485e-07,1.9356e-07,1.8561e-07,3.3247e-06,7.1007e-07,3.1602e-07,1.0739e-06,1.852e-07,5.4594e-06,5.4141e-06,2.8513e-06,2.3526e-06,1.0007e-07,3.2231e-06
8.5364e-08,3.8292e-08,3.2676e-09,4.1031e-09,2.5906e-06,4.5948e-08,3.9169e-07,2.1415e-07,1.9291e-07,1.85e-07,3.3146e-06,7.0695e-07,3.1498e-07,1.0701e-06,1.8457e-07,5.4413e-06,5.3983e-06,2.8425e-06,2.3452e-06,9.9774e-08,3.2143e-06
8.5126e-08,3.8103e-08,3.2629e-09,3.9341e-09,2.5825e-06,4.5899e-08,3.9084e-07,2.1344e-07,1.9225e-07,1.8445e-07,3.3054e-06,7.0538e-07,3.1409e-07,1.0669e-06,1.8394e-07,5.4253e-06,5.3805e-06,2.8337e-06,2.3379e-06,9.958e-08,3.204e-06
8.5001e-08,3.7898e-08,3.2548e-09,3.7982e-09,2.574e-06,4.5805e-08,3.8956e-07,2.1287e-07,1.9157e-07,1.8384e-07,3.2953e-06,7.0247e-07,3.1301e-07,1.0634e-06,1.8335e-07,5.4098e-06,5.3656e-06,2.8261e-06,2.3303e-06,9.9134e-08,3.1947e-06
8.4577e-08,3.771e-08,3.222e-09,3.6366e-09,2.5668e-06,4.5562e-08,3.8808e-07,2.1204e-07,1.9109e-07,1.8325e-07,3.2854e-06,7.0091e-07,3.1211e-07,1.0599e-06,1.8266e-07,5.3932e-06,5.3496e-06,2.8182e-06,2.3241e-06,9.8948e-08,3.1849e-06
8.4439e-08,3.7478e-08,3.1901e-09,3.4982e-09,2.5594e-06,4.5505e-08,3.8714e-07,2.1145e-07,1.9038e-07,1.8283e-07,3.2764e-06,6.9857e-07,3.1112e-07,1.0565e-06,1.82e-07,5.379e-06,5.3345e-06,2.8086e-06,2.3175e-06,9.8612e-08,3.1761e-06
8.4192e-08,3.7246e-08,3.2107e-09,3.3648e-09,2.5519e-06,4.5362e-08,3.8603e-07,2.1087e-07,1.8987e-07,1.8203e-07,3.2677e-06,6.9621e-07,3.0997e-07,1.0533e-06,1.8135e-07,5.3628e-06,5.3188e-06,2.8011e-06,2.3105e-06,9.8273e-08,3.1679e-06
8.3933e-08,3.7116e-08,3.1739e-09,3.2476e-09,2.5452e-06,4.5362e-08,3.8513e-07,2.1044e-07,1.8937e-07,1.817e-07,3.2584e-06,6.9428e-07,3.0946e-07,1.0505e-06,1.8089e-07,5.3484e-06,5.3049e-06,2.7926e-06,2.3047e-06,9.8224e-08,3.1587e-06
8.3801e-08,3.6929e-08,3.1388e-09,3.0924e-09,2.5383e-06,4.5152e-08,3.8415e-07,2.098e-07,1.8866e-07,1.8128e-07,3.2505e-06,6.9241e-07,3.0859e-07,1.0475e-06,1.8007e-07,5.3331e-06,5.2889e-06,2.785e-06,2.2975e-06,9.7965e-08,3.151e-06
8.3513e-08,3.6646e-08,3.1088e-09,2.9652e-09,2.5314e-06,4.4985e-08,3.8313e-07,2.0935e-07,1.8794e-07,1.807e-07,3.2405e-06,6.9049e-07,3.0743e-07,1.0448e-06,1.7979e-07,5.3201e-06,5.2765e-06,2.7773e-06,2.292e-06,9.7767e-08,3.1419e-06
8.3332e-08,3.6545e-08,3.1066e-09,2.8389e-09,2.5241e-06,4.4988e-08,3.8191e-07,2.0879e-07,1.8754e-07,1.8026e-07,3.2326e-06,6.89e-07,3.067e-07,1.0415e-06,1.7891e-07,5.3057e-06,5.2615e-06,2.7706e-06,2.2858e-06,9.7275e-08,3.1341e-06
8.3157e-08,3.6282e-08,3.0982e-09,2.729e-09,2.5173e-06,4.4884e-08,3.8096e-07,2.0835e-07,1.869e-07,1.7983e-07,3.225e-06,6.869e-07,3.057e-07,1.0388e-06,1.7852e-07,5.2927e-06,5.2474e-06,2.7625e-06,2.2803e-06,9.7266e-08,3.1263e-06
8.308e-08,3.6152e-08,3.0656e-09,2.6153e-09,2.5112e-06,4.4729e-08,3.8035e-07,2.0768e-07,1.8639e-07,1.7936e-07,3.2175e-06,6.8493e-07,3.0501e-07,1.0358e-06,1.7806e-07,5.2788e-06,5.2355e-06,2.7554e-06,2.2744e-06,9.6978e-08,3.1182e-06
8.2811e-08,3.5993e-08,3.0575e-09,2.5142e-09,2.5054e-06,4.4645e-08,3.7967e-07,2.0735e-07,1.859e-07,1.7888e-07,3.2095e-06,6.8324e-07,3.0432e-07,1.0331e-06,1.7771e-07,5.2666e-06,5.2227e-06,2.7491e-06,2.2686e-06,9.6779e-08,3.1101e-06
8.2494e-08,3.5871e-08,3.0537e-09,2.3938e-09,2.4992e-06,4.4502e-08,3.7832e-07,2.0664e-07,1.8536e-07,1.7847e-07,3.2022e-06,6.8148e-07,3.0344e-07,1.0304e-06,1.7726e-07,5.253e-06,5.2103e-06,2.7425e-06,2.2629e-06,9.6572e-08,3.1031e-06
8.2414e-08,3.5708e-08,3.0431e-09,2.2952e-09,2.4933e-06,4.4426e-08,3.777e-07,2.0613e-07,1.8471e-07,1.7788e-07,3.1941e-06,6.7995e-07,3.0268e-07,1.028e-06,1.7683e-07,5.2409e-06,5.1972e-06,2.7354e-06,2.2577e-06,9.6406e-08,3.0957e-06
8.2187e-08,3.5609e-08,3.0103e-09,2.1621e-09,2.4879e-06,4.4317e-08,3.7664e-07,2.0557e-07,1.8456e-07,1.775e-07,3.1869e-06,6.7851e-07,3.0209e-07,1.0256e-06,1.7614e-07,5.2297e-06,5.1849e-06,2.7294e-06,2.2532e-06,9.6181e-08,3.0889e-06
8.2124e-08,3.5468e-08,3.0241e-09,2.0857e-09,2.4826e-06,4.4246e-08,3.7576e-07,2.0526e-07,1.8395e-07,1.7694e-07,3.1789e-06,6.7641e-07,3.0153e-07,1.0231e-06,1.7568e-07,5.2174e-06,5.1744e-06,2.7231e-06,2.2475e-06,9.5863e-08,3.0818e-06
8.1842e-08,3.5313e-08,2.9936e-09,1.999e-09,2.4766e-06,4.4223e-08,3.7501e-07,2.0491e-07,1.8357e-07,1.7661e-07,3.173e-06,6.7521e-07,3.0054e-07,1.0205e-06,1.7539e-07,5.2059e-06,5.1624e-06,2.7167e-06,2.2429e-06,9.5665e-08,3.0747e-06
8.1724e-08,3.52e-08,3.0066e-09,1.8946e-09,2.4713e-06,4.4155e-08,3.7434e-07,2.0426e-07,1.83e-07,1.7635e-07,3.166e-06,6.7362e-07,2.9997e-07,1.0184e-06,1.7487e-07,5.1942e-06,5.1521e-06,2.7105e-06,2.2381e-06,9.5522e-08,3.0674e-06
8.1393e-08,3.5057e-08,2.97e-09,1.7999e-09,2.4658e-06,4.4022e-08,3.7345e-07,2.0366e-07,1.8247e-07,1.7609e-07,3.1588e-06,6.7201e-07,2.9927e-07,1.0162e-06,1.7447e-07,5.184e-06,5.141e-06,2.7045e-06,2.2325e-06,9.5379e-08,3.0629e-06
8.1413e-08,3.4938e-08,2.9591e-09,1.7215e-09,2.4612e-06,4.3887e-08,3.7271e-07,2.0352e-07,1.8228e-07,1.756e-07,3.1539e-06,6.7041e-07,2.9881e-07,1.0136e-06,1.7404e-07,5.1731e-06,5.1305e-06,2.6997e-06,2.2277e-06,9.4982e-08,3.0571e-06
8.1204e-08,3.4873e-08,2.9263e-09,1.611e-09,2.4556e-06,4.3826e-08,3.7208e-07,2.0293e-07,1.8163e-07,1.7521e-07,3.1468e-06,6.6904e-07,2.9826e-07,1.0117e-06,1.736e-07,5.1629e-06,5.1181e-06,2.6933e-06,2.2247e-06,9.4993e-08,3.0504e-06
8.1004e-08,3.465e-08,2.9422e-09,1.5343e-09,2.4503e-06,4.3875e-08,3.714e-07,2.028e-07,1.8128e-07,1.7482e-07,3.1408e-06,6.6787e-07,2.9748e-07,1.0098e-06,1.7352e-07,5.1532e-06,5.1102e-06,2.6883e-06,2.2201e-06,9.4785e-08,3.0442e-06
8.0996e-08,3.4468e-08,2.9203e-09,1.4764e-09,2.4468e-06,4.3731e-08,3.706e-07,2.0224e-07,1.8111e-07,1.7457e-07,3.1349e-06,6.6666e-07,2.9676e-07,1.0076e-06,1.7309e-07,5.1427e-06,5.1003e-06,2.6826e-06,2.2152e-06,9.4644e-08,3.0387e-06
8.0565e-08,3.4477e-08,2.9206e-09,1.3703e-09,2.4411e-06,4.3646e-08,3.7018e-07,2.0205e-07,1.8082e-07,1.7403e-07,3.1298e-06,6.6514e-07,2.9604e-07,1.0058e-06,1.7262e-07,5.1329e-06,5.0901e-06,2.6781e-06,2.212e-06,9.4506e-08,3.0326e-06
8.0621e-08,3.4236e-08,2.8872e-09,1.2939e-09,2.4369e-06,4.3476e-08,3.6936e-07,2.0178e-07,1.8034e-07,1.7366e-07,3.1237e-06,6.6361e-07,2.9574e-07,1.0031e-06,1.7224e-07,5.1248e-06,5.0807e-06,2.6732e-06,2.2073e-06,9.4314e-08,3.0275e-06
8.0443e-08,3.4232e-08,2.9022e-09,1.2323e-09,2.4326e-06,4.3397e-08,3.6885e-07,2.013e-07,1.7982e-07,1.7341e-07,3.1178e-06,6.6259e-07,2.9516e-07,1.0015e-06,1.7172e-07,5.1153e-06,5.0725e-06,2.6679e-06,2.2039e-06,9.4169e-08,3.0214e-06
8.0351e-08,3.4081e-08,2.89e-09,1.1614e-09,2.4283e-06,4.3404e-08,3.6801e-07,2.0091e-07,1.7951e-07,1.7317e-07,3.1136e-06,6.6144e-07,2.9463e-07,1e-06,1.7147e-07,5.1067e-06,5.0644e-06,2.663e-06,2.1994e-06,9.4102e-08,3.0168e-06
8.0146e-08,3.404e-08,2.87e-09,1.0831e-09,2.4247e-06,4.3375e-08,3.675e-07,2.0048e-07,1.7916e-07,1.7294e-07,3.1079e-06,6.6041e-07,2.9417e-07,9.9851e-07,1.7129e-07,5.0975e-06,5.0563e-06,2.659e-06,2.1962e-06,9.3938e-08,3.0117e-06
8.0126e-08,3.3891e-08,2.8595e-09,1.0254e-09,2.4209e-06,4.3276e-08,3.6693e-07,2.0021e-07,1.7878e-07,1.7266e-07,3.1031e-06,6.5964e-07,2.9372e-07,9.9649e-07,1.7078e-07,5.0903e-06,5.047e-06,2.6551e-06,2.1924e-06,9.3687e-08,3.0077e-06
7.9964e-08,3.3797e-08,2.8472e-09,9.6462e-10,2.4168e-06,4.3255e-08,3.6641e-07,1.9999e-07,1.7865e-07,1.7233e-07,3.0982e-06,6.5822e-07,2.9329e-07,9.9487e-07,1.7037e-07,5.0831e-06,5.0386e-06,2.6508e-06,2.1889e-06,9.3622e-08,3.0027e-06
7.9836e-08,3.3725e-08,2.848e-09,9.0661e-10,2.4128e-06,4.3201e-08,3.6615e-07,1.9968e-07,1.7833e-07,1.7209e-07,3.0942e-06,6.5709e-07,2.9254e-07,9.9317e-07,1.7023e-07,5.0743e-06,5.0317e-06,2.6459e-06,2.1856e-06,9.3604e-08,2.9986e-06
7.9677e-08,3.36e-08,2.8387e-09,8.4192e-10,2.4102e-06,4.3041e-08,3.6516e-07,1.9934e-07,1.7827e-07,1.7192e-07,3.0894e-06,6.5581e-07,2.9208e-07,9.9149e-07,1.6989e-07,5.0667e-06,5.0242e-06,2.6427e-06,2.1829e-06,9.3566e-08,2.9936e-06
7.958e-08,3.3542e-08,2.7987e-09,7.9585e-10,2.4057e-06,4.2952e-08,3.6492e-07,1.9886e-07,1.7758e-07,1.7164e-07,3.0845e-06,6.5526e-07,2.9166e-07,9.9026e-07,1.6965e-07,5.0601e-06,5.0177e-06,2.6391e-06,2.1796e-06,9.3371e-08,2.9893e-06
7.9623e-08,3.3507e-08,2.8229e-09,7.3579e-10,2.4032e-06,4.2959e-08,3.6466e-07,1.9869e-07,1.775e-07,1.7143e-07,3.0805e-06,6.5435e-07,2.9152e-07,9.8843e-07,1.695e-07,5.0523e-06,5.0107e-06,2.6354e-06,2.1768e-06,9.3178e-08,2.9858e-06
7.9522e-08,3.3316e-08,2.7831e-09,6.9086e-10,2.4006e-06,4.293e-08,3.6412e-07,1.9838e-07,1.7721e-07,1.7107e-07,3.0774e-06,6.536e-07,2.9105e-07,9.8751e-07,1.6918e-07,5.0464e-06,5.0039e-06,2.6318e-06,2.1733e-06,9.2903e-08,2.9818e-06
7.9383e-08,3.3303e-08,2.806e-09,6.3475e-10,2.3967e-06,4.2889e-08,3.6373e-07,1.9829e-07,1.7688e-07,1.7085e-07,3.0728e-06,6.5234e-07,2.9066e-07,9.8603e-07,1.6896e-07,5.0398e-06,4.9981e-06,2.6284e-06,2.171e-06,9.285e-08,2.9779e-06
7.9267e-08,3.3232e-08,2.8127e-09,5.8852e-10,2.3938e-06,4.2805e-08,3.6297e-07,1.9802e-07,1.7676e-07,1.7068e-07,3.0696e-06,6.5163e-07,2.904e-07,9.8466e-07,1.6876e-07,5.0339e-06,4.9916e-06,2.6254e-06,2.1688e-06,9.2972e-08,2.975e-06
7.9217e-08,3.3177e-08,2.808e-09,5.3628e-10,2.391e-06,4.2773e-08,3.6271e-07,1.9766e-07,1.7639e-07,1.7047e-07,3.0665e-06,6.5106e-07,2.9e-07,9.8344e-07,1.6852e-07,5.0287e-06,4.9873e-06,2.6219e-06,2.1657e-06,9.2862e-08,2.9712e-06
7.9061e-08,3.3121e-08,2.7707e-09,5.0666e-10,2.3876e-06,4.2813e-08,3.6219e-07,1.9751e-07,1.7619e-07,1.7022e-07,3.0628e-06,6.5066e-07,2.8971e-07,9.8256e-07,1.6845e-07,5.023e-06,4.9813e-06,2.6192e-06,2.1632e-06,9.2678e-08,2.9678e-06
7.8956e-08,3.3038e-08,2.765e-09,4.5971e-10,2.3854e-06,4.2756e-08,3.6188e-07,1.9734e-07,1.7597e-07,1.699e-07,3.0596e-06,6.4954e-07,2.8932e-07,9.8141e-07,1.679e-07,5.0174e-06,4.9756e-06,2.616e-06,2.1612e-06,9.2457e-08,2.964e-06
7.898e-08,3.2969e-08,2.7865e-09,4.1878e-10,2.3829e-06,4.2602e-08,3.6129e-07,1.9718e-07,1.7584e-07,1.6991e-07,3.0561e-06,6.4858e-07,2.8896e-07,9.7996e-07,1.6781e-07,5.0114e-06,4.9701e-06,2.6137e-06,2.159e-06,9.2436e-08,2.9607e-06
7.8821e-08,3.2936e-08,2.7611e-09,3.7761e-10,2.3806e-06,4.2576e-08,3.6102e-07,1.9699e-07,1.7561e-07,1.6965e-07,3.0528e-06,6.4797e-07,2.8868e-07,9.7912e-07,1.677e-07,5.0077e-06,4.9651e-06,2.6105e-06,2.1566e-06,9.2445e-08,2.9585e-06
7.8761e-08,3.2841e-08,2.7451e-09,3.4574e-10,2.3793e-06,4.2574e-08,3.6072e-07,1.9684e-07,1.7545e-07,1.6967e-07,3.051e-06,6.4734e-07,2.8846e-07,9.7799e-07,1.6758e-07,5.003e-06,4.961e-06,2.608e-06,2.1549e-06,9.2277e-08,2.9558e-06
7.8715e-08,3.284e-08,2.7539e-09,3.2005e-10,2.3764e-06,4.2519e-08,3.6052e-07,1.9668e-07,1.7509e-07,1.6952e-07,3.0483e-06,6.4648e-07,2.8807e-07,9.7764e-07,1.6749e-07,4.9986e-06,4.9562e-06,2.6063e-06,2.1523e-06,9.2267e-08,2.9535e-06
7.8683e-08,3.274e-08,2.7446e-09,2.8183e-10,2.3746e-06,4.2571e-08,3.6017e-07,1.966e-07,1.753e-07,1.6912e-07,3.0467e-06,6.4628e-07,2.8778e-07,9.7593e-07,1.6736e-07,4.9948e-06,4.9521e-06,2.6042e-06,2.1515e-06,9.2202e-08,2.9522e-06
7.85e-08,3.2746e-08,2.7374e-09,2.4934e-10,2.3725e-06,4.2546e-08,3.5987e-07,1.9641e-07,1.7505e-07,1.6907e-07,3.0436e-06,6.4573e-07,2.8784e-07,9.7555e-07,1.6701e-07,4.9899e-06,4.9484e-06,2.6025e-06,2.1501e-06,9.2046e-08,2.9489e-06
7.848e-08,3.2671e-08,2.7766e-09,2.2047e-10,2.3715e-06,4.2439e-08,3.5969e-07,1.9629e-07,1.7488e-07,1.6921e-07,3.0426e-06,6.4529e-07,2.875e-07,9.7457e-07,1.6705e-07,4.9873e-06,4.9443e-06,2.6001e-06,2.1474e-06,9.2068e-08,2.9468e-06
7.8556e-08,3.2685e-08,2.7365e-09,1.9344e-10,2.3694e-06,4.2432e-08,3.594e-07,1.9599e-07,1.7473e-07,1.6881e-07,3.0396e-06,6.45e-07,2.8719e-07,9.7407e-07,1.667e-07,4.9836e-06,4.941e-06,2.5979e-06,2.1467e-06,9.1967e-08,2.9451e-06
7.8515e-08,3.262e-08,2.7438e-09,1.76e-10,2.3678e-06,4.2536e-08,3.5929e-07,1.9589e-07,1.7472e-07,1.6863e-07,3.0374e-06,6.442e-07,2.8719e-07,9.7333e-07,1.6655e-07,4.9806e-06,4.9384e-06,2.5965e-06,2.1451e-06,9.1761e-08,2.9426e-06
7.8468e-08,3.2502e-08,2.7275e-09,1.5299e-10,2.3674e-06,4.2463e-08,3.5883e-07,1.9587e-07,1.7453e-07,1.6855e-07,3.0356e-06,6.4395e-07,2.8682e-07,9.7249e-07,1.6659e-07,4.9765e-06,4.9358e-06,2.5947e-06,2.1438e-06,9.1815e-08,2.9413e-06
7.8352e-08,3.2481e-08,2.741e-09,1.332e-10,2.3649e-06,4.2347e-08,3.589e-07,1.955e-07,1.7442e-07,1.6845e-07,3.0337e-06,6.4341e-07,2.8681e-07,9.7239e-07,1.6641e-07,4.9759e-06,4.9328e-06,2.5933e-06,2.1428e-06,9.1877e-08,2.9402e-06
7.8417e-08,3.2454e-08,2.7333e-09,1.1709e-10,2.3643e-06,4.2378e-08,3.5846e-07,1.955e-07,1.742e-07,1.685e-07,3.032e-06,6.431e-07,2.8673e-07,9.7182e-07,1.6629e-07,4.9741e-06,4.93e-06,2.5921e-06,2.1421e-06,9.1667e-08,2.939e-06
7.8321e-08,3.2589e-08,2.7321e-09,9.7155e-11,2.3631e-06,4.2395e-08,3.5852e-07,1.9545e-07,1.7426e-07,1.6836e-07,3.0316e-06,6.4332e-07,2.8644e-07,9.7166e-07,1.6633e-07,4.9704e-06,4.928e-06,2.5912e-06,2.1408e-06,9.1705e-08,2.9366e-06
7.8325e-08,3.2473e-08,2.7109e-09,8.5909e-11,2.3624e-06,4.2318e-08,3.5836e-07,1.9551e-07,1.743e-07,1.6834e-07,3.0301e-06,6.4274e-07,2.8643e-07,9.7107e-07,1.6608e-07,4.9682e-06,4.9262e-06,2.5899e-06,2.1403e-06,9.1715e-08,2.9358e-06
7.8026e-08,3.243e-08,2.7166e-09,7.0814e-11,2.3618e-06,4.2316e-08,3.5832e-07,1.9524e-07,1.7409e-07,1.683e-07,3.0295e-06,6.4269e-07,2.8613e-07,9.7053e-07,1.6607e-07,4.9673e-06,4.9249e-06,2.5893e-06,2.139e-06,9.1797e-08,2.935e-06
7.8236e-08,3.2424e-08,2.715e-09,6.2025e-11,2.3609e-06,4.2299e-08,3.5843e-07,1.9545e-07,1.742e-07,1.6823e-07,3.0283e-06,6.423e-07,2.8611e-07,9.6997e-07,1.66e-07,4.9655e-06,4.924e-06,2.5889e-06,2.1382e-06,9.1766e-08,2.9347e-06
7.8176e-08,3.2452e-08,2.7261e-09,5.1481e-11,2.3604e-06,4.2347e-08,3.5813e-07,1.9524e-07,1.7396e-07,1.6829e-07,3.0277e-06,6.4241e-07,2.8614e-07,9.7012e-07,1.6611e-07,4.9642e-06,4.9214e-06,2.5883e-06,2.1384e-06,9.1781e-08,2.9333e-06
7.8239e-08,3.2376e-08,2.7173e-09,4.3963e-11,2.3598e-06,4.2388e-08,3.5779e-07,1.9511e-07,1.741e-07,1.6804e-07,3.027e-06,6.4222e-07,2.8616e-07,9.7006e-07,1.6615e-07,4.9637e-06,4.9211e-06,2.5874e-06,2.1376e-06,9.1645e-08,2.9327e-06
7.82e-08,3.2392e-08,2.707e-09,3.8404e-11,2.3592e-06,4.229e-08,3.5798e-07,1.9513e-07,1.7392e-07,1.6822e-07,3.0271e-06,6.4199e-07,2.8605e-07,9.6989e-07,1.6603e-07,4.9629e-06,4.9201e-06,2.5867e-06,2.1377e-06,9.1593e-08,2.9326e-06
7.82e-08,3.2303e-08,2.7208e-09,3.5093e-11,2.3591e-06,4.223e-08,3.5798e-07,1.9516e-07,1.7406e-07,1.6796e-07,3.0265e-06,6.419e-07,2.8623e-07,9.6992e-07,1.6602e-07,4.9618e-06,4.9199e-06,2.5864e-06,2.1375e-06,9.1565e-08,2.9315e-06
7.8e-08,3.2337e-08,2.696e-09,3.3707e-11,2.355e-06,4.2252e-08,3.5724e-07,1.9476e-07,1.7349e-07,1.677e-07,3.0202e-06,6.4036e-07,2.8531e-07,9.6785e-07,1.6558e-07,4.9522e-06,4.9098e-06,2.5815e-06,2.1325e-06,9.1406e-08,2.9258e-06
