-0.8254222927894224,-1.1266708626019672,-1.166877699036573,-0.13338103148315195,-0.8400529565305859,-1.0492273655547977,-0.8659041229632525,-1.0467075892389774,-1.0122507757817705,-0.6586799287499908,-0.6978050354295052,-0.21618841941922126,-0.9388912828066022,-0.21641068904397984,-0.0842103409327241,-1.1803859845268507,-0.9283319433643764,-0.5068478887889095,-1.144048662465105,1.0086488732274257,-0.5636609970841735
-0.8382928902600892,-1.0265663545829826,-1.1111051583873852,0.006765306811309948,-0.7027667724630078,-1.3709918935380692,-1.0918543089024613,-0.9802394221202496,-0.7781671400492388,-0.7424876532780055,-1.7844158155270495,-0.5022906910580319,-0.10659367051453164,-0.3840261918062773,0.3844257719086757,-0.5617864376046304,-0.3359759792127879,0.6253767269750641,-0.8591180087963661,1.4660376173883614,-0.09502495431850448
-1.3202245946350215,-1.429844560088334,-1.6173480261386055,-1.383257427733631,-1.2647821619681292,-1.9444478346621303,-1.81546699100903,-1.0900564067041838,-0.9255531436453266,-1.0430396035886722,-1.4838638953291454,-1.3634875442784946,0.2662063127335834,-0.4591641525308098,0.1744767883618261,-0.7679862885923746,-0.4971867674756446,0.932802018932146,-1.2302776750897424,1.398554128615995,-0.2749812217301489
-1.5633356040853243,-1.8231123183557765,-2.1407516806856868,-2.4200543017258815,-2.241516206593716,-1.9344373411845344,-2.243056282158838,-1.208543266539868,-1.1191779601698124,-1.1470768251098111,-0.6313368291952292,-1.747847131262413,-0.22219058548888315,-0.4938432685911462,-0.5228535890300403,-1.0229242865360204,-0.4971867642537717,0.2804606454659894,-0.8253761580883837,0.27007852056356096,-0.55991195151563
-1.1500469278381704,-1.6286235179849602,-1.767504806447889,-1.39326792413001,-2.2415161844724043,-1.3924428870182102,-1.5037129184055384,-0.8386331685484412,-0.6076616883898778,-0.6182210285168809,-0.7758329270455319,-0.9588984242903116,-0.7221470762712832,-0.30888823077130395,-1.220184036094904,-1.2928586427486368,-0.1297761032555305,-0.8517640246670855,0.23561575539456575,-1.120833127033314,-0.4399410930158192
-0.8769045874275544,-1.2196251163222218,-1.1754580816810891,-0.2349156096258589,-1.2805128282528375,-1.0034653060935872,-0.4826467981079001,0.016783806746109204,0.2535350508987902,0.5059586914303976,-0.4377120930749254,0.3993650248321967,-0.08636426168661067,0.4887303148205272,-2.3299141400290377,-1.7839892009687528,-0.29848511112764803,-2.107708561414245,0.4193211066344916,-1.9456326179748515,-0.36870840201134975
-1.0027502851647858,-1.05659769537499,-0.8451131639867714,-0.3936527817968716,-0.4567956282955895,-0.9119411676613988,-0.4325945594604292,-0.12193256715694678,0.2650947375223041,0.7602718567523441,-0.053352367634383634,0.20863019476811875,0.5349690316197203,0.7314837522303255,-2.483626744123234,-1.6302765416999867,-0.4596959167080706,-2.561348210470344,0.14563766055258284,-1.600716438601394,-0.4549373953047512
-0.8683241995599515,-1.1509819763589246,-0.9108961314423799,-0.5938618345500739,-0.4053133064666785,-0.6373688110477581,-0.5570101601904012,-0.8819820009148082,-0.4949547636012235,0.2140765188930508,-0.8943197344167113,-0.8866503435449721,0.1534993323760155,0.5320791350797011,-1.5688492759380666,-0.7867316871943445,-0.16726703175078309,-0.33064072936959177,0.4118229478380785,-0.6184553833767431,-0.14001399932309164
-0.5065178520546177,-1.009405583917244,-0.7993510979198921,-0.3965128854827025,-0.7270778326065079,-0.15686708738957966,-0.352510911506334,-1.0004688362256646,-0.5065143636117377,0.37302225474745815,-1.6196902526590309,-0.3433449567558291,-0.4562742733754789,0.7603829975048891,-0.8227806952075252,-0.3030993691229276,-0.369717755817698,1.7950922353909569,-0.20302753579529806,-0.4197536730623791,-0.046286839178595
-0.14757167874679594,-0.4917222051028219,-0.38034220262593815,-0.2935482396741978,-0.4853968978885334,0.05478245092586902,0.1194103835748834,-0.5698703782609068,0.10036923984686537,0.5897664460711756,-1.6630390288356025,0.598769642914144,-0.5140727043199611,0.8846496328210031,-0.7552971287074801,-0.4830556031076427,-0.7333793337931255,0.41917685987795694,-1.4589721261060908,-0.8658951113693679,-0.0987740377440524
-0.07606842511235312,-0.10989498524298072,0.09157911964605832,-0.23062544257559545,0.15384195108649135,-0.08536386094591518,0.5298389163485697,-0.5034022043124794,0.3286730988572041,0.32678348621210235,-1.6456994683219073,0.49762231875688595,-0.4793935975728507,0.5349690395837219,-0.8340278822549165,-0.2731066686943515,-0.3172305230198431,-2.1939376147150247,-1.3464994864100726,-0.3297756225211457,0.253640254514133
-0.306308853836593,-0.035531624543061975,0.2417359302185253,-0.047577184760126234,0.14955175930337256,-0.035311603249536985,0.5083879806296302,-0.2490890675510925,0.3604621744404237,0.27765482683212345,-0.5186299189972955,0.3762456000519871,-0.2337502379639025,0.4367117419337423,-0.5640935755785936,0.2330202937064201,-0.06604161816736283,-2.096461291403632,-0.6116781732737397,0.15010774623517448,0.08868037920112158
-0.5880315397156316,-0.5003025929704248,-0.19443378075189205,-0.2577966277581373,-0.3137891477566215,-0.09537429174646113,-0.06935814229223478,0.008113972782993131,0.07435994098583845,0.020451766319381948,0.6835777232996548,0.1595014944099463,0.11304042810717495,0.2488667207579009,-0.3728901199113556,0.22552201368704666,-0.8233574862260827,0.10050441430041283,-0.9003579832628958,-0.3072810615577468,-0.9423188934578964
-0.7195975032002085,-1.1466917725934291,-0.5376492748709067,-1.0429021181046825,-0.43105445762625016,-0.2369507149121857,-0.4411749202908736,0.08614196653406203,-0.3793578563878934,-0.7973962275263591,0.4581638293293044,-0.8115123821995575,0.4164822469107234,-0.4880634285390186,-0.05796663250905805,0.2180239144952778,-1.1082881644616005,1.457674335231404,-1.2490231622932109,-0.20980475355024888,-1.054791562553503
-0.5093780190319791,-1.1152303669007877,-0.4218140570926912,-1.0600628597361998,-0.3938727758937087,0.2349706560574194,-0.18948359594257175,0.38958375553528857,0.05124049820005885,-0.9910210220095436,-0.16894929564725136,-0.8404116035701751,0.7430434482745253,-0.6730184142047967,0.3956730241989893,0.0605622060333616,-1.2095135409934854,0.54664592832141,-1.1852886498191255,0.2063440604449064,-0.7623626719579378
0.0941092436815613,-0.4130686486256587,-0.1758429477970624,-0.3049887736268125,-0.2008140906573381,0.9800342548340202,0.050767327488225066,0.9068797906884591,0.8546388667697707,-0.4506055748042388,-0.03312295352896821,-0.20462870796043905,0.8355209800677422,-0.3002184601381231,0.06200415430408528,-0.6480154764069839,-1.8656039515707696,-0.89675311477789,-1.9838444299205928,0.3038203289844633,-1.7821146500395637
0.5574501753207901,0.2719322568917917,-0.09718936535808224,0.3213795281113564,-0.13503109247768613,1.074418478824854,-0.023596093891680374,0.7623836791787579,0.6956931799650192,-0.2223016990300937,0.08825384402790892,-0.2768767399665633,-0.1846215829300956,-0.4187052830313453,0.017015072650696506,-1.1091533482942169,-2.2630073480354524,-0.825520346045742,-2.343756972395829,0.6562345781501017,-2.460699627621258
0.4945273315216415,0.11748530292657508,-0.3989330214477077,0.2398658055785532,-0.4968374369106154,0.4966724532982077,-0.425444188410332,0.3549046714503607,-0.0499067557975652,-0.5112939583710752,-0.04757261885186803,-0.5167403495512328,-0.2742091419223027,-0.2424200549602317,0.5568838261548051,-0.6930045463810843,-1.5506805781422184,0.021773525837057387,-1.3764921409269626,1.057387088648123,-1.3134786431172285
0.17705302174416554,-0.1127550715697274,-0.3832023046219471,-0.2549364773717597,-0.7142072240751857,0.2778725360980307,-0.31246912685606226,0.3231155365729371,-0.376467899729808,-0.525743531803481,0.5968800293854793,-0.5774286967964891,0.890429525755537,-0.20485100179958424,0.09949504051225858,-0.6105245700621059,-0.9433282464587764,-0.019466466752506385,-0.6529181175352134,0.5100201892350914,-0.8410935330353757
0.3744018814045698,0.27622245113283383,0.1473516466230462,-0.21489468212169274,-0.16220233772573345,0.5781861328173498,0.5713108354894346,0.6265573168818194,0.002111906185746137,-0.32633884666630875,1.3887187644170644,-0.5340798802626057,1.2285503501024768,-0.3117781715969053,-0.3616428708429148,-0.7604881889978715,-0.8121102021197769,-0.011968190357739557,-0.2480166097967392,-0.07858660007031197,-1.313478672919551
0.7676696720858776,0.8267973516960639,0.7579892390628452,0.2412958726298704,0.395522829118605,0.7183324744914561,1.068973260069772,0.6988053876930516,0.3171133743599057,-0.06624591517715893,1.2991311703450403,0.0207852207792875,0.8990992280917293,-0.2135207792624638,0.2269640280061601,-0.14188855186321647,-0.12602701580264214,0.6141295113335528,0.6705100404838267,-0.0635902583134396,-0.5524137733879804
0.7404984478838005,0.832517627735964,0.9152963557040568,0.4457951411309457,0.31686929998584057,0.7254827499897777,0.7843904078278533,0.6756860619434754,0.4558295936634143,0.3932517657104211,0.923441301529797,0.5987696665076495,0.6447860903990194,0.15060943055850198,0.7555855022367718,0.8366234376561863,0.8149941237546551,0.647871251289661,1.401582244016896,0.06762775944511018,0.3961055523516484
0.3601012528297165,0.5093229743256915,0.7780101289300576,0.4400748776879037,0.31543922740419555,0.3636764470343073,0.6042023050073686,0.7248147216338948,0.2333056312054395,0.4337106348994452,0.6055498850794555,0.9108812696037768,0.04946209936856464,-0.10948361175803407,0.7668327295575721,0.7653907905497322,0.8712304214522896,0.3366969665222007,1.5815384820289522,0.04138418472916069,0.3436183594244683
0.1241406162729536,0.5736759009990399,0.8752545223561758,0.5029977346983908,0.6386338775884434,-0.4814917334989835,0.6714153092511107,0.7479341343069112,0.10614913174261656,0.4597199163757837,0.5130723455252174,1.2432222877366426,-0.02567584210863477,-0.3695765357966033,0.8943017355772417,0.32674743774155285,0.8712304576983572,0.8090821128501215,1.9227054764878724,0.5550091730240972,0.4073528380688908
-0.007425376553085408,0.8153568318765091,0.9052858883418988,0.35284089294101945,0.785930461732524,-1.1278809501444604,0.6185029437211562,0.7045852836245338,0.4471598758051793,0.5839865904970046,0.6893575720441266,1.3906083177202029,0.6447860900885787,-0.1441626579691775,1.5953812423063418,0.9378488190208796,1.5273208453197986,1.9075649536201211,2.226381675353788,1.619750251687614,1.1196796627339605
0.07122822662462436,0.955503144055534,0.8366428150497759,-0.004675217616851132,0.6972664876661535,-0.884769978177491,0.4697761995855256,0.4733914400164325,0.5714265598605076,0.5348578985207356,0.6460087303645334,0.9079913470941858,0.8817596784434639,0.21129775234760764,2.3789406738044567,2.1225607066479144,2.4383493351930143,2.4024446125833507,2.1176580361200963,1.784710199492761,2.169424318691053
0.623233165819431,1.1986141283121212,0.7494088550357473,0.5015676567400382,0.8445631085254669,0.03190144108908244,0.26670706127367744,-0.28087816828002143,0.0945893557121356,0.3181137121640721,-0.03023303629687198,0.17395110261172805,-0.4360447611707524,0.4164822610835424,2.1539954354912973,2.4599786792996023,2.7157818284544035,1.2589726635795124,1.690261941240508,0.9749070966225156,2.8292638392743346
1.0150708210884252,1.3945329733057026,0.6235631195079421,1.4897422534454254,1.1305760437952062,0.7169024014489505,-0.21522471146225255,-0.8444130325045149,-0.6914694445828596,-0.03734669815271315,-0.5128500842226621,-0.4820612726064447,-1.8000880671091946,-0.06324475102174358,1.0067743716486526,1.436477577116286,2.1571676280202343,-0.3381389223984025,0.8279717122969409,0.09387140866686572,2.424362260654661
0.8448931483003851,1.1743030612557108,0.4691161718411546,1.4625710807061216,1.4795118420666222,0.5438645306522649,-0.6442440963932956,-0.9628999125188556,-0.9717919044196603,-0.5228536356813632,0.2645390655797644,-0.6410070199471635,-1.5891236720654447,-0.6701285124947437,0.2644549250881539,0.4467182591898279,1.1561611129780325,-0.4581097619697112,0.12689218986121145,-0.2285501892037549,1.5920647365697456
0.5145482436637857,1.0441671529936942,0.6964964437269673,0.7260878152619457,1.5367143528327687,0.2521313843239782,-0.6142127070572997,-1.2461121893153553,-1.1336275395005944,-0.7222582276862783,0.24430951860566186,-0.4127031103349649,-1.2336633111087558,-0.8782028853773879,0.19697133965960667,0.44671826039803003,0.6912741745800833,0.3741878636041949,-0.21802388077404292,-0.23229922873128725,0.9472215931839358
0.8534735736513215,1.3344702531630133,0.9581982907407064,0.8176119501608694,1.2449812284721729,0.3093339911027618,0.013585605660806318,-1.6564811478034618,-1.1133981108044586,-0.45060551271606697,-0.8278515213527359,-0.04568297614176303,-2.0341717615150485,-0.5429719174161364,0.08824774553213223,0.6866599012809085,0.7775032017031479,0.4791623638350357,-0.19927846243810254,-0.13107390495756804,1.0409487581612409
1.056542689688238,1.3959630170067463,0.955338104714438,1.34816593504869,1.1391564225992166,0.4022881634043,0.3138992054525299,-1.451296689358946,-0.6827996658782163,0.25453548338741866,-0.6197771348106941,0.5409712001729088,-2.3549531017167435,0.05235207082035074,-0.7515479663460517,0.015573142503006503,0.8037468368292103,-0.4318661171780308,-0.3904819732799106,-1.0458513924739712,0.9584688623890804
1.4626810354410325,1.7763602214316627,1.1698478301314972,1.7786153406377443,1.685441114020244,1.397613115490523,0.28958809169557337,0.17572950410585025,0.796840408506493,1.2862377165554049,0.9032118060888772,1.0871664852572558,-0.07769442213555906,0.8326310326154224,-0.6840643950131973,0.06806035758056139,0.8787286293822614,-0.35688439429797664,-0.2255220818575355,-1.338280314885529,0.9959596801324596
2.848413617836872,2.9289922857041133,1.6803808693879656,3.1900890273389884,1.9056710446582812,3.0293168388277567,0.6156428082359396,3.1841384876543315,3.0769890475397297,2.101195702830759,2.992625580599102,1.517764934219229,3.6185159873790487,1.7631859614943652,1.88031187825478,2.688673048158197,2.0821859252768844,2.796098849103009,1.5477966816627309,1.4435431212651508,1.573319293667026
4.40718405367031,4.131676543920548,1.9735441339231024,5.233651350501227,1.6110777700649284,4.413619326059777,1.0932843799715375,5.224423514929814,4.9236493107552315,2.8352359373791103,5.0386904237123264,2.2026764134613743,5.259991802394583,2.237133160866319,5.291982223564402,6.145332350676371,3.5930684656059673,6.196521858353624,3.0699264585754973,5.038918769889338,2.581824054898938
4.594522460716097,4.457731331894316,1.8491285205962729,5.126396498776543,1.6139378642263065,4.86408968787998,1.4636711262515096,4.851623571418128,4.906309792771935,2.549133733105965,5.60800517238199,2.32694309627494,4.078013679132058,1.8701131179427293,5.9480727001900755,6.977629954502637,3.5780721157944133,6.069052861999574,2.6950176033402427,5.36883852534817,2.8405110770662207
3.168748120399905,3.2278757336461594,1.2570817976729158,2.618063208569524,1.6768607141702638,3.2652774591007763,1.0875641000911318,2.4067493999400766,2.562582888640464,0.9741260603738908,3.0359743139348354,1.0351479322386865,1.37015656207521,0.7748326389238426,3.916066908864248,5.050598626356115,2.3108802820534566,3.5571637192349934,1.8927127982096716,3.4905452913993846,1.9294826814327808
0.3701117433885275,0.7209725502780936,-0.5119081072739714,-0.766899648200038,0.23964584358834165,-0.4371597541468089,-0.5241186628672075,-0.8964315619295796,-0.8822043674687543,-1.5979047148751142,-1.5301026660375872,-1.9241324344602144,-2.0717407758705884,-1.21632377584823,1.5466430856848208,2.6099422052037937,0.7924995805115559,0.9403001265813306,1.3116040887648004,1.5447685549852748,0.5423199972466968
-4.025906794736256,-2.951433294064982,-3.277653006625545,-4.944118272811528,-3.0123210242764054,-5.455256315892077,-2.9595186483649667,-4.8729645234819206,-4.431028718128801,-4.271082665269764,-6.4660897030232425,-5.103046766912136,-5.7621712910059175,-3.606289417470972,-0.9202569798564466,0.3379946888236643,-0.8458520298719157,-1.7552943219142252,-0.6754126583619079,-1.0795931791472335,-1.1072787989759645
-9.437271239642207,-7.590562773279071,-5.99477575189367,-9.570377189426738,-6.413014550556703,-10.636380363258695,-5.157527920269332,-10.083494259414667,-9.014445339639982,-7.210133530008488,-11.482994650681624,-8.030537939749852,-10.70682820572685,-6.351715497971058,-4.032000175090564,-2.4850687354865046,-3.0390686106688016,-4.645841249092453,-3.4872288452829245,-4.817434160244068,-3.20301909311026
-13.440021928095517,-11.649086044934373,-8.039768099708038,-13.421541093042876,-8.51663961091347,-13.655246677974644,-6.750619863637805,-15.048380434262354,-13.5747424736619,-10.149184375189435,-15.760079370071304,-10.533210511749184,-15.30180448933672,-8.712781936228753,-6.615122012484221,-5.191910393985295,-5.089819900071918,-6.989021439562221,-5.193063976254756,-7.797959302681769,-5.160043134170113
-14.026348360077813,-12.783127316039627,-8.368682893511558,-14.99318207396249,-8.313570389032224,-12.811508522707971,-7.0452131744855295,-15.77953078076005,-14.118047884975867,-10.256111476379328,-16.866919529815323,-10.278897346737676,-14.850976572873499,-8.776360158486147,-8.129753652348217,-7.028963703003843,-6.465735212758398,-9.103507247883163,-5.631707309328965,-8.495289759814987,-6.067322513231867
-11.429351158020616,-10.356307720406534,-6.904296788895867,-13.099776632806122,-6.380123096093551,-9.323581022741447,-5.413509448843992,-11.901255242586231,-10.361148990069829,-7.467336649504991,-13.41635245196999,-7.056634184713357,-9.987237499907422,-6.013594562796732,-8.782094996414783,-7.6663085937561934,-6.7619132532306345,-10.370698993022623,-5.879147096523499,-8.067893641576822,-5.67741735490221
-8.198835295003908,-7.371762942720696,-4.900776347318262,-9.05841406744969,-4.732688735505828,-6.3290257529605976,-3.788956084420858,-7.797565749285217,-6.46842382941395,-4.9097554995320145,-8.642201167411912,-4.311208124702366,-5.973135718025077,-3.84037307710745,-8.197237179380323,-7.771283077474937,-6.9006294672398685,-9.459670636857123,-5.815412616670876,-7.989162803455228,-5.827380869529848
-5.641879760845613,-5.559871073395697,-3.6180083498973215,-5.337386014334363,-3.989055161227745,-4.6458397592572265,-3.216930275329468,-5.410490106540519,-4.613093793081742,-3.77979591097205,-6.0354912754816885,-3.4702407777882542,-4.019548315125015,-3.262388674530368,-7.091256148400649,-7.553835952851974,-6.461986191756633,-7.4389121095009,-4.855646023337039,-7.216850533229523,-6.299765977598032
-2.743138910533415,-3.2903585741259467,-2.3810025188572643,-2.3371105370282366,-2.8035315833483585,-2.4092187863448893,-2.118640657310492,-2.7662112536505816,-2.4283126831675577,-2.1758891031719174,-3.853600064794031,-2.3865199167854505,-1.1845346334127658,-2.011052353606106,-5.475399174291849,-6.0129606637662265,-5.790899340349893,-5.6131060418988445,-4.120824733156549,-4.899914118842747,-6.221035176125239
1.3296850417739905,0.7767450542120494,0.0014850415058972044,0.7646994999861736,-0.37957213564371867,1.5034378952480425,-0.05076729290004151,1.2767898489434557,1.426843462511897,0.4279307929846721,0.02178559246926752,0.107482830874431,3.404661777238243,0.4453814644485902,-2.794801101785564,-3.0549301358555567,-4.767398263538825,-3.254929593038162,-3.8133995020123135,-2.0431088603366927,-5.658671903944808
5.885870815434216,5.511688889142403,2.6227934470342604,3.7721253180792176,2.0658382938659257,6.287003877041691,2.0785988885067352,5.915114905935925,6.229894136389095,3.3149630752129418,4.4462564110708165,2.5379074003595194,7.2713776514507265,2.8700261423483684,0.4706547531200548,0.4354710326744956,-3.702657213469428,-0.518095279619748,-3.1535599061177573,0.6374891473294053,-4.631421681284409
9.452451902294703,9.565921915861988,4.697817156072129,6.780981201687381,3.7647550315858345,10.059514288547538,4.009186040583488,10.186419870955154,10.934687428797282,5.7742868452691125,8.136687064041885,4.156263848336842,10.406943107453674,4.5953097045541,3.5599034103466174,3.805901329011778,-2.3679818269213864,1.4989143838010066,-1.9276081535678649,3.010662076084752,-3.4167171520279753
11.400199841320937,12.097136318677714,5.8604596523740815,9.526705227762724,4.725758365684089,11.586823237269616,5.081734486704162,13.931758981448814,15.188652881110706,7.837691243928977,10.463074352711633,5.757280718726224,14.097373784639132,6.2541250571107065,6.071792624797868,7.277556924958736,-0.9170846290530132,3.654640063488558,-0.4092273698682101,5.578787384450189,-2.2395034348766423
11.900722339631162,13.089601075981314,6.243716984295967,10.570652328094825,5.131896749688319,11.149223518238045,5.038832581469835,15.792868859074913,17.595958068345986,9.282652396899769,11.35028040669381,7.118434036962493,15.839996850547884,7.2482582675412495,8.141289319649433,10.314318464972127,1.0211940061556577,5.71288948832951,1.1541423927876409,7.865731309441048,-0.8935807573758147
11.783457124084348,13.658766772169663,6.582642304451811,10.071559828167675,5.765415368863128,10.0609443612828,5.06028356972689,15.550115415766738,18.130593635762736,9.473387170774052,11.991843155394188,7.187792194577361,14.952790859895638,7.132661354739983,9.029823114448796,11.757717423497269,2.4458474883511507,6.541438094512587,2.053923573987772,8.881734235510383,0.2723856607680508
11.749135534669742,13.923328810586376,7.247622298134358,9.616799305902882,6.563391376029723,9.709148488974261,5.672351158552704,15.321811709803743,17.720224813247725,8.89540278651298,12.627626086704627,6.502880701054938,14.386366030631152,6.548897086965064,9.547197280409057,12.601262350092313,3.4206104004860167,7.167535717670735,2.8037411729009385,9.965220692236436,1.4458503649723011
11.444531868295376,13.787472658544704,7.430670563016357,9.68401232043918,6.939498361480743,10.065234561054167,6.194324758491707,16.102090444666548,17.136460359518733,8.401225977457871,13.130472552150678,6.254347341015745,15.296691588866404,5.9044444346919835,11.526715971033811,14.01466856106899,4.796525854934899,9.192043288581834,4.010947596119124,12.765789493562155,2.8630056372241515
10.821023618165786,13.508609967588384,7.320555594240885,9.568177135535693,6.866565098709806,9.849294802996722,6.205765237141043,16.830351021391554,16.43709917428593,7.863700635922263,13.896301915367633,6.052052817498453,16.0625208080388,5.531644466655472,14.34603026721495,15.379336762824824,6.4611209691531215,11.527725265080619,5.236899475530254,15.93376918826369,4.756295189973966
10.589353226391118,13.401355178387126,7.45355159773962,9.51097452368744,6.795061838162455,9.551841417036528,6.105660759538861,16.63094636947155,15.044156758735573,7.170119181466409,13.933870979083274,5.791959829509068,15.744629572885922,5.239762325783093,16.149341669948207,15.739249097086535,7.518363895866702,12.81741161306782,5.982967997864352,17.699589747881323,5.952254457558018
10.775261555632174,13.534351195711686,7.41064968359532,9.601068524863873,6.7807612241815205,9.962269884368002,6.2000449905962265,14.989470673354866,12.613732107604545,6.196215449712981,11.650832413504714,5.384480771489249,14.701367508428982,4.404574781978647,17.146599131367186,14.936944410359787,7.919516305278469,13.570978480664214,5.922982540221693,18.65185827263118,6.773304658068688
10.696608006682402,13.169684728851257,7.36059742912497,9.214951108305064,6.7750409631964015,10.412740205939707,6.231506416873975,12.978084621270403,9.446377483506998,4.2570776618444,9.700134933735123,4.104245259617573,12.85470724117775,2.7919983140622766,17.236577210905274,13.587272450482777,8.121967117141415,13.518491078315305,5.6043100523570715,18.756832652041798,7.474384195808313
10.16462399499176,12.291625065742311,7.543645596150888,8.642925364348644,6.710688052038696,10.318355961056524,6.420274937518003,11.426196502772376,6.692281703154245,2.500005001393266,10.072934806466293,2.8818081311929302,11.025386520470374,1.3730465158318668,16.869166621996428,12.305084292705246,8.41064690055012,12.888644363676931,5.608059142226363,18.022011242249285,8.119227354900753
9.618339312634324,11.71673915327233,7.8410991438731745,8.717288632876434,6.583412313058343,9.917937891343627,7.050933474206572,10.197979585828786,4.695345493343969,1.676377242311644,9.931328701906098,2.4656593913260187,9.762490544277123,0.6245566870515735,16.719203075552798,11.611502938731546,8.553112140796662,13.735938220658571,6.2941423253216255,17.6021135506257,8.269190811534681
9.209340841535248,11.416425611549052,8.128542116084667,8.70012789278112,6.64347498972651,9.338761713967305,7.644410195666629,8.209713184215031,2.857354980582993,1.1128424010597746,7.836135167747928,2.205566397127816,8.222162054039728,-0.1123734954625178,16.67796328714942,11.326572412729512,8.54186501496485,15.141846357412991,7.103945386710262,17.305935499682374,8.040496501877994
8.535780473350057,10.867280733640897,7.944063737450803,7.3372763295929015,6.114351063901753,8.540785639668671,7.622959262712856,5.536535160245899,0.5454172094662985,0.058020784400212626,5.847868717084519,1.5900129690193219,5.546094129912748,-1.4937563193842582,15.643214681772456,11.116623402602212,8.395650479857368,14.414523248984759,7.002720054479126,15.941267430023329,7.793056694949489
7.703482899811887,10.06930473323359,7.615148863457531,5.4295702145437135,5.549475615414288,7.825753346197806,7.408449502577628,3.204367960433069,-1.3330321966980896,-1.011250435494077,4.830616000848703,0.8877618668648677,3.3295237718102264,-2.424311252919814,14.10233954290652,10.902925426244986,8.245686922137184,12.734931778913973,6.597818493579752,14.437882955056347,7.5531150528584075
7.410319601941161,9.869095649756343,7.949784042985786,5.260822559955762,5.902701553084325,7.66987640045518,7.7559552216617265,1.9790409259522,-1.619134464301169,-1.1759760241286872,4.137034680192862,0.8068440189011968,2.335390563552769,-2.172888008865696,13.607460008790861,11.105376066140478,8.631843023621741,12.99361869798133,7.253909042697562,13.736803274748853,7.961765636370484
7.257302757580062,9.807602953044649,8.37594325525552,6.30047954654382,6.614873731347844,7.628404449668549,8.276498729509314,1.7507370827743447,-0.7955066245049229,-0.4823946286565979,4.0127680728164234,1.5379942955496986,1.99726973548054,-1.4157284228011775,13.929881414557322,11.817702730920114,9.621602295233778,13.983378091621793,8.768540531939008,13.095709350509978,8.685339739906317
6.3420613731045625,8.859470152511047,7.942633675776196,6.2532874393874405,6.473297311561764,6.683131765110401,8.092020393889113,1.7420673285945298,0.16972740118702348,0.4828392371583063,3.81047352291166,2.3905213824831533,1.7371767009250247,-1.0111393198872416,13.618707247388215,12.511284227058944,10.315183692300025,13.852159935322714,9.848277984175393,12.293404422142775,8.959023115509762
4.914856939467998,7.330731027513673,6.758540225320872,4.45569624533784,5.449371086810193,5.132941770911644,7.243992109362751,1.7854161814499945,0.886428022136291,1.1070624970568301,3.501251846671295,2.838459315900811,2.3411703821844783,-0.4418246516217598,12.362762479874425,12.44005145550766,10.333929158158586,13.28979672395514,9.908263406377447,11.423615998156727,8.4903871295296
3.710742566270739,6.01507157332528,5.820417792142669,2.608052763943158,4.48979777352357,3.903086272209388,6.56900167120746,2.626383497940901,1.978818653151393,1.7544050783587573,4.252631586785308,3.4482328536657563,3.997095812852377,0.5118496747185978,11.343010606503661,12.102633556556311,9.880289298069824,12.65245185052035,9.582092602247387,9.931478849583137,7.8530421119160065
2.9399377544256176,5.212805423994894,5.259832561860995,1.8544087593253893,4.056488181601006,2.937792698244884,6.011276454129312,4.386346087110444,3.683872700047989,2.812116606972921,5.980805120860728,4.352778556326832,5.852425882401757,1.6475890685613146,10.72066197494769,11.858942791974476,9.96651836466083,11.306529127510572,9.867023450033953,8.664287059337461,7.744318588266998
2.204884611950519,4.397668582256545,4.368902293600374,1.2494914424646288,3.4015186030497437,1.7994613080188735,4.875805221509831,5.874656046681013,5.128833754609028,3.736891635263768,7.128104187667562,4.702459103618867,7.1239915826620575,2.4625471619387653,10.0533242093829,11.885186366690426,10.42765623131252,10.71417302401299,10.38064853699874,8.233142006282625,8.018001871241603
1.4784117730055233,3.2507567754359505,2.894505706721359,0.5487597887828934,2.284638186640488,0.7469337044503838,3.2784230739150044,6.597136549591923,5.6114508674169565,4.2541877939724015,7.957511841128461,4.549293205022622,7.5430303524510975,2.864246363763529,9.925855375330686,11.723975785432884,10.07149286972448,11.22404909158695,9.870772408209199,8.034440330200656,7.935522017353784
0.9407074832779182,2.1810684841566377,1.5001927839265654,0.43149446324400265,1.4094386152349987,0.35652609856638223,1.9684838797900048,7.0653039803131445,5.568102011767525,4.468041901978162,8.10200795170684,4.1707134593325925,7.67885659678051,3.1503486170863297,9.595935507911776,11.304077805451696,9.486635191633276,10.635442204819896,9.090962207134575,6.8347319755664495,7.226944321220479
0.3300699257099088,1.2987186315688797,0.6750454737507198,0.04108684491676359,1.1177054653734466,0.34794573051578753,1.2992137036951734,7.440993807839754,5.972691022480526,5.014237282988733,7.024067003399326,4.1880529282662335,8.343538750703326,3.7919113294651297,9.048568645953015,10.96665986381053,9.505380486732586,8.768396396337083,9.439627326560245,5.919954513422293,7.095726282922491
-0.05318740252508805,0.7552940783982329,0.4762664817504054,-0.6339036244234334,1.0104506248630385,-0.08679393706082532,1.1461967402784052,8.166364238227311,6.715401092544197,6.121077387474287,7.096315020193846,4.846955254244116,9.687352513392957,4.6964569992194765,8.429969072853082,10.51302003030222,9.422900599820576,8.5022110961641,9.37214376408754,5.563791041082378,7.035740793463839
-0.32060944753965603,0.5822562982374762,0.3833123300339761,-0.6081624711131781,0.8974755563958591,-0.5544250485007958,1.2820529204325768,9.241415358088817,7.154669239185751,6.560345583475937,8.575955213477407,5.517417191718824,10.276896737945767,4.994118937303145,8.070056496145448,9.819438830978413,9.175460903643943,9.293268635714133,7.984981041238981,5.1139005721080055,7.050737222211275
-0.4707663229398553,0.2261702121781229,0.11732027188097068,-0.4451351011678585,0.7930808286348758,-1.0520875090282653,1.018921024955566,9.299213844291772,6.495766936801374,6.092178240609478,8.142466836417906,4.80360644795478,9.042899971015943,4.2514089606821726,8.032565549929894,9.350802868759564,8.99925366085867,8.14979688082812,7.366381543450321,4.390326475015919,7.676834935179121
-0.4435949833689938,-0.2157197554760464,-0.07859855621438673,-0.46515604649196995,0.6557946138432538,-1.6827459509331593,0.5312689551337667,8.140354996176963,5.227091087649264,5.170293022138186,6.454752418331992,3.3962142556332617,7.491011716234376,3.780351637253681,7.608918719706192,8.844675811716279,8.706824875779438,6.095296503972113,7.4563596294321535,4.184126680008213,7.849293044197086
-0.13327104986470212,-0.2614818143227762,0.17881308580489488,0.04680708485591215,0.6200430076111412,-1.0806887843051571,0.4998075793970682,7.368745782663328,4.467041610119243,4.947769126424996,6.168650023758602,2.8066701543254724,6.661603973366513,4.2109500812486,7.320238963280673,8.327301673544671,8.298174179501817,5.544180340305932,7.163930845963856,4.8889552407632735,7.7105766771489
0.2585666743797691,-0.05126228898432793,0.3976129730491294,0.4944172915275091,0.6414939494748896,0.7426435496897381,1.0375118542235109,7.452553496636353,4.446812145722409,5.3321286764664535,6.4952112800704365,3.2430484240922404,6.124078517278228,4.465263177652676,7.7701295562971415,8.23732351668164,8.294425092451663,6.383976300268311,6.3578769131069865,5.121398732918092,7.5268713887354926
0.4716462728336251,-0.13992632495964666,0.3604312718068201,-0.15483202757483694,0.3926627324993037,1.7565593347307893,1.4293495574220123,7.198240328830881,4.097131598119933,5.048916321438857,6.029933722188268,3.2574980444012147,5.416047618843807,3.855489637093761,7.8451112352791785,7.798680430886156,7.795796369796858,6.755136062009666,5.975469781879699,4.176628417306406,7.163209840159652
0.5588802534327629,-0.12133546527489884,0.26890716732470016,-0.4422749434077107,0.2682471030423512,0.9843244641298436,1.4007482452762678,5.545204884312952,2.5943720306580267,3.913176897483377,4.885524577891026,2.5639167063606862,3.745672563210322,2.6619517536332395,7.443958860905282,7.442516945256018,7.027233312677074,6.072801841519727,5.394361110694567,3.887948680212121,6.6270901632346115
0.4215940188241324,-0.04411195971892978,0.07870855904424312,0.3700016837310073,0.3311699431546145,0.08338380285925039,0.9474178017379268,3.5684980867454446,0.6667940213034549,2.6416111348244624,3.3249665776219888,2.0697400832596498,1.5955705175128507,1.5522216195360017,6.791617369840771,7.003873625069297,6.461120971972259,4.828104691173331,5.038197808711172,4.056657757757236,6.120963313599385
-0.03888675812735227,-0.4316595038554196,-0.43468463643617206,0.5244487108194477,-0.08497881204551609,-0.2469611586168302,0.060777744923812174,2.6090439215947216,-0.31577958973745496,2.216792606939681,2.284594592757714,1.9223539936714449,0.7459333549516324,0.9366682879746152,5.055789619389915,5.680445401001867,6.029975860118247,3.343465738044955,4.438343663612795,2.819458524164068,5.479869237529762
-0.4564656405979257,-0.8320775861651717,-0.7922007709587975,-0.15769210622057267,-0.4096034672185126,-0.03531159541490635,-0.361091298605836,2.5628051872078608,-0.0903655951842663,2.2861507502742686,2.4377604742797137,1.8732253358436703,0.9366682284774308,0.6476760789250524,3.3087145570440994,3.922123052536078,5.41137625922966,2.0312847900291486,3.864733092424898,1.218597829388358,5.0749676585073535
-0.4450251200102701,-0.8163468435312149,-0.579121168971676,-0.7197075313655844,-0.047797157042892516,0.2721522923183762,-0.26956716908362066,2.5541354466874435,-0.08458583087970799,2.1127554412978964,2.983955821762674,1.9396935271767857,0.581207824679904,0.6187767939140589,2.9525511817631007,3.3860034742808884,4.953987458685951,1.9113140632233845,4.127169353473088,1.893433773483531,4.9025096546029845
-0.2462461237085896,-0.8006161472905639,-0.43468463259566703,-0.6553546037705147,0.3840823340319056,0.2735823933197618,-0.2509763387403347,1.8663339567705033,-0.6914694722120954,1.8873414656816003,2.845239540060553,2.1679974017091674,-0.10081377830833993,0.7170341940095218,3.364950894209674,3.6259450833477738,4.5415877760417,2.7586079661167093,4.157162003962637,3.0069129636623506,4.4601172280348775
-0.16902262445104968,-0.824927271340075,-0.441834961400204,-0.07474844306589243,0.30971897686525146,0.3693967178511205,-0.3696717098237124,1.164082880693082,-0.9978012392918262,1.8526624697618759,2.270144986729018,2.563916668486901,-0.4476044810114385,0.4540512347713304,2.8588239587920867,3.296025332319017,3.889246479497754,2.856084221366042,3.287373572727373,2.1671172775591487,3.4853543223437558
-0.4321545761530594,-0.6933613258290632,-0.2931082274035079,-0.2449260674635633,0.01941590019982541,0.4437600504385393,0.15087181384675918,0.9733480167909502,-1.2607841687276955,1.4394035869015334,1.7499590386899242,2.1159788176465115,-0.4129254071710585,0.13037993822199032,2.273966225526313,2.898621983376956,3.27439601479288,1.3639471533392669,2.784995744899379,1.2185978603988823,3.0991982567025325
-0.6581047911264893,-0.684780902014329,-0.09432924492764698,-0.9985700928200628,-0.0006050374432747681,0.08195372705158034,0.5226886514500436,1.0282565665144758,-1.633584096096456,0.6735741789810931,1.2268831377180343,0.9079913120143688,0.15927915752698205,-0.22508047457832167,1.9327991839475047,2.5949457820946358,2.5995601331214897,0.12299888827324892,2.2601233734255515,0.95616168271665,2.9004965226268573
-0.6137727474074438,-0.5446345981307961,0.16594247251134595,-0.9642485408887892,0.38265231598543803,-0.0052802489389511,0.6656950505702957,1.1005045947953105,-1.6913825326288738,0.060910674003072415,0.4899530064266844,0.12771231948565226,0.5754279368198834,-0.6903579266001588,0.8793053849602191,1.7101610006450862,1.4973281912056429,0.2017297570026343,1.1391460361296075,0.4237911492245359,1.8844936360254605
-0.1847533014891735,0.017380797979994284,0.6864860393490996,-0.1205104404645338,1.1291459848857608,0.5724658414154273,1.086134045329432,1.010916986753448,-1.5902351923286917,-0.16161332446604193,0.2963281740697145,-0.04568298297146175,0.465610917466573,-0.5314122537652456,0.4931492818647268,1.1365505317516489,0.9499612664203636,0.6328750077999057,0.8879571175841681,0.6374891924356226,1.1009341477418388
0.18134318172789893,0.5093230118090251,0.9481878021789586,0.23271553468883846,1.6210881921091225,0.5839063934952284,1.2906332977003845,0.8028425921399432,-1.7636306065445144,0.04935091908256998,0.929221097499323,0.06702395858099845,0.4107023779875957,-0.34356728039729684,1.2242214890224026,1.638928341053875,1.5310699907663954,0.7078567810217206,1.6565201908133134,1.7547175349075186,1.517082974221751
0.3400803835476129,0.8754195457207692,1.2127497421251137,0.6045322994761386,1.599637229045784,0.3393653661520777,1.1590673340621866,0.7363744098096129,-2.1566599539170657,-0.08358541950105831,1.131515636538657,-0.13816048434147468,0.43671172062078384,-0.7076974734544561,2.0040318499824608,2.4449822509549013,2.14592040915685,0.9328019830888121,2.155148996028608,1.8034556448118848,1.959475335949672
0.33722027264163223,1.0470272860209868,1.3242947830213725,0.9634784397556138,1.2778727018306129,0.6825808214051774,1.191958813565435,0.375134074069464,-2.691295606084168,-0.9101031842904208,0.32233743257343017,-0.9097697431794726,0.28354580774425725,-1.4301780161017987,1.5503921530010047,2.2912696396114915,1.9397205779030764,1.05277278319218,2.1214071807612256,0.7537109119325816,1.7982645891684257
-0.027446285776445308,0.8110666367137461,1.249931467639417,0.4972774293170289,1.0018702446764465,0.9500029043639396,1.3678567926565586,-0.4629433118403911,-3.1710227367778634,-1.418729508104615,-0.391473278904764,-1.4501851950413904,-0.057464976365176376,-1.6555919370805043,0.8718071967642174,1.6726701607513328,1.6023026088759953,0.7528457092334229,1.2328732788345915,0.4312893358096013,1.8095118535407613
-0.4235741386661256,0.4792916349162665,1.1898687250681768,-0.5280788455876352,1.0419120743374424,0.4680712202668752,1.3935979622505563,-1.1738641483064458,-3.306849047541619,-0.9158830355184198,-0.3539043005603634,-1.17564257618804,-0.5371920645284729,-0.9128819362451442,0.4519092832341514,1.4064848895752011,1.426095462746903,0.051766227473835726,0.20937215691730526,0.6562346292973309,2.098191682055686
-0.6152028290526814,0.5179033899985545,1.5702659729676152,-1.094384439165492,1.3436556966306197,-0.2526814212917715,1.170507860333791,-1.4195075768332643,-3.2057017317662644,-0.5662024373140851,-0.6342267976500676,-0.8086224503767415,-1.3405904467575824,-0.22508049537785935,0.03950963079495656,0.8741143629295659,1.0886775480889237,-0.9417421074270464,-0.16553668100038338,0.5175183367549506,1.5583229265379066
-0.6209230103089071,0.7510039405358109,1.823387337944556,-0.9013257213616356,1.7097522090355333,-0.427149305526318,1.4322096938289508,-1.8472160309529264,-3.4340055833260226,-0.6037713973424755,-1.7728561105875251,-0.9357790290019832,-1.7827485854474767,0.06680167871169145,-0.8002861708929284,-0.3105975702064201,-0.00980531483145117,-1.8040324978669824,-0.7578926415273652,0.033886011434319914,0.6135526822101552
-0.8740444520959586,0.6308784802798049,1.6560698067865416,-1.187338629440596,1.6596999628606717,-0.3484957249307801,1.4636711217965241,-2.5610268942367003,-4.144926467599968,-0.993910963145586,-2.6224932107501293,-1.4906440788211348,-1.9994926671855715,-0.4331548856451916,-1.6775727802558402,-1.1803859664038168,-1.070797330206124,-2.741304522988206,-2.058826155619785,-1.2520512929980077,-0.11377038433373332
-1.3502559461804449,0.20757939796495972,1.3099941900864094,-2.003905506891736,1.2206701160977986,-0.6573896417711861,0.9517079649476852,-3.506031347187952,-4.448368311549227,-1.1499666687674244,-2.261252942686089,-1.4993138333113911,-2.3722926612991166,-0.5371920767431267,-2.153706989067136,-1.3790876787318511,-1.2732480784370843,-3.3861476325443527,-2.422487731178809,-2.324290576369624,-0.3799556071817751
-1.3216546908741809,0.4821517727057864,1.4386999657012756,-2.0482374668877616,1.5124033151178204,-0.9019307219596918,1.0689732930981195,-3.9915382701258832,-4.217174589944383,-0.7395977649169088,-1.9549212361423247,-0.8201821261348252,-2.7508724315139728,0.049462157313545335,-2.4686304547217928,-1.330349519693926,-1.0295573235208677,-3.5173657952871737,-1.503961143322026,-2.3055450327833817,-0.3349666205736307
-1.0728234470150573,0.9168914224624536,1.9778343309293085,-1.822287322118772,2.2388760824757945,-0.7317530694495198,1.3692868274476298,-4.615761456139482,-4.318321787131328,-0.9014334282479608,-3.0935505354203854,-0.8548611832113985,-3.256608883420435,0.08414122494510794,-3.0234953760016485,-1.3565932087863566,-0.9583246466120912,-3.8360382235471535,-1.1440487260970902,-2.5454867473665987,-1.0023043583497684
-1.3316651511698077,0.3977779898080533,1.7747651437662315,-2.182663585213703,1.7984162159766308,-0.5529949436589042,1.204829396903042,-5.28911333319803,-5.191078240983189,-1.8117588768975856,-4.564520952172385,-1.7883060550890288,-4.057117325134384,-0.3811362574999333,-3.3309207348125893,-1.7464983365082198,-1.3707243183825215,-4.117219860241467,-1.3240049157810558,-3.167835282266388,-1.6546456738222168
-1.8636491668545745,-0.4373797545479836,1.1970190598639017,-2.424344446193973,0.5299489287028798,-0.899070594155486,1.0360817833316884,-5.306452851491768,-5.783512278459967,-2.126760435099594,-4.4778232809203935,-2.0339494997587724,-4.048447510418602,-0.8146246153121001,-3.5296223230985246,-1.9152073266600376,-1.5956696380479667,-3.4348858270228777,-1.2302777322779823,-3.126595373848248,-1.9620709222840176
-1.7020518370770341,-0.42307906790468797,1.2585117856098211,-2.518728730711173,0.4369947453406858,-1.0864091253264097,1.253451586626381,-4.742918042525744,-5.1592891399438185,-1.5950147607005558,-3.2756156882939806,-1.1409634716140151,-3.1785809107793437,-0.7192571557317978,-3.3609134026197034,-1.9264545402878783,-1.5019424319917842,-3.0974678910199915,-1.4177321061306092,-2.8341664598941065,-1.9508235693101827
-1.355976187502175,-0.1384962204249956,1.4816019517398382,-2.7446789333949857,1.1949289391300306,-0.7918157141646821,1.3092241484751588,-4.919203257558341,-4.948324907260637,-1.7770798365848188,-3.235156781852053,-1.1351836508092206,-3.343306462471492,-0.7857253793507621,-3.4471424466576,-2.1176580152863536,-1.3707243497957806,-4.117219861449669,-2.1338079735450832,-2.8979010110306644,-1.5721657353602432
-1.305923985877177,-0.0655629349182653,1.3600464405626371,-2.530169276338924,1.0762336293411203,-0.3556459879858633,1.2749026272679296,-5.3526916538651745,-5.422272063170872,-2.6064874608642787,-4.093463648612109,-1.9732610730406563,-4.192943643038281,-1.6440322579075708,-3.44339335115003,-2.2451270180841494,-1.5056915182364703,-4.375906968191111,-2.340007847085936,-3.1190972021643435,-1.2759877387860217
-1.0756835665237705,0.09889443786511999,1.435839854488054,-1.9853146702500208,0.7773501267102765,-0.015290717069210041,1.6381389932805914,-5.248654417442876,-5.532089030370117,-3.048645600485495,-4.3275473638175015,-2.1582161229676924,-4.161154469666191,-2.2191267417003524,-3.3609133671791036,-2.226381641632554,-1.7081422551908758,-3.112464223111245,-1.871371778142552,-3.8951584301625615,-1.4484458300836869
-0.7024367174796884,0.3777570924134504,1.6718005426612106,-1.6578299290575171,1.1849185069469022,0.1820582319981612,1.824047376749584,-4.942322697239714,-5.208417848063013,-3.0139665558265563,-3.891169058660475,-2.0108300644235735,-3.3750955998324432,-1.86655624023376,-4.4631453546039035,-3.1149155439619216,-2.124291051465732,-3.431136677548939,-2.025084413247272,-5.70971718586966,-2.1720198184375707
-0.3964029150785293,0.4464001309874036,1.7290030976699808,-1.1272759132920318,1.3779772163016466,0.323634588646331,1.5208736783414958,-4.546403370857335,-4.7691496123249335,-2.7625432434754504,-3.113780016581026,-2.233354102629117,-2.667064654831893,-1.3608198789760282,-6.0077696711351605,-4.198402037739507,-2.686654328881702,-5.256942757635752,-2.3999932648579194,-6.646989310868938,-2.520685071168224
-0.23480561771485495,0.4950223402205106,1.5273639594310344,-0.6911062626943615,1.1677577476490593,0.6210880773784527,1.4508005287808423,-3.8614917655762007,-4.156486181231837,-2.612267346240772,-2.1456560829702096,-1.944361855084888,-2.2855950117779837,-1.2365532486269684,-6.360183989973796,-4.404601874228823,-2.6791561503513197,-5.871793165555117,-1.875120907882519,-5.840935311560942,-2.3894669648081748
0.032616488747801015,0.6466092312092538,1.4944725043534008,-0.901325698933083,1.1076950273527502,1.0901492117807372,1.7682748996991664,-3.15346090315292,-3.500473795458676,-2.2625867942921247,-1.4347352104930158,-1.1178441415182672,-2.1179795003233424,-1.1325160913670864,-6.307696719721672,-4.100925780879238,-2.7353924492571555,-5.785564163401568,-1.6876665118795176,-5.852182490956388,-2.9255865555481213
-0.3377702109852449,0.3834773008604545,1.3328752148243577,-1.7565043700251857,0.7101370874411241,0.9557231785603972,1.6066775934255186,-2.9222670753773015,-3.2981792852903413,-2.092081400064321,-0.9318887490826928,-0.5398596790260992,-2.071740754139728,-1.0053594764202638,-6.712598346669434,-4.427096460564469,-3.260264844895029,-6.220458370360419,-2.6624293958229983,-7.22059967585698,-3.487949805578175
-0.8897751741448063,-0.1070347972196496,1.0568727103551645,-2.269897496069262,0.2167647842858446,0.5653155367292646,1.3592763881979713,-2.9222670881053774,-2.977397909698388,-2.1614394657886944,-0.9723476449696302,-0.3086659077507181,-2.2942647727874985,-1.2249935114015942,-6.945041714782152,-4.670787171985405,-3.665166307527285,-6.115483923693208,-3.037338283679713,-7.839199289230327,-3.2630045539747905
-1.0442221645180148,-0.18711845070407285,0.9810793214698428,-2.0954296259677765,0.5728508482238874,0.6453991856050814,1.3192345844987925,-2.428090360385772,-2.179779370315373,-1.8059790865159957,-1.434735223221092,0.07280380266885729,-2.019722179079858,-1.170085030595939,-6.922547227921827,-4.734521656670839,-3.7176535568372375,-5.485637097900226,-2.6736767250355213,-6.920672750909836,-2.970575652505405
-0.9827293707183384,-0.09702438516077028,0.9782192022683694,-1.9567133868312572,1.0190310428402043,0.6997416267890856,0.9545681107254556,-2.0292811549555227,-2.0584026609236994,-1.5921247931770404,-1.108173990192322,0.14505183374365938,-0.9273315809714868,-0.7250370134790546,-7.016274462572131,-5.214404947296746,-4.066318790236654,-5.8980368192069506,-2.7973966202437257,-5.904669745099149,-3.3754771860188617
-0.8826248722238067,0.0960343226577724,0.8781146693629088,-1.739343590756714,0.6572246621529039,0.5567351308880958,0.6027721935598082,-2.318273344447311,-2.7953328012178336,-1.9880441692299569,-0.12560049525629247,-0.6121077495268904,-0.5949905035444174,-0.719257148591658,-6.9562890564794335,-5.4430993572342175,-4.486216628052713,-6.456650879489657,-2.8948729028789764,-5.8371860513351335,-3.8516113517376103
-0.7582092240251878,0.21472970142216086,0.7308179956582407,-1.0729334521373997,0.5070679035040713,0.4795116747978375,0.664265004872189,-2.8037802558989293,-3.3039591206858563,-2.4966704787638707,-0.10248112356146928,-1.4328456140385988,-1.2885718844257863,-0.9937997615466322,-6.187725903911674,-4.719525370491271,-4.306260424675787,-5.759320600364907,-2.8161420156238237,-5.469775466453632,-3.5891752187588613
-0.8883451183077637,0.2547714929853421,0.7579892346078589,-1.0529125539746955,0.7458887085743976,0.20207915781250468,0.6499643680018439,-3.1476809916993944,-3.202811794665952,-2.5400192859845285,-1.1197337159313832,-1.3750472122755566,-1.6382524118496054,-0.8926524827137401,-5.1829702353681935,-3.875980441882557,-4.16754419939,-4.54086679195416,-2.797396592857808,-4.510008857010432,-3.2442590740205346
-1.2415710175727486,0.2919531853176789,0.7608493419805753,-2.215555024929316,0.9575382660923736,-0.39425784722265933,0.5441395768764283,-3.5638297470883487,-3.1218940146888285,-2.5313495513624877,-2.9201552093697662,-1.415506112819107,-1.7393997024792502,-0.9880199590578482,-4.733079740618841,-3.3473590445741546,-3.968842493908445,-4.109721650700559,-2.793647522319752,-4.075114669785554,-3.3904735426768933
-1.232990687927209,0.4249492058682591,0.7694297292336976,-2.4801169618030663,0.9904297259322336,-0.2684120757477232,0.8558936525523234,-3.9655290032402633,-3.457124991652867,-2.938828543879284,-4.379565853506136,-2.302712242238414,-2.274035288832891,-1.251002887251954,-4.856799589915361,-3.26487906946338,-3.575188223559122,-4.709575824795791,-2.3025169636969007,-4.168841795697653,-3.2105173107058493
-0.8926352827464843,0.4649910157122468,1.0096805958250137,-1.5949070302623312,0.9089160835891842,0.21923990896847625,1.0832738963256368,-3.927960008132058,-3.647859896533192,-2.8550207963786467,-3.1340094701124297,-2.5599152835038232,-2.0139422924616013,-0.7134772821520575,-5.49414451973292,-3.4223407654405387,-2.967835932149089,-5.448146181084262,-1.6764192322032867,-4.281314538090864,-2.7868703121392997
-0.5465596262587145,0.705241823467019,1.1126452586853623,-1.143006611529747,0.868874237951686,0.4695012337047368,1.0861340663754018,-3.211259273250993,-2.9022599241385847,-2.311715486578835,-1.0359259352135737,-1.9096828039066915,-0.7626059861280599,0.2719861371562069,-5.951533414919138,-3.5610570801332937,-2.8328687447798973,-5.478138895608533,-1.6314301308159274,-3.940147504566737,-2.3219833705194777
-0.5150982869300076,1.0241462277938314,0.9224466754450013,-1.4261593856596932,0.8102415636607242,0.6382488170129078,0.9588583470584376,-2.7459818370616405,-2.1219808825602136,-2.054512402472588,-1.281569358152457,-1.6495898193321548,-0.5863207956202898,-0.04301538844951069,-5.659104502575931,-3.5235661874813737,-2.712897872989862,-5.017000982642421,-1.6651719887731231,-4.195085531104502,-2.569423186710868
-0.5594303202028784,1.0756285542313488,0.9267368420344037,-1.5834665095210545,0.7287278862922651,0.7826852999290809,0.9660086388405018,-2.5321276110883524,-1.954365390973787,-2.1816689196305403,-1.6803786008356087,-1.768076626392893,-1.2943516751178183,-0.3926959574724045,-5.295442942320804,-3.246133674486016,-2.5554362466856992,-5.0207501518503275,-1.102808722230972,-4.7986886690132575,-2.3069870335954143
-0.3792421284362878,1.1943239434419126,1.2499314504339525,-1.4089985921045416,0.968978755187884,0.7140422959196769,1.3163744388746417,-2.540797361542877,-2.081522007162373,-2.75098360838512,-0.9521182187570212,-1.9761510359075585,-0.990909854762065,-0.4678339278206038,-5.287944713448661,-3.2273881969481653,-2.3042473321676007,-5.0807355611648966,-0.86286709383285,-4.9823941398652085,-1.6771401542387985
-0.2662670324710891,1.430284575850929,1.63604888942131,-1.35465612495872,1.3522360818866788,0.3465156232159736,1.6281285349820258,-2.956946123140649,-2.7028552877406287,-3.3867664807117905,-1.356707274483946,-2.7853292075869365,-0.2048510100740266,-0.9360013007998274,-5.681599040583488,-3.8759804483263016,-2.56293443770084,-5.017001054731823,-1.8001391745313788,-5.023634043047805,-1.7371255977857634
-0.2433859786989192,1.5890217142254943,1.713272366250298,-1.5562953263355759,1.522413744382164,0.31934442190330875,1.7596944718903058,-3.3326360347967316,-3.269280049949885,-3.5630517749068065,-2.1283165382889977,-2.9153756696062216,-0.3464572068351577,-1.4157283889631238,-6.4014239088630225,-4.81700158506446,-3.114050359726572,-4.668335874896039,-2.981101933626648,-5.398542855995981,-2.160772568563661
-0.4235741922795816,1.4402950284655462,1.5573953361701716,-1.5419946058958318,1.2449812565846732,0.5653155502478441,1.756834321196688,-3.5985088572503083,-3.4340055941914525,-3.3463076220777563,-2.1312064092654066,-2.184225394199483,-0.9937997210818602,-1.2192137079814878,-6.09399869181448,-4.164660182198716,-2.7616360763285366,-3.716067372296555,-2.489971374601064,-4.869921374113421,-1.223500528541276
-0.5608603215047421,1.0684782546146534,1.4243993461900148,-1.4218691958736376,0.8888951391867951,0.6883010636486298,1.5594854100735105,-4.1909429596092265,-3.5149234334627786,-3.623740125256471,-2.1514358758353267,-2.097527741263501,-1.4475175454639468,-1.435957877884786,-5.137981171435105,-2.9012174443680636,-1.7868731420432955,-3.341158617744823,-0.7391471555320986,-3.5314969170273214,-0.43244291730457457
-0.568010628956069,0.7481437770917149,1.1097851175161988,-1.381827390484636,0.8073814304798115,0.4866620059066783,1.2706123933928721,-4.4105770538847615,-3.2085916797320038,-3.7942455079979616,-2.3912994807633834,-2.59748430065333,-1.811647720205096,-1.649812101064107,-5.4341592066718,-3.3811007950013487,-1.959331183804668,-4.4058996883536565,-0.6829108662918801,-3.962642102984405,-1.1297733007374526
-0.6337935954899561,0.4378197798350326,0.9896596927464626,-1.5906167959264117,1.1863485841371542,0.1520268928959769,1.0889941775886245,-3.378874807367817,-2.1190909991661706,-2.9185991158040294,-1.6774886808095457,-1.8923432632612107,-1.594903578862357,-1.051598222603878,-6.6076238146226025,-4.5995544302364415,-2.8516141864744147,-5.628102434802947,-2.0738225602031752,-5.6572299123956595,-2.0220563658309834
-0.8611738633816438,0.16038725194266426,1.1112152066888272,-1.9538532428969284,1.3508059939430122,-0.3227545710060448,0.8830648612387588,-2.2546950436483777,-0.9862415430446464,-1.7077217106349194,-0.8480810729834513,-0.8201821407255451,-0.6874680173320648,-0.11237348894325967,-6.4126712843899645,-4.738270746942867,-3.2977556839833144,-4.904528392885429,-2.531211334166433,-5.7809498398225925,-1.7821146935348455
-1.072823440870248,0.007370357347754031,0.9581982658542312,-2.059678035097685,1.0319016011377158,-0.6745504322539334,0.7729499139701155,-2.289374090480404,-0.688579556532204,-1.358041124848219,-2.1023072121091757,-0.6612364222558261,-0.4620540730702952,0.19973813091667414,-5.396668353890553,-4.430845537143537,-3.3727374483449792,-2.8725225544397155,-2.1525534394036456,-4.393787283303212,-2.0145581228631446
-1.1142953019426691,0.005940287838513619,0.9453277113972249,-1.9467028951971048,0.9689787392113816,-0.7217425964034143,0.7486387985233366,-2.448319835648036,-0.769497350168725,-1.2973527446962316,-3.1022203209547268,-0.4444922653910441,-0.372466514388529,0.3297845789661201,-5.11548670148961,-4.6182998425313695,-4.0813151493110915,-2.553850070602433,-2.42623685246136,-3.437769696875447,-3.0043173682974675
-0.8683241637664395,-0.029811314553093025,0.9796492173960528,-1.6649802093180668,1.0976845768888162,-0.18689845383616274,0.8473132645311005,-1.9368035914973385,-0.2695408249273897,-0.7338179285900716,-1.9924902005168867,0.04679452026119607,0.8239612381857558,0.7517132129018699,-5.115486704308748,-4.487081832827502,-4.418733106658885,-3.791049237341742,-2.6286876135798107,-3.4077770334984065,-2.9668265525677597
-0.5436995662010251,-0.1928387086167868,0.6964964552484837,-0.9885596044119356,0.7744899750949372,0.4008581912902782,0.7929707936983937,-1.61891221602519,0.33445289203276235,-0.4563854614224955,-0.8480810357305484,0.09014331289113336,1.2314403142111428,0.8990992711355479,-4.5606215949520745,-3.6397878973127162,-3.81887897162886,-3.9522599825120515,-2.1300588881058653,-3.5052532859285996,-2.1982634459116848
-0.08607890430326752,0.03740167217794483,0.8366427898560606,-0.4994775650876563,0.6343436303484261,0.6825808178719128,0.8587537660698491,-1.592902917164163,0.5251877726987004,-0.6008815229512178,-0.8307414718020035,-0.4560519650530736,0.09570085765937236,1.1187333477159531,-4.871795998123357,-3.6622824711636057,-4.235027759849033,-3.0299842914957518,-2.463727804717924,-4.153845569525464,-2.8730993537607907
0.4001430436247971,0.8511083964775427,1.3343052414735566,-1.117265486331992,1.0533525743399883,0.7412134608243497,1.070403331729696,-2.0639601977518165,0.016561474030216242,-0.9679016403806128,-1.460744502524344,-1.178532476035448,-0.9157719157683922,1.1187333371609642,-6.0077696751625025,-4.629547197116142,-5.232285237377374,-3.3936458545700177,-3.517221554974385,-5.3760482515373,-4.267760172579243
1.0436721630364918,1.7220177487555135,1.686101140819259,-1.1730380130017402,1.4237393186228984,1.0515374533188049,1.3850175384358216,-2.6477244509360163,-0.9746818166847028,-1.7857495882811076,-2.5935939983822984,-1.707388235375476,-1.2856819352182816,0.4829504635925286,-6.161482226901267,-4.888234226129903,-5.5622050081401015,-4.713324858685045,-3.6071996852569668,-5.56725181674821,-4.548941766181012
1.4927123688592694,1.913646420707644,1.846268393099309,0.3042187198086637,1.7383534850805267,1.5778012703882611,1.625268411325567,-2.8904779041782986,-1.4168399324019751,-2.2539170500464167,-2.9346047824917307,-1.8316549085653744,-1.066047804000286,0.0061132858316295296,-6.097747862633324,-5.056943188493071,-5.745910338840589,-5.388160804391156,-3.5622106237402833,-4.719957829683461,-4.245265632558017
1.7915958876202356,1.7077171057403604,1.6746606246865905,1.2766626119779083,1.6754306673968151,2.3443158826156316,1.582366460005174,-2.523457807238,-0.8561950204893946,-1.7077216870414142,-1.9057925472704649,-1.3923867116324031,-0.5054029253048774,0.5407488566632263,-6.318944014701798,-5.619306492086757,-6.07208098509889,-5.706833266480795,-4.045843003430013,-4.697463317853622,-4.706403490349556
1.6128378523119289,1.5146584056028285,1.2628020257833077,0.9119961856732192,0.9789892125647284,2.8619992539026637,1.3707169129333732,-2.3789617072146108,-0.4111469897131124,-1.1123977304698944,-0.9607879474806864,-0.8837604508377034,-0.6441192231499233,1.315248052601535,-5.861555246779551,-4.944470518189259,-5.4609795748227095,-5.174462761180068,-3.041087359856047,-4.87367049499324,-4.45146544488329
0.9964800250024476,0.96551358898914,0.4776965959631291,0.2513063482875204,0.4598757628584833,2.199879351769951,0.7314780464456443,-2.7835508293758795,-1.148077195510268,-1.1933155669472542,-1.7641863492675691,-1.1120642493120754,-1.5082058725305458,1.0435953702276144,-4.391912686958009,-3.3773516805652783,-3.773889903265696,-3.0299842894820803,-0.9603433627751414,-3.9588929808963855,-2.918088405611857
0.4873769793668309,0.2876629821666641,-0.2459160916737672,-0.3307299038940344,0.08662892840832216,1.011495717212522,0.005005190909665389,-3.3499755561948774,-1.6567034541318817,-1.4129496872998202,-3.5212590075456167,-1.5108735335943024,-1.7018306850193012,0.7430434338867856,-3.983262046257696,-3.129911816045798,-3.054064953633877,-1.9427486804629561,-0.5666891190062691,-3.44901697775988,-2.306986980434515
0.4716463130821223,0.2619218366910406,-0.5219185623465125,-0.5738409062778073,-0.042076912802377436,0.8956604872983094,-0.16517248448991873,-3.2690577538660133,-1.4370693980405729,-1.3002427066318114,-4.3651162844199005,-1.3894968034030912,-1.1411857973211084,1.3788263412932744,-4.515632528199847,-3.714769623817377,-3.245268516025648,-2.8762716761250013,-1.5227065793782657,-3.576485891956177,-2.805615741751794
0.523128634757413,0.5364942117391079,-0.4175238361217313,-0.32643972824103884,0.1252406432421128,1.2946484942612524,0.1694626587839661,-3.0494236636262113,-1.1394073795527218,-1.2135450245143893,-3.9287380382466384,-1.4472952430399175,-1.1180664243845218,1.3643766955281482,-4.425654492559775,-3.5085698139085104,-3.1927812022782414,-3.7273146797614394,-1.8301318322701416,-3.194078935515485,-2.539430526958434
0.03976683767658625,0.2933832658875755,-0.5576701456892121,-0.6782356630730119,-0.20224412283686585,1.0272263811929274,0.1680325729909821,-3.1447910859536097,-1.0064709627379973,-1.4649682595657232,-3.2871753224529905,-1.4617448555878718,-1.2047640583836108,0.6505659443135255,-4.564370664281928,-3.403595301595647,-2.9978286015671403,-4.072230732676392,-1.9088626607261177,-3.3665369696249097,-2.085790773594206
-0.6480942819796319,-0.4330895464811225,-0.7206975503527012,-1.1916287594683863,-0.880094689564465,1.0215061403320576,0.12084045446670612,-3.4944716385231382,-1.0960585779199996,-1.4996473306121347,-3.1571288135571347,-1.7276176795936544,-1.3868292165347016,0.4627209718768988,-5.269199305181072,-4.2358929203230735,-3.4777119236063063,-3.6635801918541326,-2.9211165315612937,-4.510008901311182,-2.4681977670864352
