instance code,patient num,instance num,col1,col2,col3,col4,col5,col6,col7,col8,col9,col10,col11,col12,col13,col14,col15,col16,col17,col18,col19,col20,col21,col22,col23,col24,col25,col26,col27,col28,col29,col30,col31,col32,col33,col34,col35,col36,col37,col38,col39,col40,col41,col42,col43,col44,col45,col46,col47,col48,col49,col50,col51,col52,col53,col54,col55,col56,col57,col58,col59,col60,col61,col62,col63,col64,col65,col66,col67,col68,col69,col70,col71,col72,col73,col74,col75,col76,col77,col78,col79,col80,col81,col82,col83,col84,col85,col86,col87,col88,col89,col90,col91,col92,col93,col94,col95,col96,col97,col98,col99,col100,col101,col102,col103,col104,col105,col106,col107,col108,col109,col110,col111,col112,col113,col114,col115,col116,col117,col118,col119,col120,col121,col122,col123,col124,col125,col126,col127,col128,col129,col130,col131,col132,col133,col134,col135,col136,col137,col138,col139,col140,col141,col142,col143,col144,col145,col146,col147,col148,col149,col150,col151,col152,col153,col154,col155,col156,col157,col158,col159,col160,col161,col162,col163,col164,col165,col166,col167,col168,col169,col170,col171,col172,col173,col174,col175,col176,col177,col178,col179,col180,col181,col182,col183,col184,col185,col186,col187,col188,col189,col190,col191,col192,col193,col194,col195,col196,col197,col198,col199,col200,col201,col202,col203,col204,col205,col206,col207,col208,col209,col210,col211,col212,col213,col214,col215,col216,col217,col218,col219,col220,col221,col222,col223,col224,col225,col226,col227,col228,col229,col230,col231,class
HC_1,1,1,1.6268,1.6263,1.6343,1.659,1.6245,1.6687,1.6549,1.6375,1.6259,1.6192,1.6351,1.6469,1.611,1.6275,1.6551,1.6763,1.6388,1.5986,1.6663,1.6572,1.6447,1.619,1.6115,1.6212,1.6341,1.647,1.6949,1.6569,1.611,1.6551,1.6506,1.6422,1.634,1.6158,1.6552,1.6427,1.651,1.6806,1.6879,1.6422,1.6635,1.6648,1.6376,1.638,1.6418,1.6459,1.6418,1.654,1.6753,1.6685,1.6211,1.6521,1.6499,1.6763,1.6408,1.6669,1.6496,1.6235,1.661,1.692,1.6808,1.6901,1.6847,1.6434,1.6343,1.6195,1.6435,1.6693,1.6574,1.6393,1.6389,1.6259,1.664,1.6383,1.6404,1.6257,1.6181,1.6315,1.6561,1.6561,1.6317,1.6278,1.6614,1.6426,1.6325,1.647,1.6492,1.6495,1.6495,1.6396,1.67,1.6636,1.6623,1.6301,1.6407,1.6521,1.64,1.6323,1.6484,1.6609,1.663,1.6787,1.664,1.6528,1.6677,1.6675,1.6614,1.6589,1.6296,1.6734,1.6825,1.6597,1.639,1.6453,1.6293,1.6272,1.6562,1.6336,1.6596,1.6634,1.6638,1.6734,1.6502,1.6902,1.6736,1.654,1.6428,1.6596,1.6741,1.607,1.6525,1.675,1.6647,1.6464,1.6452,1.6387,1.6556,1.6618,1.6501,1.6714,1.656,1.6251,1.6625,1.6767,1.6816,1.6624,1.6708,1.6619,1.6543,1.6381,1.6262,1.6687,1.6639,1.6486,1.6237,1.6448,1.6821,1.6306,1.6372,1.6227,1.6626,1.6371,1.6446,1.6622,1.6453,1.6442,1.6481,1.6394,1.6303,1.6527,1.6618,1.606,1.6598,1.6793,1.65,1.6563,1.6383,1.6702,1.6552,1.6281,1.6403,1.6696,1.6793,1.6528,1.6483,1.6514,1.683,1.6869,1.6681,1.6056,1.6077,1.6288,1.5867,1.6609,1.6946,1.6627,1.6396,1.6313,1.6546,1.6581,1.64,1.6365,1.6455,1.63,1.6239,1.6572,1.6652,1.677,1.6687,1.6666,1.656,1.6505,1.6585,1.6493,1.6365,1.6496,1.6465,1.6154,1.6495,1.6471,1.6401,1.6725,1.6026,1.6531,1.6562,1.6406,1.6751,1.6505,1.6584,1.6493,1.6469,0
HC_2,2,2,1.6638,1.6652,1.6633,1.64,1.6466,1.6491,1.6504,1.6422,1.6557,1.6699,1.6326,1.6574,1.6203,1.6678,1.6558,1.6622,1.6633,1.6713,1.6647,1.6678,1.6722,1.6899,1.6968,1.6931,1.6825,1.6855,1.6849,1.6941,1.677,1.6496,1.6957,1.666,1.6834,1.6461,1.6994,1.6917,1.6771,1.6758,1.6843,1.6898,1.6874,1.6793,1.6731,1.6696,1.6664,1.6113,1.6439,1.6911,1.6545,1.6337,1.6277,1.669,1.68,1.6621,1.651,1.6597,1.6607,1.6447,1.6431,1.6612,1.661,1.6591,1.6699,1.6511,1.667,1.6313,1.6357,1.6338,1.6605,1.6205,1.5647,1.6236,1.6279,1.6634,1.6636,1.5926,1.6532,1.638,1.6409,1.6633,1.6461,1.6477,1.6331,1.6295,1.6693,1.6704,1.6612,1.6733,1.6862,1.678,1.667,1.6386,1.6884,1.682,1.6931,1.6789,1.6397,1.687,1.6829,1.6837,1.6706,1.6687,1.685,1.6892,1.6702,1.6792,1.6689,1.6597,1.6902,1.6676,1.6632,1.6583,1.6168,1.6894,1.6515,1.6626,1.6955,1.6521,1.6942,1.6679,1.666,1.6667,1.6756,1.6708,1.6681,1.668,1.6868,1.6914,1.6819,1.6764,1.6958,1.6885,1.6887,1.6344,1.6853,1.6647,1.6909,1.687,1.6331,1.698,1.7015,1.696,1.6977,1.6615,1.6767,1.6748,1.6772,1.6949,1.687,1.6765,1.6678,1.6916,1.676,1.6897,1.6686,1.6807,1.7,1.6681,1.6877,1.6443,1.6953,1.6889,1.6989,1.6898,1.6922,1.688,1.6845,1.6795,1.6766,1.6709,1.6885,1.6621,1.6885,1.6795,1.6803,1.6752,1.647,1.686,1.6609,1.6774,1.6514,1.6752,1.6828,1.6789,1.6954,1.666,1.6693,1.6746,1.6824,1.6879,1.6896,1.6748,1.6424,1.6681,1.7002,1.6721,1.6399,1.6547,1.6872,1.6762,1.6645,1.6534,1.7045,1.698,1.6776,1.6752,1.6603,1.6865,1.6815,1.6743,1.6702,1.678,1.6708,1.6528,1.6702,1.6884,1.6808,1.6515,1.6752,1.6605,1.681,1.7033,1.637,1.6989,1.6839,1.6751,1.6862,1.6793,1.6715,1.6591,1.6718,0
HC_3,3,3,1.5755,1.5867,1.594,1.6255,1.6255,1.6299,1.6296,1.6339,1.653,1.6583,1.6346,1.6446,1.6543,1.6403,1.6481,1.632,1.6391,1.6419,1.6041,1.6192,1.6272,1.6322,1.6474,1.6439,1.6426,1.6521,1.6828,1.6866,1.6483,1.6805,1.6683,1.6856,1.6959,1.6441,1.6951,1.6797,1.6646,1.6645,1.6572,1.6756,1.6581,1.6563,1.6502,1.637,1.6397,1.6436,1.6699,1.6712,1.6698,1.6657,1.6565,1.6583,1.6719,1.6658,1.6538,1.6659,1.6679,1.6697,1.6691,1.6549,1.6745,1.665,1.6729,1.6703,1.6648,1.6797,1.6688,1.6737,1.6985,1.6988,1.6717,1.6776,1.6646,1.6972,1.6982,1.6605,1.6991,1.6985,1.707,1.7074,1.7025,1.6871,1.686,1.6719,1.6574,1.6729,1.6555,1.641,1.686,1.6819,1.6827,1.6597,1.6578,1.6687,1.6829,1.6856,1.6623,1.6805,1.6609,1.6769,1.6773,1.6712,1.6697,1.6718,1.6778,1.6386,1.644,1.653,1.6178,1.6585,1.6635,1.6665,1.6648,1.6397,1.6701,1.6656,1.6799,1.6704,1.6895,1.6831,1.6824,1.6837,1.6731,1.6611,1.6637,1.6768,1.6305,1.6354,1.6474,1.6548,1.6742,1.6751,1.6771,1.6632,1.6816,1.667,1.6759,1.6849,1.677,1.6865,1.6732,1.6959,1.6967,1.6798,1.6702,1.6791,1.6768,1.6394,1.6207,1.641,1.6399,1.6668,1.669,1.6723,1.6684,1.6559,1.6838,1.6761,1.6679,1.6747,1.6897,1.6767,1.6892,1.6878,1.6923,1.6619,1.6466,1.6748,1.6766,1.6816,1.6675,1.6045,1.6657,1.6854,1.6853,1.6357,1.6437,1.6633,1.686,1.6974,1.6664,1.6885,1.6802,1.6701,1.6714,1.6837,1.6637,1.6446,1.6708,1.6391,1.6641,1.6977,1.5642,1.687,1.6991,1.6971,1.6796,1.6561,1.6713,1.7013,1.6845,1.6702,1.6933,1.6531,1.6495,1.6473,1.6893,1.6737,1.6688,1.6828,1.6122,1.6293,1.6126,1.5972,1.6467,1.6439,1.6456,1.6309,1.5853,1.6739,1.6496,1.6445,1.6642,1.6711,1.6588,1.6532,1.6562,1.6601,1.6449,1.6543,1.6637,0
HC_4,4,4,1.6529,1.6405,1.6469,1.6591,1.666,1.6738,1.663,1.6536,1.694,1.6591,1.6633,1.6421,1.6609,1.6656,1.6692,1.6673,1.6682,1.6368,1.6597,1.6563,1.6435,1.6498,1.6462,1.6438,1.626,1.6157,1.6254,1.6524,1.6746,1.6429,1.6541,1.6676,1.6672,1.6322,1.6609,1.6591,1.6546,1.6534,1.6475,1.6208,1.6586,1.6335,1.6614,1.674,1.6622,1.6414,1.6618,1.6482,1.6292,1.6583,1.6708,1.6628,1.6439,1.6587,1.6706,1.6642,1.6718,1.6641,1.6533,1.6461,1.6542,1.6409,1.6353,1.6318,1.6316,1.6388,1.6577,1.6503,1.6477,1.6531,1.6379,1.6565,1.6796,1.6596,1.6519,1.6111,1.6721,1.6772,1.659,1.6681,1.645,1.6561,1.6485,1.6654,1.6553,1.6559,1.6631,1.6466,1.6536,1.6599,1.661,1.65,1.6489,1.652,1.6667,1.6648,1.6435,1.6809,1.6866,1.6637,1.644,1.6427,1.656,1.6534,1.6403,1.6196,1.6099,1.5867,1.6382,1.6519,1.6539,1.6515,1.5997,1.6279,1.661,1.6732,1.6539,1.6125,1.6602,1.644,1.6609,1.6646,1.6429,1.6587,1.6573,1.6608,1.5982,1.6108,1.6076,1.6416,1.672,1.6547,1.6592,1.6262,1.6594,1.6687,1.6861,1.6575,1.6306,1.6663,1.6682,1.6812,1.6832,1.6576,1.6656,1.6601,1.6748,1.6364,1.6284,1.6348,1.6036,1.6264,1.6429,1.6494,1.6175,1.6329,1.6451,1.6564,1.6312,1.6258,1.6419,1.6592,1.6603,1.6712,1.6443,1.6359,1.6366,1.6444,1.6607,1.6627,1.6641,1.6141,1.6477,1.6423,1.6576,1.6452,1.6471,1.6775,1.678,1.6522,1.6133,1.6516,1.6708,1.6576,1.6559,1.6281,1.6482,1.6538,1.6483,1.6428,1.6401,1.6465,1.6249,1.6453,1.6625,1.6456,1.6531,1.6579,1.642,1.6643,1.6319,1.6414,1.6641,1.6584,1.6526,1.643,1.6163,1.6556,1.6463,1.6424,1.6512,1.6447,1.6537,1.6403,1.6406,1.6388,1.6438,1.6366,1.6489,1.6412,1.6609,1.6616,1.6374,1.6517,1.6867,1.6651,1.6575,1.6156,1.6439,1.6331,1.6322,0
HC_5,5,5,1.6591,1.6642,1.6559,1.6404,1.6646,1.6615,1.6625,1.6408,1.6546,1.6563,1.685,1.6775,1.6494,1.6775,1.6691,1.6834,1.6855,1.6846,1.6379,1.6296,1.6608,1.669,1.6823,1.6875,1.6407,1.6891,1.6806,1.6823,1.6429,1.6302,1.6809,1.6606,1.6877,1.6568,1.6936,1.6812,1.664,1.668,1.6733,1.6801,1.6701,1.6646,1.6837,1.6724,1.6656,1.6785,1.684,1.6863,1.6792,1.6332,1.6979,1.6802,1.6929,1.6915,1.6206,1.704,1.6936,1.6822,1.6862,1.6883,1.688,1.6612,1.6897,1.6585,1.6723,1.6861,1.6184,1.6659,1.6778,1.6864,1.6386,1.6601,1.6704,1.6599,1.687,1.6364,1.6884,1.6845,1.6562,1.6531,1.6889,1.6799,1.6749,1.698,1.6857,1.6983,1.6833,1.6485,1.6966,1.6982,1.6709,1.6453,1.6395,1.6576,1.677,1.6664,1.6455,1.7063,1.7006,1.6832,1.6845,1.6708,1.6712,1.6609,1.6774,1.6337,1.664,1.6793,1.5962,1.6719,1.6894,1.6615,1.6373,1.6507,1.6472,1.6771,1.6861,1.6607,1.6879,1.6916,1.6862,1.681,1.6832,1.6738,1.6668,1.6779,1.6622,1.6863,1.6821,1.6313,1.6623,1.6594,1.654,1.6498,1.6388,1.6489,1.6636,1.6605,1.6532,1.6651,1.6701,1.6718,1.6743,1.6316,1.6369,1.6338,1.6428,1.6328,1.6638,1.6636,1.6184,1.6235,1.6668,1.668,1.6474,1.6803,1.6272,1.6677,1.6587,1.6622,1.6557,1.664,1.6595,1.6575,1.6777,1.6279,1.62,1.6489,1.6795,1.6747,1.6672,1.6598,1.6834,1.6723,1.6646,1.6577,1.6413,1.6611,1.6497,1.6644,1.6518,1.6748,1.6959,1.6891,1.692,1.6687,1.6333,1.614,1.6278,1.6556,1.6787,1.665,1.6263,1.6879,1.6928,1.655,1.6195,1.6207,1.6502,1.6568,1.6736,1.628,1.6877,1.6907,1.6632,1.6668,1.6937,1.6471,1.6388,1.6726,1.6779,1.6874,1.6921,1.6664,1.6927,1.6971,1.686,1.6647,1.6721,1.682,1.7083,1.6975,1.6955,1.7043,1.6998,1.6963,1.7001,1.7009,1.6735,1.6611,1.6818,0
HC_6,6,6,1.6442,1.6522,1.6457,1.6376,1.6779,1.6724,1.6789,1.6242,1.6119,1.6505,1.6562,1.6592,1.6507,1.6871,1.6814,1.6689,1.6494,1.6749,1.6771,1.6575,1.6434,1.6174,1.6168,1.6186,1.6418,1.666,1.6851,1.6763,1.6566,1.6673,1.6793,1.6816,1.6824,1.6666,1.6678,1.6646,1.6572,1.6825,1.6928,1.6682,1.6652,1.6591,1.7066,1.7095,1.6981,1.6749,1.7075,1.702,1.6956,1.6589,1.6486,1.6737,1.6598,1.6565,1.6723,1.6883,1.7075,1.7105,1.7131,1.7108,1.7081,1.711,1.7161,1.6327,1.631,1.6306,1.6572,1.6641,1.6689,1.6678,1.6599,1.6395,1.6575,1.657,1.6558,1.6619,1.6679,1.6715,1.6661,1.6647,1.6568,1.6636,1.6591,1.6596,1.6753,1.6854,1.6672,1.6707,1.6919,1.7138,1.6877,1.638,1.6503,1.6655,1.6717,1.6693,1.6672,1.6972,1.6804,1.6747,1.6901,1.6973,1.6894,1.6822,1.6822,1.603,1.6177,1.6201,1.6427,1.6628,1.6878,1.689,1.6835,1.6286,1.6634,1.6602,1.6333,1.6331,1.6882,1.6821,1.6833,1.6687,1.6638,1.6781,1.6676,1.6744,1.6031,1.5991,1.5872,1.6483,1.6747,1.6677,1.6583,1.6537,1.6707,1.6433,1.6441,1.6769,1.6836,1.6649,1.6652,1.6689,1.653,1.6423,1.6574,1.6396,1.6514,1.6591,1.6564,1.6403,1.6825,1.6842,1.6807,1.6733,1.6212,1.6405,1.6748,1.6664,1.6432,1.6233,1.6801,1.6727,1.6636,1.6822,1.6972,1.6634,1.6423,1.6536,1.6578,1.656,1.6545,1.6435,1.682,1.6932,1.6844,1.6313,1.6397,1.6487,1.6606,1.6696,1.6329,1.6859,1.683,1.684,1.6562,1.6594,1.6793,1.6747,1.6619,1.6371,1.6392,1.647,1.6534,1.6492,1.6613,1.6666,1.6489,1.6765,1.6305,1.6269,1.6592,1.6713,1.6721,1.686,1.6807,1.6559,1.6753,1.6758,1.6415,1.641,1.6229,1.6174,1.608,1.6437,1.6604,1.6612,1.6586,1.6433,1.6727,1.6406,1.6456,1.7009,1.6448,1.6721,1.6649,1.6571,1.6216,1.6356,1.6519,1.6502,1.6296,0
HC_7,7,7,1.6416,1.6167,1.6392,1.6251,1.6591,1.6586,1.6415,1.6449,1.6569,1.6738,1.6384,1.6426,1.6409,1.6488,1.5898,1.6373,1.6085,1.6735,1.6747,1.6198,1.6622,1.6571,1.6325,1.6541,1.6127,1.6589,1.6431,1.6596,1.6674,1.6244,1.6494,1.6575,1.6776,1.6565,1.6452,1.6513,1.665,1.6392,1.6585,1.6446,1.626,1.6675,1.61,1.6389,1.6372,1.6166,1.6414,1.6773,1.626,1.5905,1.6411,1.6589,1.6873,1.6472,1.6687,1.651,1.6082,1.6284,1.6289,1.6764,1.6532,1.644,1.6659,1.6363,1.623,1.5948,1.6357,1.6704,1.6739,1.618,1.6089,1.6673,1.685,1.6458,1.6092,1.6781,1.6181,1.6775,1.6527,1.6572,1.6848,1.6484,1.677,1.6478,1.6775,1.6917,1.6867,1.6674,1.6899,1.691,1.6871,1.6503,1.6354,1.644,1.6472,1.6432,1.6619,1.6856,1.6419,1.6649,1.6705,1.6767,1.6973,1.6843,1.6987,1.6572,1.6754,1.6478,1.6306,1.6855,1.667,1.639,1.6251,1.6338,1.6383,1.6784,1.6499,1.6705,1.6787,1.6836,1.6683,1.6688,1.6759,1.6742,1.6537,1.6666,1.6394,1.6304,1.6355,1.6616,1.6714,1.6666,1.657,1.6646,1.6648,1.6486,1.6523,1.6472,1.6704,1.6642,1.6797,1.6463,1.6376,1.6717,1.6697,1.6503,1.6645,1.6534,1.6728,1.667,1.6605,1.6576,1.6954,1.6841,1.6633,1.6497,1.6734,1.6845,1.6628,1.6528,1.6918,1.6643,1.704,1.645,1.6892,1.6774,1.6645,1.6888,1.6618,1.6868,1.6882,1.6257,1.7011,1.676,1.6405,1.6433,1.6092,1.6672,1.6432,1.63,1.6481,1.6407,1.6295,1.6544,1.6804,1.6835,1.6703,1.6417,1.6899,1.6173,1.6332,1.6401,1.6221,1.6521,1.6584,1.6329,1.6361,1.6796,1.6479,1.6709,1.6436,1.662,1.6673,1.6595,1.6632,1.6487,1.6756,1.6548,1.6566,1.6537,1.641,1.636,1.6379,1.6565,1.6635,1.6727,1.6314,1.5954,1.6586,1.6547,1.6864,1.658,1.6353,1.6731,1.6451,1.6378,1.6936,1.6931,1.6753,1.6749,1.675,0
HC_8,8,8,1.6336,1.6438,1.6501,1.633,1.675,1.6842,1.6677,1.6577,1.6496,1.6549,1.6858,1.6573,1.6684,1.6823,1.6387,1.6597,1.6655,1.6915,1.6847,1.6834,1.6737,1.6617,1.6618,1.6549,1.6395,1.6608,1.6608,1.6654,1.663,1.649,1.6614,1.6754,1.677,1.6691,1.6914,1.6808,1.6654,1.6554,1.6706,1.6911,1.6844,1.6912,1.5826,1.5874,1.572,1.6094,1.6027,1.6225,1.6093,1.5908,1.6428,1.6364,1.6492,1.6672,1.6313,1.6495,1.6431,1.6522,1.6526,1.6579,1.6569,1.6434,1.6436,1.5925,1.6277,1.6412,1.6155,1.6317,1.6866,1.6512,1.641,1.6383,1.6577,1.6767,1.6243,1.6458,1.6766,1.6675,1.6822,1.6622,1.6748,1.6872,1.6784,1.6497,1.6226,1.6264,1.6408,1.6428,1.6314,1.6392,1.6362,1.6346,1.6382,1.6579,1.6585,1.6325,1.6532,1.6603,1.6507,1.6668,1.6516,1.6534,1.6533,1.6646,1.6767,1.6106,1.6368,1.6321,1.6193,1.6383,1.6889,1.6407,1.6076,1.6692,1.6522,1.6755,1.6664,1.6238,1.6637,1.6485,1.6442,1.6499,1.6698,1.6646,1.6851,1.6612,1.6351,1.6383,1.6398,1.6381,1.6386,1.6739,1.6465,1.6452,1.6346,1.6582,1.6623,1.6293,1.6508,1.6625,1.6718,1.6684,1.6663,1.6633,1.6774,1.6904,1.6703,1.5845,1.6267,1.646,1.5951,1.6054,1.6638,1.6706,1.6014,1.6331,1.6477,1.6696,1.6474,1.6084,1.6883,1.6808,1.6453,1.6363,1.6333,1.6749,1.676,1.6641,1.5994,1.6258,1.6438,1.6355,1.605,1.6545,1.652,1.6468,1.6559,1.643,1.6626,1.654,1.6376,1.6735,1.6769,1.6459,1.646,1.6944,1.6797,1.6852,1.6774,1.6731,1.6776,1.6616,1.6205,1.673,1.6579,1.6681,1.6458,1.6409,1.6634,1.652,1.6737,1.6771,1.6712,1.6557,1.6833,1.6611,1.6686,1.6656,1.6718,1.672,1.6338,1.6333,1.6123,1.6389,1.6563,1.6633,1.6316,1.6139,1.6469,1.635,1.6747,1.6434,1.6277,1.6788,1.678,1.662,1.6519,1.6622,1.6714,1.6613,1.661,0
HC_9,9,9,1.6433,1.6452,1.6251,1.6559,1.6796,1.696,1.6884,1.6477,1.6584,1.7032,1.6951,1.6783,1.6832,1.6901,1.678,1.6622,1.6741,1.6741,1.6957,1.6748,1.6669,1.6744,1.6659,1.6583,1.6634,1.6689,1.6881,1.6792,1.6513,1.6851,1.6777,1.6764,1.6691,1.6689,1.6848,1.6853,1.6836,1.6852,1.6831,1.679,1.6966,1.6851,1.6821,1.6765,1.663,1.6586,1.6757,1.6837,1.6832,1.6838,1.6871,1.6818,1.6863,1.7039,1.6688,1.6794,1.6823,1.6859,1.6873,1.6719,1.6777,1.6829,1.6855,1.6563,1.6751,1.6825,1.6473,1.6696,1.679,1.6799,1.6824,1.6655,1.6744,1.6807,1.6738,1.6721,1.6716,1.6661,1.6598,1.6588,1.6575,1.6781,1.6679,1.656,1.647,1.653,1.6507,1.6491,1.6574,1.7011,1.699,1.6696,1.6731,1.6863,1.6951,1.6968,1.6879,1.7083,1.7023,1.6687,1.6718,1.6674,1.7061,1.695,1.665,1.6485,1.6599,1.6676,1.646,1.6693,1.6772,1.6607,1.6609,1.6446,1.6779,1.6752,1.6826,1.6788,1.7085,1.7136,1.6539,1.6551,1.6693,1.6891,1.6739,1.6628,1.6561,1.6624,1.6591,1.6737,1.6804,1.6948,1.6973,1.661,1.6773,1.6469,1.6752,1.6794,1.6404,1.703,1.7033,1.6816,1.681,1.6744,1.6905,1.6871,1.6861,1.6745,1.6824,1.6708,1.6987,1.6937,1.6955,1.6867,1.6795,1.6697,1.6775,1.6888,1.6785,1.6567,1.6889,1.6759,1.6968,1.6959,1.6816,1.6899,1.6914,1.6893,1.6625,1.6639,1.6627,1.6623,1.675,1.6835,1.6796,1.6808,1.6881,1.6741,1.6944,1.6868,1.6468,1.6857,1.6777,1.6669,1.6652,1.674,1.6861,1.6779,1.6783,1.6546,1.6723,1.6636,1.6712,1.6877,1.6781,1.6872,1.66,1.6816,1.6575,1.6731,1.6965,1.6799,1.6959,1.695,1.682,1.6815,1.6768,1.6663,1.659,1.6734,1.6936,1.6981,1.6836,1.6659,1.6757,1.6895,1.6873,1.6729,1.6753,1.69,1.6883,1.6982,1.6957,1.7103,1.6984,1.6822,1.683,1.6797,1.7038,1.6892,1.6747,0
HC_10,10,10,1.6487,1.6505,1.6583,1.6526,1.6531,1.6561,1.6634,1.666,1.6507,1.6759,1.6739,1.6718,1.6936,1.6685,1.6666,1.6828,1.6621,1.665,1.643,1.6437,1.6495,1.6677,1.6623,1.656,1.6665,1.6716,1.6693,1.6683,1.6619,1.6923,1.6804,1.685,1.6921,1.6733,1.6676,1.6804,1.6851,1.6935,1.6647,1.6589,1.657,1.6462,1.6605,1.6592,1.6652,1.6426,1.6607,1.6707,1.6779,1.6797,1.6581,1.6612,1.675,1.693,1.6861,1.6856,1.6812,1.6576,1.6569,1.6653,1.6693,1.6604,1.6567,1.6526,1.6506,1.6494,1.6583,1.6579,1.6652,1.6583,1.6571,1.6795,1.6577,1.6774,1.6701,1.6918,1.6816,1.67,1.6845,1.657,1.676,1.6622,1.6607,1.6608,1.6659,1.6642,1.6685,1.6671,1.6607,1.664,1.6762,1.6687,1.6684,1.6861,1.6665,1.6846,1.6771,1.694,1.6839,1.6672,1.6834,1.6746,1.6702,1.6516,1.6421,1.6901,1.6891,1.6795,1.6768,1.6874,1.6907,1.6801,1.6651,1.6767,1.6805,1.6911,1.6748,1.6977,1.6827,1.6797,1.6926,1.684,1.6684,1.6804,1.6594,1.6424,1.6936,1.6902,1.6953,1.6788,1.6906,1.703,1.7012,1.6768,1.6725,1.6989,1.6813,1.6686,1.6809,1.6935,1.685,1.6632,1.6737,1.6965,1.6684,1.6718,1.6784,1.6775,1.6762,1.6839,1.6831,1.6849,1.6936,1.6892,1.6686,1.6798,1.7051,1.6928,1.6964,1.6897,1.6954,1.7032,1.6975,1.6728,1.6903,1.684,1.6815,1.6775,1.6824,1.6821,1.6758,1.6707,1.6857,1.6761,1.6785,1.6576,1.6708,1.6626,1.6663,1.6671,1.6722,1.6763,1.6886,1.6922,1.6819,1.6658,1.6872,1.6753,1.6546,1.6733,1.6727,1.6802,1.6478,1.6625,1.6756,1.6885,1.6743,1.6562,1.6565,1.6655,1.7038,1.6765,1.6969,1.6933,1.6691,1.6687,1.6662,1.6659,1.6436,1.6505,1.6647,1.6718,1.6787,1.6584,1.6683,1.6811,1.6925,1.6799,1.6401,1.6872,1.672,1.6791,1.6871,1.6773,1.6814,1.6801,1.6491,1.6582,1.6695,1.6514,1.6308,0
HC_11,11,11,1.6519,1.6737,1.6507,1.6546,1.6496,1.6687,1.6524,1.6056,1.654,1.6288,1.627,1.6246,1.6167,1.641,1.6324,1.6501,1.637,1.6485,1.6586,1.6668,1.6557,1.6623,1.6266,1.598,1.6233,1.645,1.6509,1.6164,1.5611,1.63,1.5965,1.6225,1.6251,1.6105,1.6434,1.5868,1.6047,1.6257,1.6324,1.6331,1.6217,1.6252,1.6523,1.6686,1.6625,1.6186,1.6458,1.6508,1.612,1.5599,1.6236,1.5923,1.6809,1.6159,1.5971,1.6389,1.6245,1.6541,1.6374,1.6513,1.62,1.6277,1.6534,1.6529,1.6456,1.6239,1.6334,1.6537,1.6657,1.6335,1.5737,1.6587,1.6268,1.6411,1.6221,1.6272,1.6713,1.6251,1.5918,1.6504,1.6751,1.6714,1.6559,1.664,1.6354,1.6376,1.651,1.6413,1.6463,1.6463,1.6417,1.6661,1.62,1.629,1.6496,1.656,1.6404,1.6524,1.6621,1.6503,1.6468,1.648,1.6704,1.6681,1.6603,1.6314,1.6181,1.619,1.6105,1.6572,1.6435,1.651,1.5756,1.6326,1.6196,1.6279,1.6193,1.592,1.6627,1.6168,1.6161,1.6631,1.6524,1.6415,1.6366,1.6478,1.6716,1.6478,1.6531,1.6432,1.6838,1.6935,1.6586,1.6414,1.6548,1.6824,1.681,1.6798,1.6419,1.7011,1.6529,1.6644,1.6912,1.6748,1.6733,1.6572,1.6565,1.6748,1.6679,1.6582,1.648,1.6691,1.6839,1.63,1.5932,1.6595,1.6391,1.6705,1.6419,1.6184,1.6741,1.6275,1.6437,1.6867,1.6894,1.6478,1.6494,1.6807,1.6738,1.6842,1.6781,1.6448,1.677,1.699,1.673,1.6624,1.6533,1.6679,1.6294,1.6522,1.6494,1.6652,1.6723,1.6371,1.6698,1.6916,1.6625,1.6768,1.6839,1.6257,1.6423,1.6584,1.64,1.6209,1.652,1.6739,1.6422,1.6526,1.6377,1.6416,1.6511,1.6602,1.6834,1.6311,1.647,1.6405,1.6661,1.6311,1.6072,1.6349,1.6422,1.637,1.6598,1.6363,1.6527,1.6489,1.6474,1.6441,1.6457,1.6486,1.6675,1.6676,1.6617,1.6435,1.6453,1.625,1.624,1.6532,1.6338,1.6118,1.6233,0
HC_12,12,12,1.6395,1.6638,1.6607,1.6441,1.6628,1.6721,1.6718,1.6508,1.6504,1.6468,1.6493,1.6829,1.6685,1.6865,1.68,1.6609,1.6694,1.6943,1.7,1.7043,1.7102,1.6638,1.6833,1.6794,1.6455,1.6805,1.6931,1.6633,1.6263,1.6396,1.6537,1.6731,1.6484,1.6479,1.6913,1.6335,1.6568,1.6695,1.6775,1.702,1.706,1.7092,1.6374,1.6414,1.6419,1.6155,1.6684,1.6784,1.6426,1.6342,1.6163,1.6457,1.6774,1.6308,1.6314,1.6343,1.6519,1.7105,1.6167,1.6441,1.6832,1.6877,1.6803,1.6543,1.6616,1.6549,1.6259,1.6748,1.6593,1.6244,1.6313,1.6455,1.6528,1.6222,1.6208,1.6378,1.6438,1.6628,1.6396,1.6405,1.6686,1.6403,1.6428,1.6583,1.6654,1.6556,1.6403,1.6238,1.6675,1.64,1.6185,1.6208,1.6254,1.6543,1.6182,1.6533,1.631,1.6301,1.6408,1.6399,1.6806,1.6769,1.6349,1.6549,1.679,1.6404,1.6329,1.616,1.6584,1.6507,1.6361,1.6128,1.6295,1.64,1.6413,1.6622,1.6301,1.611,1.6411,1.6375,1.6499,1.6886,1.677,1.65,1.6613,1.6842,1.6555,1.631,1.6247,1.6717,1.6676,1.653,1.6379,1.6577,1.6881,1.6793,1.6675,1.6524,1.6418,1.6499,1.6684,1.6766,1.6794,1.6774,1.6525,1.6477,1.651,1.6648,1.6679,1.6657,1.6345,1.6844,1.7014,1.6743,1.6575,1.6337,1.6652,1.6769,1.6544,1.639,1.6878,1.6612,1.6582,1.671,1.6912,1.7131,1.7058,1.6996,1.6505,1.645,1.6413,1.6477,1.6398,1.6512,1.6266,1.6108,1.6385,1.6246,1.6459,1.6235,1.6241,1.6533,1.6364,1.651,1.6409,1.6579,1.6593,1.6627,1.6713,1.6424,1.6655,1.6547,1.6399,1.6616,1.6721,1.6282,1.5979,1.6371,1.6488,1.6591,1.6628,1.6335,1.6634,1.6287,1.6525,1.6596,1.6507,1.6642,1.6649,1.6734,1.691,1.684,1.6685,1.6367,1.6774,1.6439,1.6661,1.657,1.6593,1.6607,1.6189,1.6713,1.6668,1.6758,1.6696,1.6564,1.6718,1.6735,1.6606,1.6721,1.6755,0
HC_13,13,13,1.6579,1.6398,1.6344,1.6357,1.6502,1.6441,1.6297,1.6224,1.6391,1.6524,1.6421,1.6498,1.6541,1.6353,1.6379,1.6452,1.6421,1.6672,1.6266,1.6328,1.6426,1.6152,1.6103,1.6128,1.613,1.6199,1.6022,1.6042,1.601,1.6,1.6592,1.6664,1.6303,1.6436,1.637,1.6495,1.627,1.6247,1.6603,1.629,1.6165,1.6052,1.6443,1.6421,1.6457,1.6503,1.6598,1.6615,1.6429,1.6456,1.6447,1.6623,1.6538,1.6281,1.6591,1.6481,1.6611,1.6411,1.6334,1.6701,1.6385,1.6453,1.6562,1.6497,1.6389,1.6508,1.6621,1.6699,1.6651,1.6698,1.6451,1.6674,1.6324,1.6525,1.647,1.6408,1.6591,1.6476,1.6514,1.6417,1.6721,1.6335,1.6408,1.6445,1.6013,1.6102,1.6233,1.6369,1.6346,1.642,1.6289,1.6329,1.6476,1.653,1.6127,1.6345,1.6365,1.6646,1.649,1.6051,1.6435,1.6491,1.6698,1.6546,1.6435,1.6579,1.6676,1.672,1.657,1.6755,1.6542,1.6412,1.6563,1.6664,1.6556,1.6518,1.6423,1.6638,1.6712,1.6594,1.6541,1.6824,1.6732,1.6608,1.6741,1.669,1.6092,1.5989,1.6209,1.6271,1.6214,1.6343,1.6394,1.6262,1.6317,1.626,1.654,1.6493,1.6445,1.6469,1.6666,1.6438,1.6639,1.6498,1.6561,1.6454,1.6085,1.6437,1.6404,1.6336,1.6532,1.6376,1.6245,1.6045,1.6246,1.6625,1.6436,1.6526,1.6536,1.6517,1.6562,1.6571,1.6492,1.6514,1.652,1.6388,1.6317,1.6409,1.643,1.6551,1.6471,1.6624,1.6613,1.6688,1.6573,1.6568,1.6624,1.652,1.6535,1.6654,1.6629,1.6616,1.6657,1.6347,1.6506,1.6718,1.6691,1.6542,1.6646,1.6367,1.6329,1.6407,1.6574,1.6591,1.6607,1.6654,1.654,1.6785,1.6796,1.6415,1.6729,1.6813,1.6629,1.6751,1.6383,1.6471,1.67,1.6508,1.6522,1.6586,1.6185,1.5983,1.6033,1.657,1.6453,1.6191,1.6529,1.6454,1.6644,1.6605,1.6322,1.6696,1.6675,1.6677,1.6452,1.6295,1.6404,1.6479,1.6478,1.637,1.6254,0
HC_14,14,14,1.674,1.6762,1.674,1.6914,1.6737,1.6672,1.6655,1.6558,1.6795,1.685,1.6688,1.6643,1.6615,1.6726,1.6851,1.6772,1.7036,1.6988,1.6734,1.6527,1.6814,1.6689,1.6767,1.6615,1.6604,1.6678,1.6636,1.6332,1.6566,1.7006,1.6877,1.6657,1.6897,1.6694,1.693,1.702,1.6728,1.6983,1.6952,1.6838,1.6646,1.6593,1.6319,1.6544,1.6423,1.6398,1.6647,1.6734,1.6392,1.6478,1.691,1.6867,1.6897,1.6826,1.6816,1.6843,1.682,1.6875,1.697,1.6869,1.6784,1.6672,1.6766,1.6335,1.6366,1.6355,1.6623,1.6495,1.6442,1.6679,1.6583,1.6806,1.6834,1.6432,1.6726,1.6482,1.6794,1.6992,1.6748,1.6848,1.6768,1.6459,1.6442,1.6688,1.6722,1.6736,1.6448,1.6547,1.6955,1.6856,1.6677,1.6191,1.6773,1.6842,1.6555,1.7002,1.6731,1.6853,1.6872,1.673,1.6983,1.6928,1.6893,1.6947,1.6891,1.7084,1.7061,1.6892,1.6781,1.6948,1.7017,1.657,1.6237,1.6855,1.6868,1.7017,1.6836,1.6494,1.6699,1.6855,1.7016,1.7173,1.7036,1.6811,1.6997,1.7013,1.6743,1.6854,1.696,1.6395,1.6633,1.6966,1.6658,1.6533,1.661,1.6759,1.6864,1.6702,1.664,1.6979,1.7059,1.6791,1.6954,1.6774,1.7019,1.682,1.6853,1.6541,1.6527,1.634,1.6381,1.6661,1.6762,1.6067,1.5972,1.6545,1.6715,1.6779,1.6757,1.6723,1.668,1.6761,1.6688,1.6962,1.68,1.663,1.677,1.6868,1.7044,1.7099,1.6842,1.7035,1.7027,1.6899,1.6641,1.6184,1.7044,1.678,1.7003,1.6821,1.657,1.6899,1.6931,1.7167,1.7265,1.7003,1.6953,1.7134,1.7077,1.6506,1.6637,1.6407,1.686,1.6884,1.6765,1.6424,1.6271,1.6916,1.6749,1.6695,1.6806,1.6556,1.7025,1.7086,1.7058,1.7245,1.7059,1.6781,1.6832,1.7034,1.6677,1.6735,1.6736,1.6684,1.6776,1.6772,1.6768,1.6551,1.6931,1.6718,1.6704,1.6881,1.6708,1.7089,1.7117,1.703,1.7089,1.6869,1.6882,1.6914,1.6976,0
HC_15,15,15,1.5642,1.5861,1.5919,1.6174,1.5935,1.6284,1.617,1.6411,1.6121,1.6206,1.6347,1.646,1.6409,1.6417,1.6356,1.6629,1.664,1.6247,1.6561,1.6662,1.6503,1.6206,1.6113,1.5963,1.6261,1.6674,1.6588,1.6463,1.6406,1.6464,1.6875,1.6739,1.6587,1.658,1.6846,1.6457,1.6588,1.6463,1.6729,1.6807,1.6525,1.6653,1.6337,1.6397,1.613,1.6571,1.6616,1.6691,1.6428,1.6446,1.6496,1.6492,1.6695,1.6632,1.6838,1.6791,1.6888,1.706,1.6764,1.6756,1.6674,1.666,1.6731,1.6126,1.6171,1.5839,1.6287,1.6409,1.6579,1.6293,1.6015,1.6509,1.665,1.6625,1.6596,1.6663,1.6717,1.6746,1.6581,1.6619,1.6936,1.6575,1.6637,1.674,1.5839,1.5927,1.5449,1.6463,1.637,1.6373,1.6244,1.6339,1.6382,1.6481,1.6397,1.645,1.6468,1.6529,1.651,1.6699,1.6385,1.662,1.6527,1.6736,1.6789,1.6124,1.6501,1.6301,1.5904,1.6095,1.6633,1.6166,1.5565,1.6395,1.6616,1.6701,1.6413,1.6252,1.6488,1.6601,1.6637,1.6576,1.6788,1.6562,1.661,1.667,1.6243,1.6433,1.6345,1.5871,1.6388,1.6686,1.6485,1.6088,1.656,1.6503,1.6868,1.6313,1.6653,1.6519,1.6542,1.6611,1.6538,1.674,1.6789,1.6753,1.6678,1.6614,1.653,1.6302,1.6199,1.6952,1.7097,1.6362,1.5829,1.6577,1.6341,1.698,1.6479,1.6542,1.6892,1.6371,1.669,1.6775,1.6757,1.6882,1.6914,1.6969,1.6599,1.6593,1.635,1.656,1.6799,1.6758,1.631,1.6117,1.6612,1.6822,1.6941,1.643,1.6658,1.6731,1.6816,1.6877,1.6725,1.6891,1.6757,1.6776,1.6853,1.6651,1.6749,1.6614,1.6594,1.6781,1.692,1.688,1.6483,1.6636,1.6606,1.6878,1.6715,1.6388,1.7135,1.6794,1.6681,1.6494,1.691,1.707,1.6962,1.6937,1.6454,1.6646,1.648,1.661,1.7014,1.6947,1.6729,1.6264,1.6657,1.6882,1.6883,1.6578,1.6838,1.7178,1.6886,1.7024,1.6827,1.6944,1.7142,1.6978,1.7031,0
HC_16,16,16,1.6354,1.6399,1.6384,1.645,1.646,1.6521,1.6202,1.6097,1.6433,1.6367,1.6683,1.6816,1.6303,1.653,1.6074,1.6396,1.6183,1.6302,1.661,1.6659,1.6436,1.6097,1.6092,1.6198,1.6168,1.6505,1.642,1.6451,1.6809,1.6627,1.6869,1.6681,1.6567,1.6713,1.631,1.6387,1.6378,1.6508,1.6465,1.6488,1.6488,1.665,1.6498,1.6518,1.6592,1.6255,1.6512,1.6624,1.6803,1.6377,1.6666,1.6481,1.6514,1.658,1.6023,1.6399,1.6493,1.6586,1.6852,1.6526,1.6682,1.6402,1.6887,1.6432,1.6315,1.6366,1.6477,1.6338,1.6549,1.6538,1.648,1.6256,1.6393,1.6875,1.6511,1.6676,1.6683,1.6118,1.6441,1.6431,1.6764,1.6359,1.6423,1.6621,1.6481,1.6402,1.6451,1.6397,1.6725,1.6801,1.684,1.6807,1.6127,1.6678,1.6812,1.6483,1.6727,1.6623,1.6658,1.663,1.6813,1.6447,1.6601,1.657,1.6587,1.6379,1.6405,1.6487,1.6442,1.6506,1.6511,1.6298,1.6345,1.6546,1.6582,1.6222,1.6373,1.6633,1.6159,1.655,1.6588,1.6706,1.6572,1.6289,1.64,1.659,1.6421,1.6478,1.6665,1.633,1.6787,1.676,1.6514,1.6425,1.6595,1.6515,1.6504,1.6177,1.661,1.633,1.6672,1.6743,1.662,1.6462,1.6629,1.6737,1.6534,1.6357,1.6249,1.6512,1.657,1.655,1.6489,1.6483,1.6569,1.6639,1.6625,1.6535,1.627,1.6557,1.6365,1.6747,1.6692,1.6585,1.6878,1.6089,1.6215,1.6549,1.6773,1.6607,1.6652,1.6506,1.6689,1.6632,1.6364,1.6316,1.6394,1.6241,1.6478,1.6667,1.6353,1.6466,1.6609,1.6871,1.687,1.6525,1.6771,1.6517,1.6577,1.6436,1.629,1.6453,1.6674,1.6444,1.655,1.6355,1.6598,1.6542,1.6621,1.6541,1.6269,1.642,1.6588,1.6254,1.648,1.6156,1.6539,1.672,1.6818,1.668,1.644,1.6443,1.6544,1.6505,1.6861,1.6789,1.6592,1.6334,1.6473,1.6683,1.6566,1.6582,1.6217,1.6626,1.6631,1.6756,1.6702,1.6618,1.6715,1.6636,1.688,0
HC_17,17,17,1.6352,1.6178,1.6184,1.6488,1.6536,1.6343,1.6363,1.6207,1.634,1.6389,1.6735,1.6746,1.6545,1.6704,1.6396,1.6258,1.6528,1.6837,1.646,1.6337,1.635,1.6331,1.6304,1.6212,1.6334,1.643,1.646,1.6343,1.615,1.6291,1.6204,1.6474,1.6308,1.6497,1.6162,1.6477,1.6419,1.6387,1.6633,1.6806,1.6588,1.6589,1.6608,1.6561,1.6437,1.6405,1.6521,1.6656,1.6503,1.6221,1.6426,1.6413,1.6423,1.6258,1.6239,1.6585,1.6353,1.646,1.6537,1.6291,1.6451,1.6482,1.6498,1.6556,1.6552,1.6407,1.6253,1.6848,1.6655,1.6371,1.5898,1.6554,1.6545,1.6384,1.6311,1.6579,1.6666,1.6148,1.6548,1.6629,1.6643,1.6315,1.6716,1.6753,1.6423,1.6349,1.6266,1.6094,1.6394,1.6461,1.6061,1.5904,1.6545,1.6522,1.6424,1.6274,1.6647,1.6459,1.6394,1.6024,1.6782,1.6803,1.6509,1.653,1.6646,1.6321,1.6333,1.6295,1.6129,1.6428,1.6693,1.6679,1.6024,1.657,1.6605,1.6572,1.6543,1.6626,1.6732,1.6504,1.6473,1.6551,1.6792,1.66,1.6692,1.6756,1.6241,1.6115,1.6123,1.6032,1.6313,1.6221,1.6499,1.6292,1.6214,1.6696,1.6274,1.6484,1.637,1.6511,1.6436,1.6241,1.6541,1.6635,1.642,1.6344,1.6636,1.6354,1.6496,1.6766,1.6229,1.6206,1.6612,1.6764,1.6632,1.6476,1.675,1.6315,1.6661,1.6482,1.6746,1.6544,1.6448,1.6398,1.6428,1.6425,1.6297,1.6497,1.6191,1.6227,1.6282,1.6178,1.6371,1.6499,1.6485,1.6144,1.6631,1.6486,1.6465,1.6476,1.6558,1.6656,1.6209,1.6537,1.65,1.6351,1.6374,1.6382,1.6416,1.641,1.6409,1.6354,1.6259,1.6385,1.6333,1.6389,1.632,1.6141,1.6456,1.62,1.6493,1.6758,1.66,1.6222,1.65,1.63,1.6569,1.6872,1.6534,1.629,1.6113,1.6225,1.6373,1.6253,1.6214,1.634,1.6536,1.5805,1.6513,1.6394,1.6427,1.6293,1.6263,1.6387,1.6314,1.6079,1.6178,1.6148,1.6399,1.6436,1.6339,0
HC_18,18,18,1.6309,1.6414,1.6367,1.6457,1.668,1.6594,1.6727,1.6116,1.6343,1.6309,1.6694,1.6411,1.6074,1.6545,1.6353,1.6766,1.6769,1.6536,1.6583,1.6522,1.6716,1.6574,1.6765,1.669,1.6429,1.668,1.6536,1.6802,1.6485,1.6835,1.611,1.6693,1.6674,1.6271,1.654,1.6546,1.6722,1.6844,1.6554,1.6632,1.6563,1.6767,1.6359,1.6409,1.6422,1.6123,1.6618,1.6586,1.6751,1.6601,1.6416,1.6837,1.6655,1.6513,1.6508,1.671,1.6692,1.6375,1.665,1.6788,1.6696,1.6578,1.6751,1.6631,1.6604,1.657,1.6387,1.6435,1.6521,1.6328,1.6334,1.628,1.6379,1.669,1.6608,1.6389,1.6509,1.6692,1.6752,1.6792,1.6542,1.6725,1.6582,1.6593,1.6473,1.6339,1.6311,1.6409,1.6522,1.6598,1.6489,1.6165,1.6466,1.6421,1.6478,1.6649,1.6447,1.6445,1.6688,1.6611,1.67,1.6596,1.6559,1.6629,1.65,1.666,1.6646,1.6465,1.6339,1.6663,1.6628,1.657,1.6229,1.6393,1.645,1.6445,1.6515,1.6487,1.6435,1.6514,1.6515,1.6683,1.6629,1.6704,1.6784,1.668,1.6607,1.6765,1.6695,1.6492,1.669,1.6626,1.6491,1.628,1.6258,1.67,1.6623,1.6505,1.6268,1.6344,1.6768,1.6754,1.6721,1.6747,1.6625,1.6716,1.6706,1.6766,1.6745,1.6892,1.6724,1.6587,1.6777,1.6913,1.6673,1.6751,1.6556,1.6531,1.6545,1.6511,1.6627,1.6718,1.6821,1.6415,1.6541,1.6694,1.6652,1.6765,1.6492,1.6563,1.6487,1.6734,1.682,1.6801,1.6709,1.6685,1.6499,1.6722,1.6635,1.6524,1.6234,1.6658,1.6681,1.6647,1.6683,1.666,1.6768,1.6809,1.6603,1.64,1.6276,1.6351,1.6308,1.6433,1.6404,1.6563,1.6467,1.6407,1.6409,1.6667,1.652,1.6375,1.6376,1.6659,1.6802,1.6364,1.6398,1.639,1.6526,1.6572,1.668,1.6696,1.6519,1.6771,1.6532,1.6664,1.6639,1.6204,1.6906,1.6346,1.6592,1.6639,1.6167,1.6644,1.6427,1.6903,1.6742,1.6577,1.6697,1.6683,1.6695,0
AD_1,19,19,1.6443,1.658,1.6335,1.6598,1.668,1.6646,1.6944,1.7072,1.6836,1.6496,1.6612,1.7014,1.6954,1.6915,1.6324,1.6434,1.6592,1.6914,1.6989,1.6874,1.6794,1.636,1.6295,1.6485,1.6442,1.6473,1.6576,1.6655,1.6912,1.6664,1.6738,1.6548,1.6526,1.6717,1.6563,1.6659,1.6553,1.6582,1.667,1.6514,1.6599,1.6592,1.6664,1.674,1.668,1.6789,1.6669,1.6594,1.6567,1.6473,1.6829,1.6405,1.6756,1.6771,1.6532,1.6583,1.6397,1.6689,1.6751,1.6895,1.6655,1.6711,1.6637,1.6565,1.6409,1.6362,1.6575,1.6646,1.6314,1.6589,1.6573,1.6515,1.6563,1.647,1.6598,1.6605,1.654,1.656,1.6502,1.6474,1.6691,1.6544,1.6546,1.6555,1.6701,1.6823,1.6591,1.6868,1.6661,1.6465,1.6429,1.659,1.6665,1.6749,1.6813,1.654,1.6805,1.7048,1.6796,1.6903,1.6879,1.6822,1.6725,1.6767,1.6805,1.6236,1.6216,1.6249,1.6497,1.6532,1.6247,1.651,1.6574,1.6837,1.6582,1.6694,1.6823,1.6723,1.6677,1.6429,1.6486,1.6592,1.6443,1.6383,1.6212,1.6077,1.6045,1.6379,1.6351,1.6583,1.6619,1.6683,1.6881,1.6686,1.6863,1.6676,1.6677,1.6862,1.6757,1.685,1.6558,1.6691,1.6733,1.6654,1.6796,1.6713,1.653,1.6678,1.6658,1.6456,1.6575,1.6751,1.6578,1.6456,1.638,1.6658,1.661,1.6703,1.6707,1.649,1.65,1.6673,1.674,1.6722,1.6955,1.6698,1.6818,1.6749,1.6516,1.6761,1.6661,1.6739,1.6883,1.6886,1.6645,1.6771,1.6695,1.6852,1.7053,1.6645,1.6995,1.6802,1.6985,1.7127,1.7186,1.6981,1.676,1.6754,1.6811,1.6761,1.6513,1.6473,1.683,1.6715,1.6323,1.6549,1.6503,1.6733,1.6724,1.6804,1.6868,1.6644,1.6729,1.6527,1.6744,1.6824,1.7063,1.6578,1.6603,1.6584,1.6644,1.6651,1.6649,1.6683,1.6701,1.6333,1.6846,1.6856,1.6955,1.7041,1.6853,1.7076,1.7065,1.6898,1.6857,1.681,1.6837,1.698,1.6691,1.6534,1.65,1
AD_2,20,20,1.6367,1.6495,1.6127,1.6914,1.6817,1.6778,1.6819,1.6814,1.6899,1.6956,1.681,1.6822,1.7046,1.7125,1.7052,1.7027,1.7004,1.7021,1.6939,1.6741,1.6968,1.6339,1.6427,1.6218,1.6948,1.6923,1.6807,1.6922,1.6786,1.702,1.6978,1.6907,1.6911,1.702,1.7016,1.7039,1.7078,1.7147,1.7048,1.6923,1.6742,1.7082,1.6674,1.6762,1.6534,1.6763,1.6742,1.6679,1.674,1.6699,1.705,1.6974,1.6818,1.6836,1.6886,1.7072,1.7017,1.6858,1.6876,1.6932,1.7005,1.6765,1.6869,1.6572,1.6793,1.6638,1.6837,1.6712,1.6731,1.6881,1.6476,1.6935,1.6958,1.6716,1.6863,1.691,1.6862,1.6891,1.6824,1.7008,1.7088,1.677,1.6729,1.6989,1.6334,1.6358,1.6162,1.6554,1.6798,1.6797,1.6892,1.6499,1.6748,1.685,1.675,1.6882,1.6858,1.682,1.6975,1.6839,1.6789,1.6774,1.6797,1.67,1.6756,1.6562,1.6728,1.636,1.6528,1.698,1.7037,1.7052,1.6442,1.6748,1.6819,1.6973,1.6976,1.6785,1.6917,1.6792,1.6618,1.6907,1.7051,1.704,1.697,1.7027,1.6856,1.6949,1.6639,1.6806,1.7019,1.6959,1.699,1.6764,1.6924,1.6746,1.6755,1.697,1.669,1.7049,1.6883,1.6928,1.6999,1.6902,1.694,1.6801,1.695,1.6785,1.6833,1.6709,1.6687,1.6708,1.6612,1.6864,1.6739,1.6886,1.698,1.6615,1.6899,1.6793,1.6954,1.7106,1.6957,1.6936,1.6913,1.699,1.6854,1.6871,1.6403,1.6704,1.6428,1.6861,1.6903,1.6926,1.7139,1.6917,1.7046,1.6971,1.6808,1.7048,1.6988,1.7171,1.7363,1.6867,1.7034,1.7006,1.7064,1.6796,1.7062,1.6588,1.6674,1.6496,1.6668,1.6861,1.6697,1.6684,1.6647,1.6801,1.6842,1.6566,1.7006,1.6969,1.7007,1.7149,1.6787,1.7048,1.6927,1.6853,1.674,1.6951,1.6177,1.6278,1.6066,1.6725,1.6875,1.6782,1.6835,1.6857,1.6996,1.7107,1.6969,1.6787,1.6935,1.6959,1.7191,1.6912,1.6961,1.6997,1.686,1.6831,1.6955,1
AD_3,21,21,1.703,1.708,1.7254,1.6569,1.7046,1.7241,1.7302,1.7093,1.7299,1.6955,1.6971,1.7262,1.7181,1.7529,1.7445,1.7013,1.6999,1.7148,1.7398,1.7044,1.692,1.6706,1.6851,1.6823,1.6784,1.676,1.695,1.6988,1.6952,1.6977,1.7075,1.6475,1.6751,1.7008,1.706,1.7012,1.6717,1.6704,1.6948,1.6934,1.6761,1.6713,1.6621,1.6745,1.6908,1.6421,1.6771,1.7066,1.7125,1.6929,1.7112,1.715,1.6778,1.6982,1.7144,1.7299,1.7013,1.649,1.6767,1.6996,1.6955,1.6676,1.6688,1.6769,1.6875,1.7017,1.6539,1.6672,1.6979,1.7279,1.7276,1.7118,1.7014,1.6845,1.709,1.7088,1.7298,1.7447,1.6802,1.6807,1.6945,1.6965,1.6691,1.6873,1.7149,1.717,1.7028,1.6655,1.6835,1.7076,1.7105,1.7088,1.7274,1.6732,1.7117,1.7234,1.6796,1.754,1.7426,1.7258,1.7076,1.691,1.7075,1.6731,1.6702,1.6524,1.6438,1.6571,1.6566,1.6713,1.6813,1.7007,1.6579,1.6795,1.7007,1.6911,1.6968,1.6774,1.7348,1.7083,1.6629,1.6992,1.731,1.7114,1.6702,1.6916,1.6634,1.6788,1.6828,1.6298,1.6645,1.694,1.7079,1.7263,1.683,1.6998,1.6967,1.6934,1.7183,1.7246,1.7197,1.6951,1.7031,1.699,1.6946,1.6779,1.6885,1.6971,1.6978,1.7024,1.6759,1.6883,1.7111,1.7268,1.6953,1.6761,1.6909,1.6419,1.7038,1.7002,1.7081,1.7237,1.6872,1.703,1.6939,1.7008,1.6974,1.702,1.6902,1.7044,1.7009,1.6776,1.6697,1.6911,1.7023,1.7077,1.6637,1.6899,1.6743,1.6773,1.6912,1.7098,1.7034,1.7053,1.6668,1.6815,1.7023,1.6897,1.6802,1.6704,1.6651,1.6596,1.6903,1.6808,1.6809,1.6801,1.6713,1.6757,1.6592,1.6847,1.7082,1.6972,1.7188,1.7267,1.7078,1.6825,1.6536,1.6991,1.6993,1.6776,1.6532,1.6538,1.6663,1.6914,1.672,1.6664,1.6634,1.661,1.7085,1.6977,1.6393,1.6888,1.6939,1.6732,1.6694,1.6515,1.7059,1.7006,1.6507,1.635,1.6643,1
AD_4,22,22,1.7008,1.7083,1.6927,1.7019,1.7196,1.686,1.6991,1.6903,1.6797,1.6789,1.7014,1.7022,1.7321,1.7372,1.6853,1.6859,1.727,1.732,1.6778,1.689,1.7066,1.6794,1.679,1.6706,1.7022,1.6946,1.6624,1.7155,1.6706,1.6745,1.6665,1.7121,1.6741,1.7208,1.71,1.6858,1.6826,1.7189,1.7072,1.6548,1.6822,1.6998,1.7073,1.7233,1.7276,1.6864,1.7015,1.7057,1.7138,1.6953,1.679,1.7008,1.7226,1.7197,1.7279,1.7405,1.7265,1.7275,1.7151,1.7385,1.7185,1.6977,1.7041,1.6982,1.7105,1.7103,1.7233,1.7375,1.6854,1.7306,1.7057,1.7072,1.6997,1.7157,1.7169,1.7225,1.7473,1.7109,1.7088,1.7359,1.7401,1.7121,1.7219,1.72,1.6814,1.6789,1.6593,1.6938,1.7022,1.6556,1.6793,1.6486,1.6882,1.632,1.6997,1.6625,1.6957,1.712,1.6832,1.6863,1.734,1.7295,1.6759,1.6921,1.6958,1.6636,1.6636,1.6754,1.6801,1.6849,1.6724,1.6712,1.6552,1.686,1.6623,1.6884,1.6832,1.6993,1.6859,1.6724,1.6744,1.6697,1.6925,1.6737,1.6603,1.6736,1.7095,1.6915,1.6772,1.7054,1.7078,1.6544,1.7143,1.6689,1.6937,1.7036,1.7278,1.7178,1.7196,1.7263,1.6962,1.6939,1.7135,1.7073,1.6655,1.6679,1.6776,1.6975,1.6975,1.698,1.7007,1.6993,1.6396,1.6957,1.6939,1.6833,1.6628,1.6942,1.6845,1.7125,1.7437,1.7085,1.7059,1.7028,1.6942,1.697,1.6756,1.6755,1.7089,1.7162,1.7141,1.6974,1.7117,1.661,1.7105,1.6974,1.7113,1.6986,1.7449,1.7092,1.7354,1.7593,1.7259,1.7247,1.7372,1.7459,1.7029,1.7117,1.7189,1.7132,1.7143,1.7167,1.7087,1.7043,1.7091,1.7196,1.7294,1.6987,1.6974,1.7044,1.7059,1.7453,1.7529,1.7036,1.7019,1.7236,1.748,1.7227,1.7154,1.7207,1.7274,1.7402,1.7333,1.7168,1.7381,1.6905,1.7334,1.711,1.7194,1.6943,1.7103,1.7208,1.7208,1.751,1.7457,1.7438,1.717,1.7213,1.7134,1.7259,1.7086,1
AD_5,23,23,1.5544,1.5594,1.5572,1.5897,1.5966,1.6293,1.6471,1.6647,1.641,1.6283,1.6075,1.6521,1.6085,1.6313,1.6343,1.6478,1.5903,1.5878,1.6093,1.6066,1.5795,1.6037,1.5841,1.57,1.6741,1.7032,1.696,1.6561,1.6284,1.6295,1.6884,1.7078,1.6763,1.6712,1.6728,1.6695,1.6684,1.6914,1.6926,1.6807,1.685,1.6714,1.5821,1.5772,1.5717,1.667,1.6587,1.6527,1.6758,1.6931,1.6883,1.6822,1.663,1.684,1.665,1.6767,1.6783,1.6623,1.6671,1.6508,1.672,1.6626,1.658,1.6156,1.612,1.5948,1.6458,1.6764,1.6859,1.6694,1.6592,1.686,1.6623,1.6867,1.6765,1.6666,1.7023,1.7031,1.6666,1.6505,1.6494,1.6849,1.643,1.6397,1.6433,1.6416,1.6291,1.684,1.6899,1.6832,1.6702,1.6724,1.6723,1.7024,1.6911,1.683,1.6826,1.6705,1.6635,1.6424,1.6748,1.6767,1.6732,1.677,1.6841,1.6517,1.6553,1.6527,1.6642,1.6969,1.6902,1.6584,1.6466,1.6562,1.6942,1.6975,1.6796,1.7102,1.6819,1.6813,1.6826,1.7006,1.7086,1.6881,1.6926,1.6982,1.6358,1.6369,1.6289,1.6555,1.6796,1.678,1.664,1.6767,1.6694,1.6943,1.6831,1.6784,1.6512,1.648,1.6476,1.6627,1.6847,1.679,1.6532,1.6607,1.6619,1.6741,1.6801,1.6616,1.6685,1.6938,1.685,1.6686,1.6642,1.6739,1.6689,1.6885,1.6757,1.682,1.6793,1.6806,1.675,1.6816,1.688,1.6775,1.6778,1.6826,1.6577,1.6606,1.6677,1.5984,1.6741,1.6834,1.6613,1.614,1.6317,1.639,1.6825,1.6296,1.6351,1.678,1.6732,1.6593,1.6619,1.6667,1.6942,1.6379,1.6695,1.6539,1.6571,1.6503,1.649,1.6696,1.6736,1.6566,1.6352,1.6594,1.6391,1.6641,1.6492,1.6489,1.6309,1.6344,1.666,1.6629,1.657,1.6367,1.6289,1.6412,1.6532,1.6837,1.684,1.6339,1.6815,1.7066,1.7122,1.6753,1.6501,1.6749,1.681,1.677,1.6774,1.6904,1.6885,1.6766,1.6888,1.6854,1.6774,1.674,1.6889,1
AD_6,24,24,1.6091,1.6169,1.6284,1.6198,1.6176,1.6298,1.6497,1.6324,1.6505,1.648,1.6748,1.6502,1.6116,1.665,1.6491,1.6324,1.6489,1.6597,1.6539,1.6582,1.6563,1.6038,1.5966,1.6025,1.5898,1.609,1.6133,1.6074,1.5968,1.6162,1.6368,1.6508,1.6724,1.6346,1.6403,1.6176,1.605,1.6355,1.6493,1.6021,1.5979,1.6122,1.6115,1.6328,1.6462,1.638,1.635,1.6463,1.6732,1.6523,1.6571,1.6758,1.6644,1.6494,1.6683,1.6358,1.6574,1.6689,1.651,1.6708,1.644,1.6592,1.6607,1.6312,1.6289,1.6276,1.6654,1.6454,1.638,1.6201,1.6277,1.6464,1.6747,1.6556,1.6504,1.6713,1.6721,1.6683,1.6643,1.666,1.6669,1.65,1.6477,1.6384,1.6433,1.6521,1.6534,1.6038,1.6091,1.6469,1.6385,1.6192,1.6082,1.6285,1.6139,1.6514,1.6018,1.6375,1.6308,1.6306,1.6411,1.6267,1.6335,1.6352,1.6358,1.658,1.6555,1.6562,1.6835,1.6792,1.675,1.6643,1.6629,1.6858,1.6769,1.6682,1.7099,1.656,1.6702,1.6769,1.6719,1.6686,1.6837,1.6766,1.678,1.6748,1.6321,1.6362,1.6288,1.6501,1.6592,1.6559,1.6339,1.611,1.6324,1.664,1.6369,1.6642,1.6537,1.6642,1.6551,1.6431,1.6418,1.6725,1.6706,1.6681,1.6592,1.6056,1.6209,1.6287,1.6433,1.6167,1.6365,1.649,1.6559,1.6473,1.6752,1.6427,1.6514,1.6727,1.6681,1.669,1.6648,1.6584,1.6501,1.666,1.6615,1.6593,1.6247,1.6257,1.6267,1.6307,1.6343,1.6519,1.6675,1.6341,1.6501,1.6688,1.6406,1.6522,1.6856,1.6774,1.6768,1.6623,1.6382,1.675,1.676,1.6642,1.6566,1.626,1.6424,1.6423,1.6215,1.6635,1.6691,1.6466,1.6474,1.6659,1.6738,1.6941,1.6809,1.6687,1.6914,1.6827,1.6674,1.6657,1.6767,1.6767,1.6747,1.668,1.6197,1.617,1.6111,1.6482,1.6292,1.6455,1.649,1.6596,1.6662,1.6679,1.6628,1.6688,1.6785,1.674,1.665,1.6607,1.6758,1.6861,1.6604,1.6466,1.6761,1
AD_7,25,25,1.6816,1.6617,1.637,1.6738,1.6756,1.6722,1.659,1.6614,1.6497,1.6389,1.6504,1.6441,1.6904,1.6867,1.6613,1.6672,1.6748,1.6884,1.655,1.6809,1.6755,1.6154,1.6159,1.6163,1.6776,1.6503,1.6785,1.6651,1.6535,1.7035,1.6506,1.6683,1.6658,1.6697,1.7019,1.666,1.6485,1.6878,1.7011,1.675,1.6665,1.6498,1.6656,1.6673,1.6651,1.6706,1.6733,1.689,1.6645,1.6602,1.6728,1.6696,1.6624,1.6575,1.6886,1.6841,1.6823,1.6781,1.68,1.6934,1.674,1.6667,1.6775,1.6798,1.6922,1.6913,1.6453,1.6808,1.7111,1.6975,1.6876,1.6636,1.683,1.6507,1.6656,1.6848,1.6962,1.7107,1.6863,1.6886,1.6971,1.6761,1.6813,1.6834,1.6215,1.6194,1.6104,1.6268,1.6171,1.6608,1.6377,1.6428,1.6182,1.6324,1.6201,1.6331,1.6518,1.6286,1.6442,1.6207,1.6467,1.6684,1.6246,1.6355,1.6456,1.6856,1.7032,1.6774,1.6657,1.6929,1.7091,1.6891,1.6821,1.6497,1.6698,1.6738,1.6679,1.6883,1.6941,1.6846,1.6934,1.683,1.6985,1.6878,1.6969,1.6971,1.6074,1.6004,1.5912,1.5925,1.5929,1.6239,1.6451,1.6233,1.5945,1.563,1.5945,1.6044,1.5884,1.6517,1.6141,1.5899,1.6039,1.6125,1.6638,1.6452,1.6317,1.6393,1.6355,1.6266,1.6544,1.6429,1.6721,1.652,1.6471,1.6319,1.6619,1.6267,1.653,1.6633,1.6887,1.6544,1.6251,1.6527,1.6815,1.6708,1.6783,1.6888,1.6199,1.6153,1.6434,1.6707,1.6479,1.6746,1.7081,1.6737,1.6769,1.6521,1.6718,1.6519,1.6616,1.6576,1.6485,1.6751,1.6647,1.6704,1.6755,1.673,1.6713,1.5996,1.5954,1.5901,1.6303,1.6389,1.6649,1.6452,1.5988,1.6362,1.6198,1.6105,1.6188,1.5946,1.6487,1.6308,1.5683,1.6333,1.6389,1.6313,1.6334,1.6489,1.589,1.5715,1.5689,1.6069,1.5895,1.5712,1.6251,1.6194,1.6198,1.5876,1.6209,1.6204,1.6117,1.6435,1.6283,1.6055,1.6064,1.632,1.6285,1.6131,1.5983,1
AD_8,26,26,1.6345,1.6551,1.6643,1.6674,1.6563,1.6708,1.6539,1.6545,1.6654,1.6582,1.6614,1.6708,1.6528,1.6754,1.6844,1.6693,1.6677,1.6666,1.6772,1.68,1.6707,1.639,1.6451,1.641,1.6676,1.6744,1.6569,1.6281,1.6476,1.6821,1.6834,1.6578,1.6756,1.6595,1.6868,1.6596,1.6502,1.6576,1.6747,1.6582,1.6502,1.6507,1.5721,1.5869,1.5919,1.6666,1.6819,1.6725,1.6751,1.6842,1.655,1.6555,1.6557,1.669,1.6845,1.6881,1.6742,1.6726,1.6714,1.6833,1.7027,1.6903,1.6866,1.6388,1.6371,1.6502,1.6512,1.6837,1.6876,1.6796,1.6566,1.6654,1.6874,1.6954,1.6712,1.6741,1.6897,1.6741,1.6717,1.6695,1.684,1.6982,1.6964,1.6892,1.6234,1.6364,1.6131,1.6621,1.6712,1.6529,1.6504,1.6462,1.6788,1.6915,1.704,1.6845,1.6675,1.6883,1.6717,1.6574,1.6571,1.6799,1.6765,1.6784,1.673,1.6636,1.6562,1.6349,1.6985,1.7041,1.6857,1.683,1.6662,1.6883,1.6916,1.6912,1.6887,1.6882,1.6963,1.6832,1.6856,1.6893,1.6975,1.6711,1.6944,1.6899,1.6168,1.6394,1.6397,1.6593,1.6811,1.6883,1.6797,1.65,1.679,1.6602,1.6674,1.6733,1.6632,1.6844,1.6637,1.6519,1.6685,1.6583,1.6924,1.6941,1.6918,1.6453,1.6494,1.6506,1.6787,1.6826,1.6724,1.6601,1.6478,1.6941,1.6827,1.6663,1.6766,1.67,1.6806,1.6766,1.6604,1.6671,1.6659,1.6555,1.6725,1.6715,1.6535,1.6531,1.6349,1.626,1.6811,1.6754,1.6512,1.6847,1.6739,1.6854,1.6742,1.6703,1.6888,1.673,1.6729,1.6637,1.6662,1.6869,1.6756,1.6833,1.6838,1.6641,1.653,1.6195,1.681,1.6703,1.6712,1.6456,1.626,1.6288,1.6847,1.6916,1.6519,1.6726,1.6804,1.6878,1.6713,1.67,1.6778,1.6845,1.6737,1.68,1.6476,1.6519,1.6279,1.6718,1.6897,1.6988,1.6591,1.6338,1.6763,1.6816,1.6979,1.6537,1.6797,1.6793,1.675,1.6685,1.6814,1.7143,1.6788,1.6793,1.6955,1
AD_9,27,27,1.6654,1.6492,1.6643,1.6329,1.6883,1.6811,1.6644,1.635,1.6301,1.6781,1.6776,1.6612,1.6785,1.6638,1.6888,1.6689,1.696,1.6996,1.6522,1.6695,1.6929,1.6264,1.6225,1.6191,1.6496,1.6714,1.6702,1.6629,1.6261,1.6281,1.6566,1.6695,1.6631,1.6598,1.6547,1.6568,1.6586,1.6811,1.7005,1.6861,1.7051,1.7137,1.666,1.6536,1.6529,1.6769,1.6779,1.6751,1.6801,1.6514,1.6552,1.6742,1.6531,1.6878,1.6705,1.659,1.6633,1.6461,1.6882,1.6969,1.6761,1.6882,1.7101,1.6663,1.679,1.6887,1.6679,1.6932,1.7032,1.6923,1.6665,1.6376,1.6767,1.6929,1.6757,1.6855,1.6476,1.6634,1.6583,1.6957,1.7123,1.6819,1.6999,1.7126,1.6553,1.658,1.6494,1.6552,1.6884,1.6921,1.6696,1.6456,1.6514,1.6953,1.6833,1.6744,1.678,1.665,1.6808,1.6827,1.7056,1.7104,1.69,1.6945,1.7077,1.6487,1.6664,1.6807,1.662,1.6861,1.6872,1.6878,1.6584,1.6378,1.6502,1.6909,1.6818,1.6787,1.6661,1.6668,1.6713,1.685,1.6937,1.6848,1.6845,1.6957,1.6551,1.6553,1.6659,1.6794,1.6668,1.6737,1.6686,1.6589,1.6603,1.6853,1.6516,1.6712,1.6757,1.6595,1.6903,1.68,1.6844,1.7003,1.67,1.6762,1.6961,1.6512,1.6553,1.6821,1.6655,1.6731,1.671,1.6859,1.6775,1.6455,1.6795,1.6546,1.6846,1.6539,1.6808,1.7081,1.6792,1.6872,1.699,1.6827,1.6783,1.7061,1.6707,1.6579,1.6718,1.6373,1.6689,1.6868,1.682,1.674,1.6381,1.6519,1.6687,1.64,1.6593,1.6619,1.6656,1.6701,1.689,1.6952,1.6791,1.6875,1.6938,1.6688,1.6773,1.6702,1.6641,1.6866,1.6964,1.6812,1.6631,1.6344,1.6824,1.6904,1.6963,1.674,1.6637,1.7055,1.6951,1.7021,1.7094,1.6931,1.6935,1.7031,1.6662,1.6732,1.6676,1.6493,1.6682,1.6886,1.6783,1.6488,1.6431,1.6582,1.6748,1.6549,1.6523,1.6365,1.6426,1.6561,1.6685,1.6926,1.679,1.6851,1.693,1
AD_10,28,28,1.6577,1.6639,1.6844,1.6319,1.6345,1.6458,1.6629,1.7007,1.6489,1.6382,1.642,1.6498,1.6464,1.6635,1.6773,1.6415,1.6482,1.6206,1.6681,1.6692,1.6406,1.6226,1.6556,1.6663,1.6247,1.6278,1.6277,1.6498,1.6777,1.6273,1.6353,1.671,1.6702,1.6344,1.6599,1.6731,1.6491,1.6229,1.6014,1.6259,1.6225,1.6087,1.6438,1.6531,1.6493,1.617,1.6572,1.6511,1.6732,1.638,1.6235,1.6609,1.6731,1.6566,1.6739,1.6419,1.6654,1.6538,1.6421,1.6483,1.642,1.6397,1.6477,1.6161,1.6071,1.6237,1.643,1.6442,1.6306,1.6426,1.6547,1.6558,1.6847,1.6344,1.6834,1.655,1.6556,1.6581,1.6301,1.672,1.6673,1.6411,1.6313,1.6423,1.6352,1.6438,1.6521,1.632,1.671,1.6336,1.6459,1.6574,1.6114,1.6616,1.6332,1.6119,1.6097,1.6314,1.6544,1.6681,1.6591,1.6035,1.6397,1.6324,1.6231,1.6465,1.6405,1.6404,1.6521,1.6469,1.6139,1.6094,1.6357,1.6341,1.6638,1.6414,1.6062,1.6546,1.6289,1.6522,1.6897,1.6691,1.6319,1.6086,1.6231,1.6337,1.6589,1.6028,1.5954,1.6662,1.6511,1.599,1.5816,1.588,1.6219,1.6359,1.6676,1.6324,1.6074,1.6252,1.631,1.6238,1.6411,1.6277,1.5801,1.5647,1.5882,1.6326,1.6302,1.6443,1.6443,1.649,1.6092,1.645,1.6685,1.6166,1.6989,1.6111,1.668,1.643,1.6639,1.6732,1.6741,1.6721,1.6129,1.626,1.6232,1.6145,1.6325,1.653,1.6408,1.655,1.6512,1.6397,1.6475,1.6461,1.6715,1.6434,1.6372,1.6572,1.6314,1.6579,1.6774,1.6516,1.6648,1.6392,1.6458,1.6539,1.6535,1.6558,1.6599,1.6582,1.6445,1.664,1.6653,1.6762,1.6594,1.6631,1.6601,1.6451,1.6757,1.6583,1.6743,1.6855,1.6434,1.6644,1.6628,1.6443,1.6432,1.661,1.6615,1.6602,1.6464,1.6542,1.653,1.6469,1.6541,1.6549,1.6399,1.6695,1.6523,1.6879,1.6403,1.6942,1.6991,1.6142,1.6169,1.627,1.6841,1.6566,1.643,1
AD_11,29,29,1.6212,1.6494,1.6463,1.6216,1.6533,1.6582,1.6636,1.6334,1.6544,1.6799,1.6723,1.639,1.6674,1.6825,1.6749,1.6466,1.6528,1.6841,1.661,1.6805,1.6851,1.6672,1.6747,1.6758,1.6596,1.6465,1.6633,1.6736,1.6665,1.6233,1.6515,1.6595,1.6811,1.6476,1.6803,1.6522,1.6694,1.6771,1.6726,1.6722,1.6442,1.655,1.6613,1.6487,1.663,1.6727,1.693,1.6957,1.6797,1.6544,1.6877,1.6646,1.6561,1.6554,1.6556,1.6792,1.6593,1.6681,1.6714,1.6997,1.6778,1.662,1.6843,1.7015,1.6979,1.6879,1.6425,1.6821,1.6863,1.6667,1.6506,1.6666,1.6713,1.6495,1.6156,1.6611,1.6767,1.6528,1.6816,1.6772,1.6881,1.6891,1.68,1.6826,1.674,1.6577,1.6368,1.6389,1.672,1.6687,1.6429,1.613,1.6339,1.6659,1.6725,1.6634,1.6523,1.6603,1.6547,1.6562,1.6599,1.6853,1.6536,1.6699,1.6786,1.7056,1.7006,1.6704,1.679,1.6817,1.6707,1.6889,1.6635,1.6427,1.6767,1.6768,1.6934,1.6563,1.689,1.6709,1.6689,1.673,1.6873,1.6919,1.6788,1.6908,1.644,1.6502,1.6403,1.6519,1.6671,1.6582,1.6355,1.6461,1.6406,1.6695,1.6662,1.6668,1.6563,1.6932,1.6671,1.6832,1.6545,1.6581,1.6657,1.6792,1.6687,1.6237,1.666,1.6709,1.6239,1.6805,1.6857,1.6652,1.6472,1.6293,1.6818,1.6622,1.686,1.6714,1.6871,1.6632,1.6565,1.6827,1.6885,1.6869,1.683,1.6747,1.6716,1.6714,1.6593,1.6462,1.6882,1.6713,1.6747,1.6222,1.6151,1.6766,1.6482,1.6171,1.6729,1.6906,1.6774,1.6384,1.6816,1.6881,1.6848,1.6732,1.6836,1.6678,1.6447,1.6279,1.6519,1.6572,1.661,1.6416,1.6555,1.6284,1.6419,1.6458,1.6469,1.663,1.6483,1.6486,1.63,1.6903,1.6723,1.6448,1.6238,1.6498,1.6689,1.6723,1.6661,1.6606,1.67,1.6774,1.6514,1.6351,1.6439,1.6547,1.6447,1.6357,1.6658,1.6615,1.6651,1.6445,1.6623,1.6998,1.6706,1.6717,1.6832,1
AD_12,30,30,1.6281,1.6235,1.6249,1.6715,1.6654,1.6535,1.6625,1.6692,1.6697,1.6924,1.6593,1.6762,1.684,1.6737,1.696,1.6675,1.6849,1.6981,1.6466,1.6525,1.6785,1.674,1.6867,1.6752,1.6945,1.6958,1.6979,1.6799,1.6832,1.6945,1.689,1.6585,1.6711,1.6874,1.6825,1.695,1.6968,1.7173,1.6974,1.6776,1.6894,1.6972,1.6561,1.6637,1.6649,1.6797,1.6773,1.697,1.6697,1.6727,1.7075,1.7004,1.6717,1.6926,1.7033,1.7081,1.6956,1.6753,1.7007,1.7047,1.703,1.707,1.7041,1.6343,1.6414,1.6317,1.6816,1.6765,1.6946,1.703,1.6868,1.7,1.6838,1.6754,1.694,1.6759,1.719,1.7185,1.6796,1.699,1.6754,1.6848,1.6784,1.6871,1.671,1.6541,1.6218,1.6891,1.6869,1.6818,1.6682,1.6605,1.6788,1.6704,1.6714,1.6865,1.6821,1.6784,1.6747,1.6881,1.6927,1.7025,1.6932,1.7035,1.6862,1.6473,1.6526,1.6428,1.6732,1.6849,1.6761,1.6709,1.6742,1.6923,1.6761,1.6484,1.6762,1.6778,1.6915,1.6902,1.6604,1.6808,1.6863,1.6857,1.6706,1.6653,1.6562,1.6724,1.6712,1.6354,1.663,1.6828,1.6822,1.6725,1.6781,1.6843,1.6745,1.6894,1.6765,1.7197,1.7028,1.6716,1.6759,1.6962,1.6935,1.6821,1.6764,1.66,1.6702,1.6707,1.6724,1.6757,1.6762,1.6824,1.6696,1.6915,1.7094,1.6955,1.681,1.6934,1.6895,1.6895,1.6818,1.6905,1.7048,1.6726,1.6788,1.6942,1.653,1.6537,1.6591,1.67,1.6685,1.6784,1.6881,1.6917,1.6962,1.6701,1.6888,1.6912,1.6785,1.6981,1.6916,1.6632,1.6912,1.6882,1.6764,1.6729,1.6841,1.6612,1.6688,1.663,1.6574,1.6672,1.6845,1.6895,1.7012,1.6898,1.6804,1.6743,1.6801,1.6924,1.6961,1.6941,1.6696,1.6939,1.6854,1.665,1.677,1.694,1.6397,1.6437,1.6438,1.6771,1.673,1.6603,1.6486,1.6517,1.6865,1.6823,1.6357,1.6511,1.6756,1.6812,1.6794,1.6731,1.6864,1.6933,1.6665,1.6726,1.6907,1
AD_13,31,31,1.6871,1.6928,1.6807,1.6593,1.685,1.6959,1.708,1.6626,1.6572,1.6834,1.702,1.6805,1.6622,1.6846,1.6873,1.6571,1.6711,1.6865,1.6756,1.6654,1.6739,1.6447,1.6533,1.6615,1.6565,1.6931,1.7094,1.6881,1.6466,1.709,1.653,1.6802,1.6797,1.6328,1.7088,1.6518,1.6502,1.6599,1.685,1.6877,1.6637,1.6553,1.6783,1.6908,1.6859,1.6655,1.6854,1.6928,1.6906,1.6554,1.6708,1.6715,1.6973,1.6964,1.6594,1.6801,1.6485,1.6629,1.6721,1.6652,1.6657,1.6667,1.6723,1.6392,1.6476,1.6446,1.6525,1.6721,1.6719,1.6666,1.6476,1.6629,1.6889,1.6976,1.6791,1.6779,1.6856,1.6581,1.6549,1.6675,1.6947,1.6818,1.6851,1.6755,1.6752,1.6684,1.6562,1.6372,1.6869,1.7116,1.6938,1.6537,1.6485,1.6511,1.6942,1.6532,1.6586,1.6703,1.6711,1.6337,1.6334,1.6615,1.6806,1.6676,1.661,1.6917,1.6848,1.6786,1.6859,1.719,1.7033,1.6893,1.6512,1.64,1.6889,1.6663,1.6655,1.6576,1.6833,1.6801,1.6762,1.6896,1.678,1.6971,1.7009,1.7092,1.6573,1.6607,1.6605,1.6712,1.6977,1.7102,1.6817,1.6638,1.6524,1.6734,1.6792,1.6616,1.6674,1.6719,1.6757,1.6939,1.6911,1.6845,1.6915,1.6771,1.6931,1.6744,1.6706,1.6641,1.6787,1.6807,1.6945,1.6783,1.6687,1.6978,1.6984,1.7065,1.6908,1.6946,1.7045,1.6971,1.7,1.6918,1.6952,1.6787,1.6626,1.6729,1.6653,1.6369,1.6422,1.6853,1.6863,1.6892,1.6713,1.6302,1.6644,1.626,1.6762,1.6695,1.629,1.6434,1.6515,1.6525,1.6691,1.6807,1.6566,1.6698,1.6754,1.6431,1.6619,1.6675,1.6414,1.6732,1.6854,1.6674,1.6628,1.647,1.6564,1.6792,1.6646,1.6681,1.6685,1.6727,1.6486,1.649,1.6842,1.6671,1.6526,1.6665,1.6918,1.6744,1.6712,1.6681,1.6916,1.6898,1.6848,1.6672,1.6566,1.6867,1.6903,1.6693,1.6559,1.6999,1.6875,1.654,1.6676,1.6896,1.699,1.6995,1.7011,1
AD_14,32,32,1.6505,1.651,1.6269,1.626,1.6236,1.6365,1.6269,1.5957,1.6302,1.6333,1.6507,1.6498,1.613,1.6237,1.5832,1.5872,1.6181,1.6272,1.6042,1.6194,1.6399,1.6606,1.6651,1.656,1.6484,1.6696,1.6639,1.656,1.6499,1.6185,1.659,1.674,1.6582,1.6447,1.6624,1.6557,1.677,1.6559,1.653,1.6553,1.6336,1.6437,1.6288,1.6481,1.6455,1.6445,1.6385,1.6701,1.6737,1.6767,1.6689,1.6619,1.694,1.6683,1.6461,1.6476,1.6724,1.6839,1.6645,1.6577,1.6514,1.6567,1.6519,1.6418,1.642,1.624,1.6367,1.6569,1.6654,1.65,1.6183,1.6444,1.6561,1.6565,1.6518,1.6527,1.662,1.6443,1.63,1.6611,1.679,1.6583,1.6519,1.6644,1.6396,1.6389,1.6348,1.6369,1.6539,1.658,1.6584,1.6629,1.6655,1.6902,1.6698,1.6466,1.6706,1.6651,1.6423,1.6381,1.6498,1.685,1.6591,1.6427,1.6594,1.6052,1.6167,1.6078,1.658,1.6403,1.6478,1.6591,1.6983,1.6442,1.6434,1.6354,1.6781,1.6264,1.6591,1.6479,1.6558,1.6309,1.6362,1.6592,1.6554,1.6488,1.6167,1.6002,1.602,1.6656,1.6313,1.6326,1.6345,1.6278,1.6696,1.6333,1.7085,1.7036,1.6331,1.6837,1.6379,1.654,1.6277,1.6192,1.6649,1.634,1.6244,1.6317,1.625,1.6391,1.6519,1.6361,1.6432,1.6406,1.6686,1.6411,1.6912,1.6942,1.6643,1.6788,1.6402,1.6403,1.6446,1.6495,1.6808,1.65,1.6456,1.6475,1.6369,1.639,1.6186,1.6409,1.6553,1.6335,1.6386,1.6423,1.6428,1.6584,1.6521,1.6475,1.616,1.6578,1.6563,1.6683,1.6533,1.6487,1.6408,1.6365,1.6426,1.6653,1.6663,1.6734,1.6373,1.6573,1.6642,1.6778,1.6628,1.6475,1.6742,1.6924,1.6608,1.6516,1.688,1.6527,1.6741,1.6627,1.6731,1.6831,1.6541,1.6673,1.6218,1.6122,1.6053,1.6469,1.6504,1.6408,1.6147,1.6146,1.5844,1.6461,1.6852,1.6704,1.643,1.6309,1.6294,1.6209,1.6159,1.6364,1.6464,1.6137,1.6206,1
AD_15,33,33,1.6544,1.6588,1.6575,1.6247,1.6818,1.6808,1.6866,1.6653,1.6674,1.6591,1.6779,1.653,1.6597,1.6853,1.6569,1.6722,1.6786,1.6595,1.6757,1.6577,1.6636,1.6434,1.6701,1.6849,1.6519,1.6591,1.6759,1.6804,1.6789,1.6462,1.6831,1.663,1.6689,1.6548,1.6621,1.6755,1.6618,1.6898,1.6759,1.6608,1.6502,1.6643,1.6658,1.6636,1.6725,1.6648,1.6799,1.6739,1.6674,1.687,1.669,1.6764,1.6616,1.6679,1.6618,1.6683,1.6746,1.6668,1.6833,1.6549,1.6729,1.6844,1.6894,1.6509,1.656,1.6319,1.6741,1.6797,1.6806,1.6658,1.6352,1.6744,1.6552,1.6314,1.6806,1.6646,1.6707,1.6861,1.6739,1.6686,1.6812,1.6557,1.634,1.6353,1.6816,1.6563,1.656,1.6679,1.6782,1.6675,1.7017,1.6603,1.6448,1.6591,1.6392,1.6385,1.6562,1.6569,1.6902,1.6945,1.7041,1.669,1.6722,1.6679,1.6681,1.6545,1.6526,1.6285,1.6675,1.6664,1.6672,1.6395,1.6607,1.6825,1.6556,1.6606,1.6401,1.671,1.667,1.6659,1.626,1.6725,1.6556,1.6292,1.634,1.643,1.6504,1.6621,1.6582,1.6532,1.6765,1.6816,1.6956,1.6756,1.6505,1.6672,1.6633,1.6469,1.6643,1.6681,1.6761,1.6813,1.674,1.6654,1.6707,1.6792,1.6608,1.6559,1.6802,1.693,1.6483,1.6735,1.6807,1.6944,1.6764,1.6602,1.6717,1.6683,1.6695,1.6748,1.6938,1.7133,1.6978,1.6976,1.6832,1.6989,1.6808,1.6615,1.653,1.6509,1.6537,1.6513,1.6567,1.6648,1.6745,1.6785,1.6762,1.6729,1.6634,1.6646,1.6802,1.6683,1.6845,1.6647,1.6705,1.684,1.6462,1.6517,1.6799,1.6295,1.6259,1.6307,1.6494,1.6418,1.6954,1.6791,1.6484,1.6649,1.6461,1.6816,1.6623,1.6482,1.6837,1.6699,1.6857,1.6612,1.667,1.6771,1.6605,1.6661,1.6345,1.6372,1.643,1.6295,1.6654,1.6535,1.6683,1.6469,1.6397,1.6333,1.6584,1.6679,1.6867,1.68,1.6874,1.667,1.6747,1.6615,1.6703,1.6419,1.6507,1
AD_16,34,34,1.6791,1.672,1.675,1.6671,1.6595,1.645,1.6648,1.686,1.678,1.6914,1.6416,1.6578,1.6975,1.6501,1.6844,1.6693,1.6692,1.6916,1.6562,1.6525,1.6704,1.6741,1.6791,1.658,1.6888,1.6679,1.659,1.6702,1.6711,1.6873,1.6998,1.6804,1.6826,1.6673,1.6834,1.694,1.6847,1.6898,1.6756,1.6708,1.6704,1.6821,1.6309,1.6472,1.6621,1.6697,1.6259,1.6403,1.6598,1.6729,1.6891,1.6717,1.6596,1.6627,1.6711,1.6379,1.6772,1.6794,1.6669,1.6661,1.6361,1.638,1.6447,1.6448,1.6486,1.6425,1.6752,1.6661,1.6591,1.6604,1.6763,1.6886,1.6794,1.6746,1.6847,1.7015,1.6712,1.6946,1.6913,1.6922,1.6913,1.6785,1.669,1.6589,1.6815,1.669,1.6505,1.7066,1.7022,1.6838,1.6563,1.6636,1.7107,1.7096,1.7039,1.6885,1.7246,1.7024,1.6595,1.6649,1.6927,1.7077,1.6795,1.696,1.7089,1.6481,1.6663,1.6855,1.6669,1.6445,1.6676,1.6812,1.679,1.6783,1.6708,1.665,1.6713,1.6791,1.6825,1.6767,1.675,1.6821,1.6801,1.6669,1.6671,1.6656,1.6923,1.6924,1.6877,1.7008,1.7004,1.7093,1.7009,1.6877,1.7041,1.7022,1.6977,1.6866,1.6552,1.6961,1.694,1.7191,1.7164,1.6981,1.7028,1.7049,1.6978,1.6784,1.6882,1.6852,1.6623,1.6316,1.6656,1.6906,1.6886,1.6898,1.6696,1.6904,1.6836,1.6686,1.6612,1.7048,1.6847,1.6572,1.6755,1.6798,1.6727,1.6649,1.6882,1.6904,1.7003,1.7059,1.6944,1.6701,1.6923,1.7062,1.6951,1.7036,1.6606,1.7027,1.7118,1.6762,1.6932,1.6851,1.7045,1.7035,1.6922,1.6937,1.6861,1.6781,1.681,1.6733,1.6998,1.6586,1.6676,1.7079,1.6865,1.724,1.6723,1.662,1.7218,1.6708,1.6993,1.7152,1.6776,1.7037,1.6842,1.692,1.6651,1.6633,1.694,1.6947,1.6925,1.6775,1.662,1.6775,1.7037,1.7042,1.6964,1.6863,1.6733,1.6907,1.6914,1.6914,1.6953,1.6836,1.675,1.6784,1.689,1.676,1.6649,1
AD_17,35,35,1.6529,1.6711,1.6603,1.6777,1.6476,1.6613,1.6647,1.6682,1.6413,1.6537,1.648,1.6455,1.6528,1.6763,1.6744,1.6694,1.6603,1.6573,1.6865,1.6691,1.6496,1.6409,1.6587,1.6515,1.6444,1.6436,1.6461,1.6535,1.6444,1.6545,1.6659,1.6953,1.6428,1.6716,1.6657,1.649,1.6801,1.6597,1.6585,1.6608,1.659,1.6552,1.649,1.6533,1.6582,1.6575,1.6573,1.6416,1.6775,1.6518,1.7029,1.6693,1.6382,1.608,1.6286,1.6918,1.6692,1.6591,1.6417,1.6569,1.6569,1.6369,1.6236,1.6389,1.6551,1.6536,1.6423,1.6665,1.7116,1.68,1.6603,1.6618,1.6572,1.6703,1.6475,1.6711,1.6922,1.6799,1.6705,1.6683,1.6901,1.6772,1.6847,1.6753,1.6257,1.6292,1.6107,1.6535,1.6621,1.6299,1.6471,1.6523,1.5977,1.6457,1.6422,1.6584,1.6738,1.6889,1.6809,1.6522,1.6614,1.6173,1.6761,1.6591,1.6316,1.5916,1.6103,1.6057,1.6351,1.6352,1.6241,1.634,1.6473,1.6706,1.652,1.6759,1.6441,1.637,1.6441,1.6594,1.6701,1.6405,1.621,1.6049,1.5777,1.5995,1.6266,1.6321,1.6297,1.6471,1.6457,1.6753,1.6492,1.6452,1.6507,1.6533,1.6518,1.655,1.6364,1.6921,1.6815,1.6473,1.6455,1.6712,1.6875,1.6605,1.6665,1.634,1.6264,1.6217,1.652,1.6549,1.6749,1.672,1.6336,1.6089,1.6512,1.6351,1.6653,1.6549,1.6469,1.6335,1.6678,1.6578,1.6723,1.646,1.6426,1.6403,1.6138,1.6196,1.6259,1.6389,1.6546,1.6434,1.6383,1.6539,1.6405,1.6454,1.6452,1.6638,1.6388,1.6198,1.6249,1.6479,1.6585,1.6492,1.6067,1.6289,1.6277,1.6821,1.686,1.6687,1.6686,1.7084,1.6886,1.6463,1.6163,1.6515,1.659,1.6642,1.6775,1.6451,1.6958,1.6792,1.6701,1.6278,1.6433,1.7003,1.7005,1.6838,1.6513,1.6382,1.6411,1.6676,1.683,1.6521,1.6472,1.6699,1.6537,1.6628,1.6505,1.6607,1.634,1.6816,1.6713,1.6617,1.6194,1.6311,1.6669,1.6556,1.6392,1
AD_18,36,36,1.6224,1.612,1.6084,1.6452,1.681,1.6839,1.646,1.6422,1.6627,1.6928,1.689,1.6512,1.6967,1.6906,1.6694,1.6525,1.6675,1.6836,1.6479,1.6515,1.666,1.6551,1.6549,1.6419,1.663,1.6676,1.6569,1.6617,1.6096,1.662,1.6736,1.6625,1.6599,1.6506,1.6981,1.6877,1.7018,1.665,1.6861,1.6619,1.6629,1.6574,1.6456,1.6535,1.6499,1.6377,1.6875,1.7143,1.6862,1.6037,1.6649,1.6884,1.6769,1.6587,1.6491,1.6926,1.6952,1.693,1.6753,1.678,1.7034,1.7016,1.7038,1.6746,1.6759,1.6747,1.6406,1.7012,1.7063,1.691,1.6859,1.6574,1.6625,1.701,1.6609,1.6561,1.6854,1.6902,1.6827,1.6873,1.6797,1.6927,1.696,1.6883,1.6626,1.6784,1.6742,1.6704,1.6907,1.6849,1.6706,1.6611,1.675,1.7051,1.658,1.6953,1.6861,1.7033,1.7015,1.6942,1.6913,1.6896,1.6954,1.6943,1.6899,1.627,1.6442,1.6542,1.6595,1.669,1.6923,1.6998,1.6831,1.6928,1.7065,1.6992,1.6917,1.6722,1.7023,1.7036,1.6748,1.6909,1.7023,1.698,1.6785,1.6823,1.6783,1.6737,1.6748,1.67,1.6926,1.7083,1.6754,1.6678,1.6862,1.6924,1.6944,1.6635,1.6793,1.6893,1.6706,1.6705,1.6869,1.6885,1.6957,1.6902,1.6868,1.6484,1.6453,1.6303,1.6627,1.6883,1.6907,1.6708,1.6097,1.694,1.6852,1.6949,1.699,1.6805,1.6924,1.6676,1.6911,1.6926,1.689,1.6693,1.6658,1.6652,1.6564,1.6595,1.6584,1.6574,1.7019,1.7161,1.6944,1.6704,1.6913,1.6819,1.6917,1.6752,1.6764,1.6996,1.6881,1.6923,1.6987,1.6823,1.6906,1.6883,1.6788,1.6435,1.6437,1.6465,1.6547,1.7067,1.7168,1.6988,1.6553,1.659,1.6827,1.7084,1.7029,1.6602,1.7101,1.6904,1.6857,1.6908,1.6948,1.7086,1.6986,1.6991,1.687,1.6893,1.6919,1.6604,1.6824,1.6791,1.6988,1.6935,1.6832,1.6783,1.6857,1.687,1.6865,1.7142,1.6983,1.6955,1.6774,1.6896,1.7038,1.7053,1.6945,1
AD_19,37,37,1.6486,1.6339,1.6377,1.5939,1.6626,1.6356,1.6211,1.6416,1.6136,1.6525,1.6225,1.6464,1.6701,1.6353,1.6689,1.6537,1.6715,1.6525,1.6323,1.6335,1.6228,1.6203,1.6169,1.6126,1.6318,1.6307,1.6365,1.6304,1.6364,1.6632,1.6329,1.6322,1.6496,1.6704,1.6277,1.6576,1.6561,1.6519,1.6681,1.6143,1.6069,1.6156,1.6587,1.6487,1.6373,1.6277,1.6461,1.6468,1.648,1.6505,1.6614,1.6586,1.6497,1.6372,1.6686,1.6512,1.6665,1.6683,1.6531,1.6652,1.6364,1.6151,1.6363,1.6164,1.6213,1.6325,1.5764,1.6131,1.6295,1.6448,1.661,1.6014,1.6615,1.6459,1.627,1.6557,1.6173,1.643,1.652,1.6231,1.6484,1.6214,1.6144,1.6209,1.6475,1.611,1.6055,1.6297,1.6648,1.6543,1.647,1.624,1.6513,1.6541,1.6532,1.6654,1.6411,1.6661,1.6388,1.6138,1.6375,1.6711,1.6335,1.6137,1.6161,1.6509,1.636,1.6401,1.6653,1.6506,1.6397,1.6475,1.6636,1.6568,1.6471,1.6473,1.6155,1.667,1.6277,1.6569,1.6672,1.6488,1.656,1.6468,1.6376,1.6346,1.6594,1.6217,1.6021,1.6364,1.6492,1.6337,1.6225,1.6205,1.5905,1.6497,1.6388,1.6147,1.6405,1.6281,1.6831,1.6591,1.6401,1.6518,1.6062,1.6079,1.6262,1.6459,1.6504,1.6415,1.6256,1.6524,1.6562,1.6425,1.6449,1.6406,1.6607,1.656,1.6439,1.6735,1.6301,1.6714,1.6681,1.6395,1.6531,1.628,1.6335,1.6466,1.6369,1.6258,1.6407,1.6032,1.6417,1.628,1.6386,1.6215,1.6219,1.6531,1.6143,1.645,1.6587,1.637,1.6579,1.6467,1.6656,1.6579,1.6183,1.604,1.6109,1.6416,1.6184,1.6154,1.6366,1.6323,1.6165,1.621,1.6409,1.6396,1.646,1.6139,1.6383,1.6482,1.6198,1.6379,1.6552,1.6939,1.6481,1.6148,1.6066,1.6257,1.6513,1.6425,1.6358,1.6628,1.6628,1.6397,1.6399,1.6548,1.646,1.6637,1.6273,1.6129,1.6525,1.6318,1.6585,1.6695,1.669,1.6753,1.6213,1.6214,1.6387,1
AD_20,38,38,1.6376,1.6063,1.6225,1.655,1.6117,1.6154,1.6195,1.6276,1.6209,1.6375,1.6185,1.6168,1.6453,1.6294,1.6226,1.6351,1.6216,1.6154,1.596,1.6183,1.6202,1.6359,1.6679,1.675,1.6285,1.6384,1.6587,1.6586,1.6413,1.6614,1.6407,1.6536,1.6488,1.6481,1.6441,1.6517,1.616,1.6432,1.6419,1.6293,1.6453,1.631,1.6433,1.6489,1.6386,1.6474,1.6497,1.6593,1.6733,1.6509,1.6671,1.6463,1.6405,1.6364,1.6511,1.6601,1.6283,1.6352,1.6427,1.6424,1.634,1.6401,1.6495,1.6482,1.657,1.6618,1.6351,1.6699,1.6672,1.6641,1.6495,1.6565,1.6631,1.6936,1.6569,1.6682,1.642,1.6713,1.6604,1.6243,1.6531,1.6591,1.6839,1.6537,1.6465,1.6753,1.6571,1.6495,1.6538,1.6712,1.6534,1.636,1.6685,1.6507,1.6601,1.6566,1.6455,1.6282,1.6322,1.6557,1.6518,1.618,1.6683,1.6282,1.6314,1.6569,1.655,1.6262,1.6637,1.6563,1.6865,1.642,1.6102,1.6234,1.6368,1.6778,1.6695,1.653,1.6444,1.6606,1.6246,1.6424,1.671,1.661,1.6674,1.6657,1.616,1.6318,1.6304,1.6402,1.6442,1.6252,1.6183,1.6296,1.6291,1.6407,1.6305,1.6292,1.6374,1.6202,1.6312,1.6159,1.6479,1.6295,1.6352,1.6305,1.6106,1.6457,1.6478,1.6562,1.6662,1.6886,1.6567,1.6502,1.6336,1.6406,1.6484,1.6524,1.618,1.6359,1.6402,1.6345,1.6288,1.6588,1.6734,1.6448,1.6475,1.6561,1.6475,1.643,1.6619,1.6631,1.6619,1.6759,1.676,1.6392,1.6325,1.6371,1.6612,1.6631,1.6438,1.6758,1.6637,1.6342,1.6531,1.65,1.6372,1.6439,1.6342,1.6512,1.6534,1.6533,1.6203,1.6879,1.6868,1.6674,1.64,1.6178,1.6773,1.6959,1.6571,1.6788,1.6628,1.6167,1.6382,1.6371,1.6694,1.7003,1.6674,1.6631,1.6486,1.651,1.6259,1.6218,1.6603,1.6567,1.6213,1.5903,1.6335,1.6622,1.658,1.6637,1.6515,1.6774,1.6225,1.6494,1.6708,1.6552,1.6338,1.6275,1.6546,1
AD_21,39,39,1.6515,1.6509,1.6543,1.6473,1.6576,1.6678,1.6808,1.6766,1.6037,1.6789,1.6521,1.6561,1.6738,1.6285,1.6871,1.6962,1.6704,1.658,1.664,1.6675,1.6703,1.6291,1.634,1.6223,1.6707,1.6614,1.6647,1.6749,1.6463,1.6623,1.6619,1.6964,1.6323,1.5956,1.6748,1.675,1.6917,1.6743,1.6679,1.6791,1.6697,1.6733,1.6428,1.661,1.6596,1.6596,1.6825,1.6943,1.697,1.6632,1.6583,1.6684,1.6972,1.6512,1.6497,1.671,1.7004,1.7006,1.6826,1.6754,1.6652,1.6627,1.6618,1.6388,1.6421,1.6353,1.6814,1.6679,1.689,1.6573,1.6396,1.6488,1.6733,1.6637,1.636,1.6866,1.6573,1.6923,1.6459,1.6783,1.7059,1.665,1.7002,1.7009,1.6602,1.6593,1.6618,1.6639,1.6772,1.6739,1.6807,1.6783,1.6535,1.6705,1.6824,1.6532,1.6596,1.638,1.6819,1.6946,1.6927,1.643,1.6768,1.6736,1.6738,1.6467,1.6677,1.6646,1.6679,1.6812,1.6997,1.6828,1.6829,1.6956,1.6735,1.6768,1.6824,1.6746,1.681,1.7199,1.7252,1.687,1.6786,1.7051,1.6812,1.6824,1.6401,1.6535,1.6553,1.6425,1.6594,1.6519,1.6666,1.6811,1.691,1.6618,1.6787,1.6803,1.639,1.6699,1.689,1.7035,1.7006,1.6568,1.6794,1.6488,1.6499,1.6839,1.6802,1.6729,1.665,1.6997,1.6994,1.6583,1.6484,1.6533,1.6648,1.6644,1.6642,1.6573,1.6558,1.6637,1.6875,1.6966,1.6569,1.6515,1.6643,1.6627,1.616,1.6145,1.61,1.6299,1.6507,1.6645,1.6442,1.652,1.6263,1.6651,1.6636,1.6401,1.6756,1.6458,1.6715,1.6868,1.6664,1.669,1.6506,1.6548,1.6568,1.6541,1.6617,1.6582,1.6385,1.6712,1.6957,1.672,1.6566,1.6486,1.6562,1.6962,1.6521,1.6661,1.6503,1.6898,1.7042,1.6656,1.6828,1.6721,1.6745,1.6713,1.6272,1.6223,1.6179,1.6598,1.6445,1.6607,1.6825,1.6676,1.6603,1.6819,1.6734,1.6615,1.6433,1.6259,1.6829,1.678,1.6748,1.6539,1.6631,1.6704,1.6687,1
AD_22,40,40,1.6655,1.6895,1.6851,1.6763,1.6826,1.6948,1.6987,1.6721,1.7111,1.6876,1.6987,1.7003,1.6768,1.7084,1.6993,1.7084,1.6997,1.6795,1.6953,1.6834,1.6877,1.6933,1.7057,1.6996,1.7041,1.7076,1.7169,1.7093,1.7153,1.7004,1.721,1.7075,1.7045,1.7134,1.7124,1.7278,1.7238,1.7135,1.7203,1.69,1.6955,1.7063,1.671,1.6699,1.6734,1.6882,1.6967,1.679,1.6731,1.6815,1.6955,1.7051,1.6858,1.6965,1.6918,1.6928,1.7053,1.7123,1.6885,1.6964,1.6811,1.6563,1.678,1.6728,1.6911,1.6924,1.6952,1.6981,1.708,1.6933,1.6841,1.69,1.6877,1.6955,1.6913,1.6988,1.6953,1.704,1.7058,1.6985,1.6934,1.711,1.7044,1.7012,1.6921,1.6968,1.6963,1.7006,1.7008,1.7083,1.7111,1.708,1.7115,1.7159,1.7122,1.7183,1.7326,1.7265,1.7251,1.7153,1.7056,1.697,1.7215,1.7079,1.7082,1.6609,1.6739,1.6683,1.679,1.6938,1.6923,1.6683,1.6699,1.6637,1.7023,1.7105,1.6772,1.6737,1.688,1.7034,1.7026,1.699,1.6941,1.678,1.6807,1.6904,1.6818,1.6899,1.7079,1.7075,1.6896,1.7139,1.7201,1.7239,1.7219,1.7192,1.704,1.7074,1.7149,1.7008,1.7069,1.6926,1.689,1.716,1.7097,1.6914,1.7092,1.6898,1.6835,1.6745,1.7079,1.6904,1.7038,1.7035,1.6694,1.719,1.6943,1.7128,1.7151,1.6727,1.7169,1.7097,1.7079,1.7114,1.6974,1.6947,1.6921,1.6964,1.6883,1.6907,1.6897,1.6834,1.6738,1.6871,1.6996,1.6947,1.6859,1.6737,1.7029,1.6977,1.6473,1.7084,1.705,1.7141,1.6834,1.6458,1.6888,1.6974,1.7075,1.6845,1.6876,1.6947,1.7076,1.6874,1.711,1.701,1.6753,1.6903,1.6888,1.7061,1.6883,1.6952,1.7056,1.7166,1.7194,1.6886,1.7059,1.7113,1.6981,1.6922,1.6821,1.6733,1.6607,1.7047,1.6927,1.6827,1.6806,1.678,1.7178,1.6994,1.6744,1.6993,1.6891,1.6991,1.6992,1.6826,1.688,1.6989,1.691,1.687,1.6788,1
AD_23,41,41,1.6134,1.61,1.5915,1.6942,1.6349,1.6421,1.6507,1.6554,1.6214,1.6405,1.676,1.6467,1.6367,1.6526,1.6783,1.6854,1.6599,1.6618,1.6269,1.605,1.6582,1.6516,1.65,1.6456,1.6538,1.6868,1.7056,1.7125,1.6653,1.6255,1.6875,1.6944,1.6446,1.6534,1.6955,1.7042,1.6743,1.7181,1.7344,1.697,1.6938,1.7172,1.6349,1.6278,1.6294,1.6627,1.6652,1.6465,1.6551,1.6618,1.6527,1.6735,1.6521,1.6661,1.6463,1.652,1.6843,1.652,1.6853,1.6783,1.6434,1.6506,1.6907,1.6464,1.6363,1.6228,1.6766,1.6582,1.6372,1.6406,1.6791,1.6595,1.6502,1.657,1.6566,1.6315,1.659,1.6629,1.6776,1.6673,1.666,1.6513,1.6714,1.6669,1.6291,1.6204,1.6058,1.6499,1.6894,1.6746,1.6237,1.646,1.6339,1.6769,1.6708,1.6482,1.6681,1.6483,1.6361,1.6599,1.6808,1.6969,1.6641,1.6642,1.679,1.6418,1.647,1.6472,1.6232,1.6762,1.6893,1.6763,1.6531,1.6315,1.6922,1.6723,1.6645,1.6634,1.668,1.6805,1.6986,1.6955,1.6976,1.6584,1.6701,1.6889,1.6446,1.649,1.6473,1.6551,1.6609,1.6489,1.653,1.671,1.6371,1.6522,1.6793,1.6635,1.6878,1.6549,1.6755,1.6747,1.6713,1.6808,1.6446,1.6457,1.6788,1.6663,1.6601,1.6372,1.6627,1.6877,1.6552,1.6349,1.6501,1.6422,1.6604,1.6546,1.6474,1.6801,1.6673,1.6842,1.6837,1.6756,1.6988,1.6375,1.6231,1.6681,1.6285,1.6317,1.6325,1.6367,1.6295,1.6359,1.6543,1.6421,1.6415,1.6655,1.6824,1.6676,1.6632,1.6614,1.6461,1.6306,1.6385,1.6632,1.6537,1.6424,1.6421,1.6189,1.6236,1.6246,1.6495,1.654,1.6517,1.6717,1.6376,1.6654,1.6751,1.6514,1.6115,1.6381,1.6498,1.6821,1.6375,1.6696,1.6808,1.6466,1.6459,1.6667,1.6386,1.6383,1.6401,1.6365,1.619,1.6223,1.6672,1.6615,1.687,1.6196,1.6494,1.6554,1.6313,1.6721,1.6761,1.6639,1.6326,1.6421,1.6388,1.614,1.6298,1
AD_24,42,42,1.6369,1.6443,1.6469,1.6459,1.6425,1.6381,1.6542,1.653,1.6454,1.6494,1.6455,1.6688,1.6358,1.6551,1.6542,1.6631,1.6922,1.6478,1.644,1.6476,1.6694,1.655,1.6581,1.6553,1.6525,1.6472,1.6606,1.6645,1.6672,1.6643,1.6798,1.6742,1.6686,1.6639,1.6794,1.6702,1.6538,1.6753,1.6766,1.6911,1.6692,1.6779,1.684,1.6771,1.6377,1.6839,1.688,1.6757,1.6628,1.6312,1.6275,1.6492,1.6679,1.6494,1.6427,1.655,1.6652,1.6844,1.7224,1.6906,1.6736,1.6834,1.6956,1.6556,1.6473,1.6437,1.6387,1.6538,1.6415,1.6368,1.6405,1.6281,1.6949,1.6803,1.655,1.6384,1.6461,1.6592,1.6771,1.6541,1.6428,1.6347,1.6615,1.6528,1.6457,1.639,1.6656,1.6742,1.6915,1.6623,1.6771,1.6503,1.6557,1.6678,1.6754,1.6558,1.6628,1.6677,1.6854,1.676,1.7054,1.6702,1.656,1.6633,1.6825,1.6375,1.6349,1.6381,1.6296,1.6646,1.6527,1.6644,1.6373,1.6234,1.6761,1.6367,1.6178,1.6613,1.6377,1.67,1.6763,1.6638,1.6615,1.6417,1.6649,1.6518,1.6466,1.6538,1.6619,1.6461,1.6697,1.6763,1.6756,1.6654,1.633,1.6556,1.6725,1.651,1.6894,1.6626,1.67,1.6903,1.691,1.6872,1.6677,1.6783,1.6954,1.6186,1.6201,1.6098,1.6441,1.6472,1.6365,1.6564,1.6172,1.6478,1.6592,1.6647,1.6793,1.6305,1.6543,1.6544,1.644,1.6592,1.654,1.6244,1.6407,1.6382,1.6664,1.6557,1.6426,1.663,1.6814,1.6799,1.6721,1.6548,1.6464,1.6806,1.6593,1.6583,1.6377,1.6852,1.6563,1.6534,1.6941,1.6829,1.6834,1.6952,1.7045,1.6538,1.6694,1.6525,1.6514,1.6966,1.6873,1.6698,1.6945,1.6595,1.6911,1.6817,1.6841,1.6875,1.6796,1.6769,1.6883,1.7021,1.688,1.69,1.7023,1.6951,1.6784,1.6724,1.6657,1.668,1.6886,1.661,1.6505,1.6455,1.6428,1.6625,1.6844,1.6536,1.6538,1.6568,1.6592,1.6875,1.6896,1.691,1.6693,1.6902,1.7047,1
AD_25,43,43,1.6369,1.635,1.6404,1.6662,1.6556,1.6423,1.6418,1.675,1.6537,1.6822,1.676,1.6385,1.6366,1.6328,1.6461,1.651,1.631,1.6358,1.6481,1.6437,1.6529,1.6071,1.6089,1.6112,1.6176,1.6226,1.6313,1.6311,1.5974,1.6586,1.6256,1.6616,1.6327,1.6098,1.6537,1.6397,1.6433,1.6304,1.6238,1.6475,1.6485,1.6352,1.6159,1.628,1.6312,1.5891,1.6235,1.6538,1.6413,1.5957,1.662,1.6394,1.6613,1.6499,1.6122,1.654,1.6481,1.6627,1.6321,1.6339,1.6482,1.6417,1.6369,1.6809,1.6767,1.671,1.6247,1.6793,1.6874,1.6497,1.6285,1.6538,1.6615,1.6719,1.6382,1.6224,1.6587,1.6734,1.6746,1.6705,1.6873,1.6743,1.6807,1.6948,1.5914,1.5952,1.6062,1.6356,1.6257,1.6379,1.6432,1.6249,1.6251,1.6652,1.6887,1.662,1.6008,1.6506,1.6255,1.6443,1.6575,1.6357,1.6573,1.6788,1.672,1.6307,1.6263,1.6261,1.6507,1.6627,1.6445,1.6367,1.6352,1.6371,1.6783,1.6601,1.6713,1.6002,1.6568,1.6598,1.6695,1.6531,1.6378,1.6754,1.6587,1.6558,1.6413,1.6374,1.6413,1.676,1.6714,1.6574,1.6569,1.6239,1.6639,1.652,1.6794,1.6746,1.6146,1.6404,1.6708,1.6824,1.6803,1.6685,1.6736,1.6722,1.6794,1.6263,1.6301,1.6288,1.6846,1.6621,1.6772,1.6843,1.6707,1.6748,1.6608,1.665,1.6807,1.6181,1.6709,1.6618,1.6784,1.6726,1.6723,1.6816,1.665,1.6716,1.6241,1.6205,1.6126,1.6651,1.6684,1.6744,1.6515,1.6614,1.6628,1.6715,1.6736,1.6726,1.6228,1.6769,1.6448,1.6495,1.676,1.6623,1.6631,1.685,1.67,1.5871,1.5914,1.5906,1.606,1.6223,1.6397,1.6257,1.6162,1.6509,1.6385,1.6492,1.6568,1.6185,1.6522,1.6394,1.6643,1.66,1.6587,1.6533,1.6494,1.64,1.663,1.6625,1.6584,1.6565,1.6606,1.6551,1.6676,1.6576,1.6521,1.6715,1.6706,1.6677,1.6497,1.6493,1.6581,1.6727,1.6732,1.6648,1.6516,1.6661,1.674,1
AD_26,44,44,1.6252,1.617,1.6108,1.6276,1.6383,1.6084,1.6296,1.6108,1.629,1.6214,1.6282,1.6472,1.629,1.6393,1.6384,1.6284,1.6351,1.6263,1.6413,1.6225,1.6129,1.6366,1.6118,1.6147,1.6512,1.664,1.6459,1.6488,1.6318,1.6293,1.6375,1.662,1.6472,1.653,1.6492,1.6572,1.638,1.6556,1.6738,1.6517,1.6537,1.6681,1.6591,1.6667,1.6723,1.6535,1.6553,1.6667,1.6577,1.6342,1.638,1.6511,1.6705,1.6431,1.6311,1.6772,1.6823,1.6861,1.6973,1.6696,1.6731,1.6616,1.6756,1.652,1.6353,1.6506,1.6498,1.6336,1.6494,1.6585,1.6576,1.6365,1.6252,1.666,1.6512,1.6339,1.6634,1.6459,1.6379,1.6657,1.6726,1.6643,1.652,1.679,1.6286,1.6103,1.6078,1.6639,1.6585,1.631,1.6148,1.6256,1.6182,1.654,1.6732,1.6507,1.6818,1.6331,1.6745,1.6657,1.6706,1.6636,1.6314,1.6416,1.647,1.6181,1.6325,1.6395,1.6486,1.6373,1.6322,1.6502,1.6415,1.6271,1.6308,1.6651,1.6696,1.6507,1.6478,1.6494,1.6481,1.6377,1.6579,1.6514,1.6373,1.652,1.6619,1.646,1.6257,1.6654,1.7005,1.6711,1.627,1.6176,1.6359,1.659,1.6736,1.654,1.6568,1.6644,1.657,1.6617,1.6768,1.6946,1.6608,1.6776,1.6797,1.6129,1.6017,1.6062,1.6598,1.6664,1.673,1.631,1.6212,1.6441,1.64,1.6689,1.6787,1.6206,1.6591,1.6409,1.645,1.6462,1.6751,1.6617,1.6322,1.6491,1.6174,1.6317,1.6447,1.6854,1.6556,1.6641,1.6612,1.6566,1.6433,1.6597,1.6703,1.6742,1.6437,1.6719,1.6675,1.6693,1.6555,1.6804,1.6683,1.6605,1.6608,1.645,1.6525,1.6588,1.6761,1.6495,1.6569,1.6838,1.6466,1.6609,1.657,1.6859,1.666,1.6406,1.6855,1.6923,1.6633,1.6552,1.6365,1.6808,1.649,1.65,1.6317,1.6224,1.6188,1.6616,1.6593,1.6218,1.627,1.6292,1.6164,1.6311,1.6645,1.669,1.6435,1.6276,1.6232,1.6399,1.6614,1.6758,1.6268,1.6535,1.6593,1
AD_27,45,45,1.6782,1.6873,1.6815,1.7061,1.709,1.6999,1.7048,1.6938,1.6915,1.6951,1.7039,1.6887,1.6931,1.6902,1.6904,1.6627,1.7011,1.7218,1.7064,1.7025,1.707,1.69,1.6931,1.6885,1.6887,1.6935,1.6903,1.6849,1.6863,1.6982,1.6966,1.6913,1.6894,1.6712,1.6986,1.6862,1.6807,1.6939,1.6994,1.691,1.6896,1.7013,1.6616,1.6774,1.6621,1.6733,1.6898,1.6808,1.672,1.6952,1.6907,1.7113,1.7052,1.6963,1.7074,1.7131,1.7162,1.6782,1.6938,1.7161,1.708,1.6967,1.6948,1.6621,1.6719,1.6653,1.6746,1.6852,1.6828,1.6769,1.6731,1.6989,1.7003,1.682,1.676,1.6985,1.6905,1.6944,1.6894,1.7048,1.7084,1.6904,1.6841,1.6895,1.6943,1.6972,1.686,1.6907,1.6975,1.6953,1.7043,1.6928,1.6988,1.6756,1.7019,1.7006,1.6906,1.7066,1.7085,1.7002,1.7059,1.7083,1.7194,1.7129,1.7196,1.679,1.6673,1.6615,1.676,1.6899,1.6904,1.6784,1.6568,1.6963,1.7009,1.7169,1.6974,1.6871,1.6932,1.6856,1.6677,1.7006,1.701,1.6994,1.7005,1.6995,1.6456,1.6342,1.6349,1.6555,1.6603,1.6588,1.6748,1.6733,1.6656,1.6915,1.688,1.6725,1.6969,1.6762,1.693,1.6945,1.6772,1.6989,1.69,1.6779,1.6685,1.6886,1.6753,1.6594,1.6467,1.6826,1.6599,1.6472,1.6846,1.6816,1.6963,1.6746,1.6852,1.7012,1.6955,1.6929,1.6799,1.6853,1.6991,1.6805,1.6808,1.6891,1.642,1.654,1.6663,1.6554,1.6631,1.6855,1.7014,1.6834,1.7063,1.6729,1.7123,1.7052,1.6639,1.7233,1.7067,1.6824,1.6821,1.6788,1.7008,1.6856,1.686,1.6764,1.6624,1.6418,1.6885,1.6728,1.6627,1.6553,1.6568,1.6967,1.686,1.6928,1.6866,1.6918,1.6879,1.6968,1.6694,1.6771,1.6937,1.6815,1.6673,1.6729,1.6705,1.6697,1.6554,1.6548,1.6797,1.663,1.6815,1.6902,1.6634,1.6757,1.6758,1.6925,1.6801,1.7059,1.7082,1.6853,1.6841,1.6828,1.6984,1.6956,1.6954,1
AD_28,46,46,1.6007,1.5871,1.5927,1.62,1.64,1.6565,1.6266,1.6039,1.6458,1.6587,1.6726,1.6253,1.6469,1.6668,1.614,1.6345,1.6292,1.625,1.6529,1.6453,1.6311,1.641,1.6318,1.6131,1.6315,1.6502,1.6447,1.6191,1.6186,1.667,1.6758,1.6417,1.6391,1.6388,1.6659,1.6472,1.6692,1.6452,1.6676,1.6479,1.6388,1.6478,1.6659,1.6677,1.6658,1.6057,1.635,1.6725,1.648,1.6578,1.6467,1.6756,1.6821,1.6443,1.6491,1.6759,1.6615,1.6601,1.6815,1.6633,1.6764,1.6644,1.6738,1.6578,1.6597,1.66,1.6509,1.6857,1.6773,1.6722,1.6497,1.6959,1.6307,1.6716,1.6492,1.6702,1.6681,1.6688,1.6571,1.6807,1.7019,1.6687,1.6707,1.6753,1.6433,1.6422,1.636,1.6269,1.6611,1.6755,1.6767,1.6863,1.6786,1.6792,1.6556,1.6847,1.6975,1.6555,1.6341,1.6607,1.6658,1.6653,1.6495,1.6653,1.661,1.6492,1.6463,1.6404,1.6232,1.6675,1.6708,1.6503,1.6504,1.6516,1.6309,1.6727,1.6851,1.6368,1.6831,1.6251,1.6705,1.654,1.6623,1.6733,1.6687,1.6604,1.6705,1.6729,1.6729,1.66,1.6862,1.6631,1.6507,1.6368,1.6725,1.6736,1.6563,1.6592,1.6625,1.6788,1.702,1.6713,1.6552,1.6486,1.6629,1.6568,1.6425,1.6225,1.6252,1.6294,1.6402,1.6704,1.6891,1.6575,1.6538,1.6902,1.6511,1.6503,1.6453,1.6593,1.6665,1.6581,1.6608,1.6723,1.6675,1.6557,1.6719,1.6676,1.6233,1.6156,1.6125,1.6486,1.677,1.6738,1.6633,1.6347,1.6631,1.6568,1.677,1.694,1.672,1.6829,1.6531,1.6551,1.6634,1.6614,1.6861,1.6795,1.6647,1.6378,1.6353,1.6287,1.6318,1.6645,1.6415,1.6277,1.6804,1.651,1.6835,1.6662,1.6788,1.6658,1.6654,1.6434,1.6584,1.6749,1.6938,1.6587,1.6499,1.6684,1.6671,1.6677,1.6671,1.6561,1.6603,1.6616,1.6841,1.6647,1.6705,1.669,1.6808,1.6643,1.6667,1.7019,1.6715,1.6524,1.6603,1.6866,1.6877,1.6763,1.6653,1
AD_29,47,47,1.5985,1.5902,1.587,1.6501,1.6648,1.6662,1.6545,1.6662,1.679,1.6512,1.6443,1.65,1.6451,1.6749,1.667,1.6467,1.6668,1.6693,1.6564,1.6347,1.6538,1.5979,1.5901,1.5836,1.6641,1.6422,1.6333,1.6542,1.6547,1.6651,1.683,1.6406,1.6896,1.6448,1.6737,1.6679,1.65,1.6928,1.6671,1.6467,1.6583,1.6532,1.6284,1.6171,1.5816,1.6843,1.6635,1.651,1.6379,1.6327,1.6741,1.6556,1.655,1.659,1.648,1.643,1.6531,1.6559,1.6861,1.6727,1.6625,1.663,1.6611,1.6242,1.6165,1.6142,1.6814,1.6286,1.632,1.6505,1.6441,1.6984,1.6583,1.6382,1.6617,1.6513,1.6554,1.6529,1.6704,1.6718,1.6633,1.6291,1.6232,1.6387,1.6246,1.6105,1.602,1.6472,1.6597,1.6577,1.6485,1.6569,1.6941,1.6878,1.6986,1.6686,1.6925,1.686,1.6413,1.6476,1.6544,1.6643,1.6479,1.6529,1.6425,1.6172,1.5976,1.5803,1.6525,1.6569,1.6729,1.6446,1.651,1.6852,1.6545,1.6843,1.6529,1.6565,1.6836,1.6478,1.6437,1.6529,1.6541,1.6585,1.6417,1.6477,1.6201,1.5933,1.5716,1.6755,1.6786,1.658,1.635,1.6625,1.6295,1.6358,1.6262,1.6578,1.6506,1.6574,1.6641,1.6824,1.6721,1.6679,1.6489,1.6469,1.6535,1.6051,1.6003,1.6014,1.6496,1.6473,1.6412,1.6534,1.6723,1.6687,1.6542,1.6649,1.6665,1.6797,1.6563,1.6671,1.6627,1.6603,1.6454,1.6203,1.6217,1.6306,1.6171,1.5971,1.58,1.6428,1.6577,1.6421,1.6358,1.6261,1.6511,1.6459,1.6458,1.6298,1.6595,1.6317,1.6263,1.6415,1.6609,1.6592,1.6322,1.6323,1.6516,1.6267,1.6151,1.6117,1.665,1.6471,1.66,1.6566,1.6316,1.6797,1.6548,1.6527,1.6621,1.6527,1.6747,1.6898,1.677,1.6599,1.6525,1.6557,1.6384,1.644,1.6098,1.6254,1.6228,1.67,1.6682,1.6699,1.681,1.6709,1.6843,1.6407,1.6426,1.6531,1.6674,1.6736,1.6526,1.6401,1.682,1.6756,1.6526,1.6528,1.679,1
AD_30,48,48,1.5947,1.5894,1.5959,1.6142,1.6363,1.6404,1.6457,1.6478,1.6488,1.6652,1.6421,1.6426,1.6551,1.6539,1.6681,1.6371,1.628,1.636,1.6327,1.6165,1.6219,1.5739,1.579,1.555,1.6332,1.6524,1.6514,1.6466,1.6288,1.6645,1.6576,1.6348,1.6539,1.6565,1.634,1.633,1.6202,1.6679,1.6606,1.6593,1.6614,1.6666,1.5468,1.553,1.5532,1.6607,1.6231,1.6607,1.6406,1.6463,1.6434,1.6484,1.6611,1.6581,1.6413,1.6475,1.6296,1.6681,1.6828,1.6575,1.6226,1.6391,1.6366,1.5885,1.593,1.5755,1.6309,1.6582,1.659,1.6699,1.6536,1.638,1.6701,1.6338,1.6399,1.645,1.677,1.6748,1.6504,1.6503,1.6438,1.6623,1.6467,1.633,1.5572,1.5573,1.5557,1.5701,1.6016,1.6182,1.6416,1.6373,1.6629,1.6457,1.6428,1.6574,1.6172,1.6276,1.6534,1.6356,1.6168,1.6139,1.6249,1.6224,1.6466,1.571,1.5729,1.5673,1.6665,1.6514,1.6542,1.6245,1.6372,1.6646,1.6429,1.6492,1.6511,1.6499,1.6659,1.6767,1.6599,1.6622,1.6627,1.6466,1.6349,1.6191,1.6178,1.6183,1.6257,1.6371,1.6259,1.6433,1.6407,1.6595,1.651,1.6534,1.6506,1.6516,1.667,1.6502,1.6839,1.6659,1.6438,1.6741,1.6629,1.6523,1.6418,1.5577,1.5455,1.5315,1.6592,1.6208,1.6082,1.6405,1.6527,1.6592,1.6388,1.6566,1.6601,1.6539,1.6548,1.6587,1.6562,1.6464,1.623,1.6504,1.6279,1.619,1.6107,1.5902,1.5858,1.632,1.6648,1.672,1.6788,1.6799,1.6213,1.6751,1.6487,1.6284,1.6552,1.6363,1.6783,1.6702,1.6686,1.6534,1.6659,1.6457,1.6561,1.5914,1.5858,1.5808,1.6425,1.6504,1.6437,1.6342,1.6197,1.6506,1.6847,1.6595,1.6486,1.6566,1.6547,1.6649,1.6717,1.649,1.6792,1.6495,1.628,1.6092,1.6001,1.6063,1.5859,1.6515,1.6666,1.6593,1.647,1.6431,1.6396,1.6498,1.6591,1.6848,1.6048,1.6718,1.6654,1.6524,1.682,1.6542,1.6547,1.6371,1.6325,1
AD_31,49,49,1.6398,1.6346,1.6377,1.6402,1.6376,1.6389,1.6581,1.6204,1.6491,1.6546,1.6398,1.6197,1.6614,1.6521,1.6796,1.6732,1.64,1.6334,1.6516,1.6595,1.6397,1.6257,1.6315,1.6315,1.6611,1.6588,1.6451,1.6315,1.6146,1.6408,1.6393,1.6319,1.6198,1.6275,1.6251,1.6409,1.6507,1.6415,1.6376,1.6354,1.636,1.63,1.6403,1.6473,1.6409,1.635,1.6456,1.6638,1.6696,1.6239,1.6437,1.638,1.6284,1.6601,1.6464,1.668,1.6671,1.6692,1.6416,1.6434,1.6682,1.6534,1.6566,1.6308,1.6238,1.6299,1.663,1.6324,1.6268,1.6315,1.6375,1.6414,1.6352,1.669,1.6445,1.6357,1.6386,1.6702,1.6922,1.6609,1.6304,1.6581,1.6682,1.6509,1.6458,1.624,1.6215,1.6781,1.6565,1.6397,1.6388,1.618,1.6387,1.6697,1.6673,1.652,1.6745,1.6249,1.6543,1.663,1.6437,1.6616,1.6527,1.6534,1.6655,1.6519,1.6512,1.6494,1.6715,1.6622,1.6724,1.6631,1.6424,1.6607,1.6622,1.6377,1.6612,1.659,1.6557,1.671,1.6793,1.6847,1.6643,1.6469,1.656,1.6515,1.6657,1.6688,1.6715,1.67,1.6652,1.6674,1.6777,1.6684,1.683,1.6753,1.6594,1.6526,1.6506,1.6866,1.6762,1.6702,1.6728,1.676,1.6563,1.6612,1.6663,1.6555,1.646,1.6503,1.6616,1.6505,1.6411,1.6435,1.6519,1.6655,1.6642,1.6537,1.6675,1.6685,1.6647,1.6678,1.6311,1.6669,1.6611,1.6551,1.6465,1.6487,1.6419,1.6271,1.6359,1.6702,1.635,1.6342,1.6521,1.6379,1.6355,1.6523,1.6395,1.665,1.646,1.6423,1.676,1.6931,1.6587,1.6537,1.6562,1.6539,1.639,1.6288,1.6288,1.6342,1.6575,1.6168,1.611,1.638,1.6618,1.67,1.67,1.6349,1.6553,1.6579,1.6506,1.6499,1.6554,1.6482,1.6315,1.6316,1.6279,1.6476,1.6214,1.6222,1.6182,1.6796,1.6619,1.6436,1.6277,1.6207,1.6647,1.647,1.6498,1.6468,1.6668,1.6286,1.6618,1.6742,1.6596,1.6483,1.645,1.6482,1.6554,1
AD_32,50,50,1.6735,1.6677,1.6416,1.6141,1.6757,1.6842,1.6304,1.6201,1.6708,1.6583,1.6655,1.6708,1.6793,1.6739,1.6857,1.6774,1.6896,1.6847,1.6677,1.6707,1.6877,1.6846,1.6939,1.6886,1.6635,1.712,1.7208,1.7028,1.6605,1.7039,1.7015,1.7153,1.6897,1.692,1.7231,1.7111,1.6897,1.7009,1.7207,1.7055,1.7102,1.711,1.6502,1.663,1.6438,1.6058,1.6654,1.6802,1.6493,1.6153,1.6665,1.6752,1.6866,1.6797,1.68,1.6916,1.6858,1.671,1.6823,1.6963,1.6732,1.6844,1.6866,1.6616,1.6708,1.6564,1.6558,1.6771,1.6864,1.6691,1.6383,1.6681,1.6725,1.6746,1.6741,1.6505,1.6969,1.6726,1.652,1.6822,1.6957,1.6885,1.6946,1.6865,1.6593,1.6778,1.6899,1.6493,1.6861,1.7067,1.6962,1.676,1.6848,1.6858,1.699,1.6558,1.6736,1.6937,1.6862,1.6708,1.6828,1.6853,1.6909,1.6931,1.6884,1.6739,1.6707,1.651,1.6463,1.6735,1.6562,1.6585,1.6464,1.6716,1.6883,1.6719,1.6738,1.6701,1.6766,1.675,1.6744,1.6767,1.6863,1.6925,1.6931,1.6981,1.6334,1.6413,1.642,1.6515,1.6637,1.6693,1.6677,1.6626,1.6466,1.6812,1.674,1.6413,1.6727,1.6914,1.7014,1.6825,1.679,1.6914,1.6896,1.6852,1.6883,1.6267,1.6375,1.6248,1.6351,1.6787,1.6853,1.6421,1.639,1.6634,1.676,1.6844,1.6718,1.6833,1.6616,1.6727,1.6833,1.6846,1.6746,1.6476,1.6557,1.6751,1.6613,1.6585,1.6577,1.6709,1.691,1.7076,1.6921,1.6782,1.6977,1.6895,1.7012,1.6797,1.692,1.7021,1.6906,1.6734,1.6785,1.6843,1.6924,1.6861,1.685,1.6758,1.674,1.6675,1.6782,1.6989,1.7073,1.6888,1.6582,1.6968,1.6896,1.7006,1.6911,1.6743,1.7049,1.6968,1.7005,1.6847,1.6978,1.6905,1.6832,1.6903,1.6755,1.6692,1.6569,1.6305,1.7026,1.6878,1.657,1.6422,1.6736,1.702,1.6984,1.6797,1.6776,1.6953,1.6786,1.6753,1.6986,1.692,1.6873,1.6941,1.6858,1
